{
  "camera_data": {
    "location_worldframe": [
      -15.674148717155004, 
      0.545696762820172, 
      88.20161737681725
    ], 
    "quaternion_xyzw_worldframe": [
      0.8931718872764065, 
      0.021784876713659276, 
      0.02009864650861522, 
      -0.4487391298794993
    ]
  }, 
  "objects": [
    {
      "bounding_box": {
        "bottom_right": [
          450, 
          402
        ], 
        "top_left": [
          294, 
          270
        ]
      }, 
      "class": "003_cracker_box", 
      "cuboid": [
        [
          -13.278411655440037, 
          25.49451092360314, 
          80.03263668632479
        ], 
        [
          -27.03786191780345, 
          20.388800140023104, 
          72.70547068853696
        ], 
        [
          -26.505776169354288, 
          2.4269191187066856, 
          84.22246951977618
        ], 
        [
          -12.746325906990874, 
          7.532629902286725, 
          91.54963551756403
        ], 
        [
          -17.183314053061636, 
          28.664352974519723, 
          85.15672062125724
        ], 
        [
          -30.942764315425052, 
          23.558642190939683, 
          77.8295546234694
        ], 
        [
          -30.41067856697589, 
          5.596761169623267, 
          89.34655345470863
        ], 
        [
          -16.651228304612474, 
          10.702471953203304, 
          96.67371945249646
        ]
      ], 
      "cuboid_centroid": [
        -21.844545111207964, 
        15.545636046613204, 
        84.68959507051672
      ], 
      "location": [
        -21.844545111207964, 
        15.545636046613204, 
        84.68959507051672
      ], 
      "pose_transform_permuted": [
        [
          0.5438582856519587, 
          -0.4414821903484708, 
          -0.7136607322340421, 
          0.0
        ], 
        [
          0.8388067059231442, 
          0.31125549074337955, 
          0.4466803438483292, 
          0.0
        ], 
        [
          -0.024929404848017978, 
          0.8415542139917157, 
          -0.5395970994053887, 
          0.0
        ], 
        [
          -21.844545111207964, 
          15.545636046613204, 
          84.68959507051672, 
          1.0
        ]
      ], 
      "projected_cuboid": [
        [
          392.375317857487, 
          443.17625425079206
        ], 
        [
          281.6122657474946, 
          422.84538532896096
        ], 
        [
          312.3565710532382, 
          288.65444989566396
        ], 
        [
          406.7249476227785, 
          317.1676415703112
        ], 
        [
          373.08457664013815, 
          452.8056724515495
        ], 
        [
          267.79775672552427, 
          434.719881576098
        ], 
        [
          298.5595812672299, 
          306.6942321641215
        ], 
        [
          388.9717777075706, 
          332.3288290333274
        ]
      ], 
      "projected_cuboid_centroid": [
        342.8880537067084, 
        371.1827686766791
      ], 
      "quaternion_xyzw": [
        0.9211435355237669, 
        0.09124118083297436, 
        0.26883395239186647, 
        0.2662666706975294
      ], 
      "visibility": 0.9081527347781218
    }, 
    {
      "bounding_box": {
        "bottom_right": [
          422, 
          314
        ], 
        "top_left": [
          306, 
          232
        ]
      }, 
      "class": "004_sugar_box", 
      "cuboid": [
        [
          -27.724053400625913, 
          21.711192237201804, 
          81.20859801649137
        ], 
        [
          -36.13571855549827, 
          19.630748249720508, 
          77.92136755798313
        ], 
        [
          -36.35996562334626, 
          5.003697241337189, 
          87.75244390172922
        ], 
        [
          -27.948300468473896, 
          7.084141228818483, 
          91.03967436023746
        ], 
        [
          -29.617754062608252, 
          24.016522285610463, 
          84.59535671192681
        ], 
        [
          -38.02941921748062, 
          21.93607829812917, 
          81.30812625341856
        ], 
        [
          -38.253666285328606, 
          7.309027289745853, 
          91.13920259716465
        ], 
        [
          -29.842001130456243, 
          9.389471277227146, 
          94.42643305567289
        ]
      ], 
      "cuboid_centroid": [
        -32.988859842977256, 
        14.510109763473828, 
        86.17390030682802
      ], 
      "location": [
        -32.988859842977256, 
        14.510109763473828, 
        86.17390030682802
      ], 
      "pose_transform_permuted": [
        [
          0.4195729670162727, 
          -0.5107745842735574, 
          -0.7503785698234389, 
          0.0
        ], 
        [
          0.9076324198668932, 
          0.22448330693018742, 
          0.3546975397597426, 
          0.0
        ], 
        [
          0.012723021724346379, 
          0.8298895032551286, 
          -0.557782088727155, 
          0.0
        ], 
        [
          -32.988859842977256, 
          14.510109763473828, 
          86.17390030682802, 
          1.0
        ]
      ], 
      "projected_cuboid": [
        [
          298.0081547340198, 
          415.8700116148758
        ], 
        [
          232.2111842448786, 
          407.6458645947426
        ], 
        [
          258.7761386246726, 
          303.6967420556716
        ], 
        [
          316.50871112039624, 
          314.78615091204927
        ], 
        [
          293.3200401629398, 
          424.695340455064
        ], 
        [
          230.07419904406436, 
          417.1705588467663
        ], 
        [
          255.8825061895201, 
          316.0567979406227
        ], 
        [
          311.6451402981448, 
          326.31818119532005
        ]
      ], 
      "projected_cuboid_centroid": [
        275.7316997774492, 
        363.0878080094818
      ], 
      "quaternion_xyzw": [
        0.9337960822558451, 
        0.056693396242966376, 
        0.20729111031006595, 
        0.28607869890054455
      ], 
      "visibility": 0.5544953034143433
    }, 
    {
      "bounding_box": {
        "bottom_right": [
          329, 
          292
        ], 
        "top_left": [
          254, 
          170
        ]
      }, 
      "class": "024_bowl", 
      "cuboid": [
        [
          -43.44077839012917, 
          0.06374418123814042, 
          69.08069043430145
        ], 
        [
          -42.37575576923013, 
          9.286728177928856, 
          82.2541726770315
        ], 
        [
          -42.40107158363883, 
          4.781473521563329, 
          85.41042648643207
        ], 
        [
          -43.46609420453787, 
          -4.441510475127387, 
          72.236944243702
        ], 
        [
          -27.329944278626233, 
          -0.6092064822976213, 
          68.24933928749334
        ], 
        [
          -26.264921657727196, 
          8.613777514393094, 
          81.42282153022342
        ], 
        [
          -26.290237472135896, 
          4.108522858027566, 
          84.57907533962398
        ], 
        [
          -27.355260093034932, 
          -5.11446113866315, 
          71.40559309689391
        ]
      ], 
      "cuboid_centroid": [
        -34.865507931132534, 
        2.0861335196328534, 
        76.82988288696271
      ], 
      "location": [
        -34.865507931132534, 
        2.0861335196328534, 
        76.82988288696271
      ],