{
  "camera_data": {
    "location_worldframe": [
      -16.581445148755947, 
      -0.8299637124649817, 
      91.52991963679482
    ], 
    "quaternion_xyzw_worldframe": [
      0.8802061843480061, 
      0.03026869689664227, 
      0.0037624048533564164, 
      -0.4736111399466172
    ]
  }, 
  "objects": [
    {
      "bounding_box": {
        "bottom_right": [
          433, 
          400
        ], 
        "top_left": [
          284, 
          271
        ]
      }, 
      "class": "003_cracker_box", 
      "cuboid": [
        [
          -15.142513372272331, 
          24.591720119402112, 
          84.70479236294807
        ], 
        [
          -28.903179764230664, 
          19.45664314833886, 
          77.40046757295956
        ], 
        [
          -27.554386324279957, 
          0.9185653448448211, 
          87.89208206999209
        ], 
        [
          -13.793719932321624, 
          6.053642315908074, 
          95.19640685998058
        ], 
        [
          -19.024267579606104, 
          27.350398279645958, 
          90.07825275798056
        ], 
        [
          -32.784933971564435, 
          22.21532130858271, 
          82.77392796799205
        ], 
        [
          -31.436140531613727, 
          3.6772435050886716, 
          93.26554246502458
        ], 
        [
          -17.675474139655396, 
          8.812320476151923, 
          100.5698672550131
        ]
      ], 
      "cuboid_centroid": [
        -23.28932695194303, 
        14.134481812245392, 
        88.98516741398632
      ], 
      "location": [
        -23.28932695194303, 
        14.134481812245392, 
        88.98516741398632
      ], 
      "pose_transform_permuted": [
        [
          0.5406343036406408, 
          -0.38421702314750317, 
          -0.7483928305713989, 
          0.0
        ], 
        [
          0.8388808438894172, 
          0.3130457188788519, 
          0.4452878929939621, 
          0.0
        ], 
        [
          -0.06319398296023843, 
          0.8685503192189235, 
          -0.491555554848409, 
          0.0
        ], 
        [
          -23.28932695194303, 
          14.134481812245392, 
          88.98516741398632, 
          1.0
        ]
      ], 
      "projected_cuboid": [
        [
          385.46202640137534, 
          428.1212947605325
        ], 
        [
          280.78316492991814, 
          407.3504414585113
        ], 
        [
          313.0067120472355, 
          278.86029246864814
        ], 
        [
          403.6764154152914, 
          307.20090621316876
        ], 
        [
          368.02285716595327, 
          435.21799827803034
        ], 
        [
          268.6005586102867, 
          416.42177622804667
        ], 
        [
          300.338001814525, 
          294.3140892240407
        ], 
        [
          387.08333204140087, 
          320.01806116416697
        ]
      ], 
      "projected_cuboid_centroid": [
        340.8526911569779, 
        357.99948697637103
      ], 
      "quaternion_xyzw": [
        0.9294923337069193, 
        0.10119494486269844, 
        0.2651776031069119, 
        0.23555131824036502
      ], 
      "visibility": 0.8971595775049958
    }, 
    {
      "bounding_box": {
        "bottom_right": [
          404, 
          315
        ], 
        "top_left": [
          293, 
          236
        ]
      }, 
      "class": "004_sugar_box", 
      "cuboid": [
        [
          -29.43412175153292, 
          20.289880622260235, 
          85.97639856004314
        ], 
        [
          -37.85114514150919, 
          18.12426233408883, 
          82.75862656180972
        ], 
        [
          -37.399433704592546, 
          2.9822549913621184, 
          91.76787405737885
        ], 
        [
          -28.982410314616274, 
          5.147873279533524, 
          94.98564605561228
        ], 
        [
          -31.31949528611551, 
          22.34500344070899, 
          89.5250067557422
        ], 
        [
          -39.736518676091784, 
          20.179385152537584, 
          86.30723475750878
        ], 
        [
          -39.28480723917514, 
          5.0373778098108755, 
          95.31648225307792
        ], 
        [
          -30.867783849198865, 
          7.202996097982281, 
          98.53425425131132
        ]
      ], 
      "cuboid_centroid": [
        -34.35946449535403, 
        12.663629216035554, 
        90.64644040656053
      ], 
      "location": [
        -34.35946449535403, 
        12.663629216035554, 
        90.64644040656053
      ], 
      "pose_transform_permuted": [
        [
          0.41772798822950996, 
          -0.455338056235749, 
          -0.786238342383599, 
          0.0
        ], 
        [
          0.9082105821931435, 
          0.2336737532000389, 
          0.3472028583597174, 
          0.0
        ], 
        [
          -0.02562858226053661, 
          0.8591063875239661, 
          -0.5111542938159724, 
          0.0
        ], 
        [
          -34.35946449535403, 
          12.663629216035554, 
          90.64644040656053, 
          1.0
        ]
      ], 
      "projected_cuboid": [
        [
          297.49292145867855, 
          399.1465513954548
        ], 
        [
          235.64103120538832, 
          390.08432009640916
        ], 
        [
          262.43464499446935, 
          290.61825679088315
        ], 
        [
          317.5123040427001, 
          302.1905013239732
        ], 
        [
          293.46530310983275, 
          406.4004952187784
        ], 
        [
          234.00635439510629, 
          397.98131366783895
        ], 
        [
          259.9569573257727, 
          301.4719280661303
        ], 
        [
          313.1319643498697, 
          312.27296869781907
        ]
      ], 
      "projected_cuboid_centroid": [
        277.7580259510368, 
        347.7931752485862
      ], 
      "quaternion_xyzw": [
        0.942543806952853, 
        0.0687772635997878, 
        0.20288999857263132, 
        0.25635210345721
      ], 
      "visibility": 0.5519973588643117
    }, 
    {
      "bounding_box": {
        "bottom_right": [
          316, 
          292
        ], 
        "top_left": [
          247, 
          177
        ]
      }, 
      "class": "024_bowl", 
      "cuboid": [
        [
          -44.752199617484436, 
          -1.1540287501788344, 
          73.00612398877709
        ], 
        [
          -43.668869119251994, 
          7.364771025288936, 
          86.64411455934335
        ], 
        [
          -43.48307334106648, 
          2.6952999031910334, 
          89.54608249287055
        ], 
        [
          -44.56640383929892, 
          -5.823499872276735, 
          75.9080919223043
        ], 
        [
          -28.6516526348507, 
          -1.26510890802898, 
          71.79656574224475
        ], 
        [
          -27.568322136618264, 
          7.253690867438789, 
          85.43455631281101
        ], 
        [
          -27.382526358432745, 
          2.5842197453408877, 
          88.33652424633821
        ], 
        [
          -28.465856856665184, 
          -5.934580030126882, 
          74.69853367577196
        ]
      ], 
      "cuboid_centroid": [
        -36.06736298795859, 
        0.7150954975810266, 
        80.67132411755765
      ], 
      "location": [
        -36.06736298795859, 
        0.7150954975810266, 
        80.67132411755765
      ],