{
  "camera_data": {
    "location_worldframe": [
      -17.835358002419294, 
      4.670835424562974, 
      81.99609415530969
    ], 
    "quaternion_xyzw_worldframe": [
      0.9249593360085254, 
      0.019740422852135855, 
      -0.05961216129199314, 
      -0.3748459554197684
    ]
  }, 
  "objects": [
    {
      "bounding_box": {
        "bottom_right": [
          497, 
          381
        ], 
        "top_left": [
          315, 
          209
        ]
      }, 
      "class": "003_cracker_box", 
      "cuboid": [
        [
          -18.446846411105778, 
          27.99003108292366, 
          69.71783206958841
        ], 
        [
          -32.65513418585775, 
          21.028678907158056, 
          65.38860002660971
        ], 
        [
          -29.218023379834857, 
          5.299518585461235, 
          79.40049968468158
        ], 
        [
          -15.009735605082891, 
          12.260870761226837, 
          83.7297317276603
        ], 
        [
          -21.84366819200576, 
          31.767640623304672, 
          74.7916536553528
        ], 
        [
          -36.051955966757724, 
          24.806288447539064, 
          70.46242161237409
        ], 
        [
          -32.61484516073484, 
          9.077128125842245, 
          84.47432127044596
        ], 
        [
          -18.406557385982868, 
          16.038480301607848, 
          88.80355331342467
        ]
      ], 
      "cuboid_centroid": [
        -25.53084578592031, 
        18.53357960438295, 
        77.09607667001718
      ], 
      "location": [
        -25.53084578592031, 
        18.53357960438295, 
        77.09607667001718
      ], 
      "pose_transform_permuted": [
        [
          0.47309496686798236, 
          -0.526129475027454, 
          -0.7066604048844951, 
          0.0
        ], 
        [
          0.8661688394446555, 
          0.4243795192382833, 
          0.2639196188732139, 
          0.0
        ], 
        [
          -0.1610363123624028, 
          0.7369462661269272, 
          -0.6564887713756417, 
          0.0
        ], 
        [
          -25.53084578592031, 
          18.53357960438295, 
          77.09607667001718, 
          1.0
        ]
      ], 
      "projected_cuboid": [
        [
          339.3085046460539, 
          487.4015106786976
        ], 
        [
          213.03716484360365, 
          444.7997109938789
        ], 
        [
          283.70912496846927, 
          308.8824983876038
        ], 
        [
          385.1952825603172, 
          351.3826019335024
        ], 
        [
          324.5375818887124, 
          499.81321612687873
        ], 
        [
          206.451193500795, 
          461.0416436410657
        ], 
        [
          273.9707761554599, 
          330.59401456910376
        ], 
        [
          370.13323815541816, 
          369.60740927543384
        ]
      ], 
      "projected_cuboid_centroid": [
        303.5131665044043, 
        401.4943713266408
      ], 
      "quaternion_xyzw": [
        0.9096394217567857, 
        0.1608922770931786, 
        0.20255679561407988, 
        0.3250239100563348
      ], 
      "visibility": 0.8798548868971404
    }, 
    {
      "bounding_box": {
        "bottom_right": [
          454, 
          290
        ], 
        "top_left": [
          326, 
          179
        ]
      }, 
      "class": "004_sugar_box", 
      "cuboid": [
        [
          -32.27410467962892, 
          23.718604206857673, 
          73.58259067674788
        ], 
        [
          -40.875673424555664, 
          20.687202725260896, 
          71.9352102914824
        ], 
        [
          -38.66467004762849, 
          7.920218925892477, 
          83.88370637926393
        ], 
        [
          -30.06310130270175, 
          10.951620407489255, 
          85.53108676452942
        ], 
        [
          -33.85605345881998, 
          26.45775542945154, 
          76.80210491497922
        ], 
        [
          -42.45762220374672, 
          23.42635394785476, 
          75.15472452971373
        ], 
        [
          -40.24661882681955, 
          10.65937014848634, 
          87.10322061749527
        ], 
        [
          -31.645050081892805, 
          13.690771630083118, 
          88.75060100276075
        ]
      ], 
      "cuboid_centroid": [
        -36.26036175322424, 
        17.188987177672008, 
        80.34290564712158
      ], 
      "location": [
        -36.26036175322424, 
        17.188987177672008, 
        80.34290564712158
      ], 
      "pose_transform_permuted": [
        [
          0.3505004546273693, 
          -0.6068930684994795, 
          -0.7133234773608861, 
          0.0
        ], 
        [
          0.9281233276490016, 
          0.32709317497452356, 
          0.17775503636799883, 
          0.0
        ], 
        [
          -0.1254448687655399, 
          0.7243555681354792, 
          -0.6779173380370153, 
          0.0
        ], 
        [
          -36.26036175322424, 
          17.188987177672008, 
          80.34290564712158, 
          1.0
        ]
      ], 
      "projected_cuboid": [
        [
          245.72806741481438, 
          445.1967139165696
        ], 
        [
          176.02395291144117, 
          426.6591393779934
        ], 
        [
          233.72451779833298, 
          323.6420603886494
        ], 
        [
          292.5797801081895, 
          341.5741495588551
        ], 
        [
          244.53888747868143, 
          457.011178248777
        ], 
        [
          177.79472471217647, 
          439.52669654591773
        ], 
        [
          233.1196501143991, 
          338.55221707064044
        ], 
        [
          289.8511081264417, 
          355.55704135323936
        ]
      ], 
      "projected_cuboid_centroid": [
        238.89340202083966, 
        387.38775703609645
      ], 
      "quaternion_xyzw": [
        0.9173061611514127, 
        0.12333342533425064, 
        0.14396924205008496, 
        0.3501585569107556
      ], 
      "visibility": 0.50920245398773
    }, 
    {
      "bounding_box": {
        "bottom_right": [
          346, 
          250
        ], 
        "top_left": [
          260, 
          128
        ]
      }, 
      "class": "024_bowl", 
      "cuboid": [
        [
          -47.832517005426205, 
          -0.4331974012417236, 
          67.47189160703005
        ], 
        [
          -45.67640647979226, 
          10.907131804794174, 
          78.7185116453235
        ], 
        [
          -44.9347202883419, 
          6.998504784651266, 
          82.5175161108827
        ], 
        [
          -47.09083081397585, 
          -4.341824421384631, 
          71.27089607258922
        ], 
        [
          -31.980149555313453, 
          -0.40580765049841594, 
          64.40518667805844
        ], 
        [
          -29.824039029679504, 
          10.934521555537481, 
          75.6518067163519
        ], 
        [
          -29.08235283822915, 
          7.025894535394574, 
          79.45081118191109
        ], 
        [
          -31.23846336386309, 
          -4.314434670641325, 
          68.20419114361762
        ]
      ], 
      "cuboid_centroid": [
        -38.45743492182768, 
        3.296348567076425, 
        73.46135139447057
      ], 
      "location": [
        -38.45743492182768, 
        3.296348567076425, 
        73.46135139447057
      ],