{
  "camera_data": {
    "location_worldframe": [
      -19.42847768867448, 
      -5.350964633297456, 
      97.86498859606195
    ], 
    "quaternion_xyzw_worldframe": [
      0.9541101647870137, 
      0.0015841973204752061, 
      0.026301923633243615, 
      -0.298295845721662
    ]
  }, 
  "objects": [
    {
      "bounding_box": {
        "bottom_right": [
          396, 
          390
        ], 
        "top_left": [
          254, 
          259
        ]
      }, 
      "class": "003_cracker_box", 
      "cuboid": [
        [
          -15.89818609179009, 
          15.552430046418186, 
          82.19655498024026
        ], 
        [
          -29.972107869255183, 
          9.078823663504465, 
          76.8025525805329
        ], 
        [
          -30.1976155775173, 
          -4.291823361525305, 
          93.43771087710383
        ], 
        [
          -16.12369380005221, 
          2.181783021388415, 
          98.8317132768112
        ], 
        [
          -19.585679284473898, 
          20.37866156133771, 
          86.02569076436322
        ], 
        [
          -33.659601061938986, 
          13.905055178423991, 
          80.63168836465584
        ], 
        [
          -33.88510877020111, 
          0.5344081533942197, 
          97.26684666122677
        ], 
        [
          -19.811186992736015, 
          7.008014536307941, 
          102.66084906093414
        ]
      ], 
      "cuboid_centroid": [
        -24.891647430995597, 
        8.043419099906203, 
        89.73170082073352
      ], 
      "location": [
        -24.891647430995597, 
        8.043419099906203, 
        89.73170082073352
      ], 
      "pose_transform_permuted": [
        [
          0.5135784513712244, 
          -0.6721771072850101, 
          -0.5333058322661499, 
          0.0
        ], 
        [
          0.8579775892549167, 
          0.3946454503598886, 
          0.3288303891774026, 
          0.0
        ], 
        [
          0.010565539430440585, 
          0.6264446543408257, 
          -0.7793942932972676, 
          0.0
        ], 
        [
          -24.891647430995597, 
          8.043419099906203, 
          89.73170082073352, 
          1.0
        ]
      ], 
      "projected_cuboid": [
        [
          377.5845295172987, 
          374.1960652925018
        ], 
        [
          271.7352792386106, 
          336.33020370891796
        ], 
        [
          307.80009859290624, 
          248.78986073274493
        ], 
        [
          393.86467964680014, 
          285.0599614399332
        ], 
        [
          359.16302073702053, 
          399.6248352146236
        ], 
        [
          257.10812842853915, 
          365.25829725045634
        ], 
        [
          294.2547951175428, 
          276.21672790117367
        ], 
        [
          377.82095958951356, 
          309.6929326834963
        ]
      ], 
      "projected_cuboid_centroid": [
        332.42088933190604, 
        321.09252942478054
      ], 
      "quaternion_xyzw": [
        0.8685804619984686, 
        0.11054816673107634, 
        0.2424671280914998, 
        0.4177999230038049
      ], 
      "visibility": 0.9173909444582402
    }, 
    {
      "bounding_box": {
        "bottom_right": [
          371, 
          308
        ], 
        "top_left": [
          274, 
          224
        ]
      }, 
      "class": "004_sugar_box", 
      "cuboid": [
        [
          -30.49866917084699, 
          13.06889196989865, 
          84.43962100218194
        ], 
        [
          -39.03822822559977, 
          10.475855764056002, 
          81.9411542051914
        ], 
        [
          -39.873592702352795, 
          -0.23557219079857056, 
          95.91321373071551
        ], 
        [
          -31.334033647600013, 
          2.3574640150440778, 
          98.41168052770605
        ], 
        [
          -32.239203534482414, 
          16.423353824819074, 
          86.90719249725231
        ], 
        [
          -40.77876258923519, 
          13.830317618976428, 
          84.40872570026177
        ], 
        [
          -41.614127065988214, 
          3.1188896641218564, 
          98.38078522578589
        ], 
        [
          -33.07456801123544, 
          5.711925869964506, 
          100.87925202277643
        ]
      ], 
      "cuboid_centroid": [
        -36.056398118417604, 
        8.093890817010253, 
        91.41020311398391
      ], 
      "location": [
        -36.056398118417604, 
        8.093890817010253, 
        91.41020311398391
      ], 
      "pose_transform_permuted": [
        [
          0.38563706598688646, 
          -0.7432228025619178, 
          -0.5467211974397626, 
          0.0
        ], 
        [
          0.9214323807185731, 
          0.27979284517146746, 
          0.2695886513737509, 
          0.0
        ], 
        [
          0.047395760789527105, 
          0.6077302676740897, 
          -0.7927274973227759, 
          0.0
        ], 
        [
          -36.056398118417604, 
          8.093890817010253, 
          91.41020311398391, 
          1.0
        ]
      ], 
      "projected_cuboid": [
        [
          287.3625773184393, 
          355.82949512847136
        ], 
        [
          225.39669380378956, 
          341.46935873420205
        ], 
        [
          258.0347195260912, 
          271.97665316247657
        ], 
        [
          310.37434697514954, 
          286.0622747547781
        ], 
        [
          282.10743969209176, 
          374.07101811985035
        ], 
        [
          221.7974923356408, 
          360.6706225827051
        ], 
        [
          254.1280555315865, 
          290.1939547275896
        ], 
        [
          305.2841779477995, 
          303.48384677379397
        ]
      ], 
      "projected_cuboid_centroid": [
        269.4781495488336, 
        320.5091710104643
      ], 
      "quaternion_xyzw": [
        0.876909893579783, 
        0.06625455080488164, 
        0.1867996136655013, 
        0.4378871509860978
      ], 
      "visibility": 0.5801467748165314
    }, 
    {
      "bounding_box": {
        "bottom_right": [
          281, 
          288
        ], 
        "top_left": [
          196, 
          182
        ]
      }, 
      "class": "024_bowl", 
      "cuboid": [
        [
          -47.39423740350476, 
          -10.494301115730389, 
          79.74616464098241
        ], 
        [
          -45.73157278813173, 
          2.373019178841039, 
          89.30681086388287
        ], 
        [
          -45.943760977150724, 
          -0.8876227171759523, 
          93.73208928641151
        ], 
        [
          -47.60642559252376, 
          -13.754943011747384, 
          84.17144306351105
        ], 
        [
          -31.34617329814975, 
          -12.203807622235345, 
          79.25605335989192
        ], 
        [
          -29.683508682776715, 
          0.6635126723360849, 
          88.81669958279238
        ], 
        [
          -29.895696871795717, 
          -2.597129223680908, 
          93.24197800532102
        ], 
        [
          -31.558361487168746, 
          -15.464449518252337, 
          83.68133178242056
        ]
      ], 
      "cuboid_centroid": [
        -38.64496713765024, 
        -6.545715169705649, 
        86.49407132315172
      ], 
      "location": [
        -38.64496713765024, 
        -6.545715169705649, 
        86.49407132315172
      ],