{
  "camera_data": {
    "location_worldframe": [
      -18.990375706821794, 
      -4.4503104358921215, 
      96.82672670196025
    ], 
    "quaternion_xyzw_worldframe": [
      0.9532133301664099, 
      -0.002156135377367675, 
      0.0531589878184276, 
      -0.29758635070892936
    ]
  }, 
  "objects": [
    {
      "bounding_box": {
        "bottom_right": [
          403, 
          392
        ], 
        "top_left": [
          261, 
          267
        ]
      }, 
      "class": "003_cracker_box", 
      "cuboid": [
        [
          -14.211919819064372, 
          16.348340657915873, 
          81.35099895961486
        ], 
        [
          -28.1507449000289, 
          10.19664074266152, 
          75.27285292631736
        ], 
        [
          -29.501972188645887, 
          -3.1467896371873874, 
          91.87648498858066
        ], 
        [
          -15.563147107681358, 
          3.0049102780669634, 
          97.95463102187816
        ], 
        [
          -17.9698179973528, 
          21.262955436080727, 
          84.9947827620382
        ], 
        [
          -31.90864307831733, 
          15.111255520826377, 
          78.9166367287407
        ], 
        [
          -33.259870366934315, 
          1.7678251409774706, 
          95.52026879100399
        ], 
        [
          -19.321045285969785, 
          7.91952505623182, 
          101.5984148243015
        ]
      ], 
      "cuboid_centroid": [
        -23.735895092999343, 
        9.05808289944667, 
        88.43563387530942
      ], 
      "location": [
        -23.735895092999343, 
        9.05808289944667, 
        88.43563387530942
      ], 
      "pose_transform_permuted": [
        [
          0.5233841599071414, 
          -0.6844867542708629, 
          -0.5074907924150303, 
          0.0
        ], 
        [
          0.8497417940151387, 
          0.37502131577572606, 
          0.37053730745739644, 
          0.0
        ], 
        [
          0.0633080142022277, 
          0.6251694937707557, 
          -0.7779172188582717, 
          0.0
        ], 
        [
          -23.735895092999343, 
          9.05808289944667, 
          88.43563387530942, 
          1.0
        ]
      ], 
      "projected_cuboid": [
        [
          387.65035424455994, 
          380.46272926026523
        ], 
        [
          280.4826288513854, 
          345.53128464920593
        ], 
        [
          308.9185094037439, 
          255.02022601008977
        ], 
        [
          396.1564887951744, 
          289.6469436125629
        ], 
        [
          367.9016020203849, 
          406.70590987283623
        ], 
        [
          264.16104019052733, 
          375.40858511404866
        ], 
        [
          294.3492551317096, 
          283.15685952929897
        ], 
        [
          379.3300902399587, 
          314.85842479883405
        ]
      ], 
      "projected_cuboid_centroid": [
        337.2625994718552, 
        327.9121768169513
      ], 
      "quaternion_xyzw": [
        0.8634816269326355, 
        0.09024896762447751, 
        0.25881311179139804, 
        0.42340332657802576
      ], 
      "visibility": 0.8937996310259084
    }, 
    {
      "bounding_box": {
        "bottom_right": [
          380, 
          308
        ], 
        "top_left": [
          282, 
          228
        ]
      }, 
      "class": "004_sugar_box", 
      "cuboid": [
        [
          -28.95856519960936, 
          14.206266692486405, 
          82.875046292974
        ], 
        [
          -37.42316367235496, 
          11.809051027583065, 
          79.96057006194722
        ], 
        [
          -39.19105946153246, 
          1.1353104923898238, 
          93.87447596546082
        ], 
        [
          -30.72646098878686, 
          3.532526157293164, 
          96.78895219648761
        ], 
        [
          -30.739738820614214, 
          17.602886715253284, 
          85.2543689367471
        ], 
        [
          -39.20433729335981, 
          15.205671050349942, 
          82.33989270572032
        ], 
        [
          -40.972233082537315, 
          4.531930515156701, 
          96.25379860923393
        ], 
        [
          -32.50763460979172, 
          6.929146180060042, 
          99.16827484026071
        ]
      ], 
      "cuboid_centroid": [
        -34.96539914107334, 
        9.369098603821554, 
        89.56442245110397
      ], 
      "location": [
        -34.96539914107334, 
        9.369098603821554, 
        89.56442245110397
      ], 
      "pose_transform_permuted": [
        [
          0.3946411996042778, 
          -0.7525634697129704, 
          -0.5271685653274527, 
          0.0
        ], 
        [
          0.9133440113898913, 
          0.25866348871706335, 
          0.3144767493127255, 
          0.0
        ], 
        [
          0.10030443986600363, 
          0.6055920106895626, 
          -0.7894280570969143, 
          0.0
        ], 
        [
          -34.96539914107334, 
          9.369098603821554, 
          89.56442245110397, 
          1.0
        ]
      ], 
      "projected_cuboid": [
        [
          293.68918767247885, 
          364.7070628529525
        ], 
        [
          229.91263462484383, 
          352.05033577324923
        ], 
        [
          257.08938069812405, 
          279.7364628661712
        ], 
        [
          310.8793917232746, 
          292.7512117380453
        ], 
        [
          287.69820313943285, 
          383.4036419219148
        ], 
        [
          225.55250495902422, 
          371.7744261718312
        ], 
        [
          252.6877377260596, 
          298.396895476169
        ], 
        [
          305.3165375916242, 
          310.5509691559631
        ]
      ], 
      "projected_cuboid_centroid": [
        271.65730716778535, 
        329.07569650369715
      ], 
      "quaternion_xyzw": [
        0.8726546549762549, 
        0.045367044095859635, 
        0.2031496494269828, 
        0.4417530801035613
      ], 
      "visibility": 0.5774779838860783
    }, 
    {
      "bounding_box": {
        "bottom_right": [
          289, 
          291
        ], 
        "top_left": [
          203, 
          181
        ]
      }, 
      "class": "024_bowl", 
      "cuboid": [
        [
          -46.145767064981904, 
          -8.964251793662806, 
          77.3576422492353
        ], 
        [
          -44.65592342482688, 
          3.8716490080096033, 
          86.98875630334551
        ], 
        [
          -45.16047190661895, 
          0.621695094876322, 
          91.39819265174074
        ], 
        [
          -46.65031554677397, 
          -12.214205706796088, 
          81.7670785976305
        ], 
        [
          -30.13696090390163, 
          -11.045718102294638, 
          77.65531051460466
        ], 
        [
          -28.647117263746612, 
          1.7901826993777736, 
          87.28642456871489
        ], 
        [
          -29.15166574553868, 
          -1.4597712137555092, 
          91.69586091711011
        ], 
        [
          -30.6415093856937, 
          -14.295672015427918, 
          82.06474686299988
        ]
      ], 
      "cuboid_centroid": [
        -37.64871640526029, 
        -5.2120115037091574, 
        84.5267515831727
      ], 
      "location": [
        -37.64871640526029, 
        -5.2120115037091574, 
        84.5267515831727
      ],