{
  "camera_data": {
    "location_worldframe": [
      -14.686614261429925, 
      -2.3456004772925922, 
      96.10779264101164
    ], 
    "quaternion_xyzw_worldframe": [
      0.9500195918490099, 
      -0.011116260490939372, 
      0.1010734138209486, 
      -0.2951699384190392
    ]
  }, 
  "objects": [
    {
      "bounding_box": {
        "bottom_right": [
          417, 
          425
        ], 
        "top_left": [
          276, 
          309
        ]
      }, 
      "class": "003_cracker_box", 
      "cuboid": [
        [
          -7.642446038437178, 
          18.151653173187604, 
          81.10256083177528
        ], 
        [
          -21.2731451981593, 
          12.619949721064724, 
          73.84429567940734
        ], 
        [
          -24.661467287931853, 
          -0.5822370372425321, 
          90.26912704417731
        ], 
        [
          -11.030768128209733, 
          4.949466414880349, 
          97.52739219654526
        ], 
        [
          -11.470857415849862, 
          23.247292832119665, 
          84.40863408059458
        ], 
        [
          -25.101556575571983, 
          17.715589379996782, 
          77.15036892822663
        ], 
        [
          -28.489878665344538, 
          4.513402621689526, 
          93.57520029299661
        ], 
        [
          -14.859179505622416, 
          10.045106073812407, 
          100.83346544536455
        ]
      ], 
      "cuboid_centroid": [
        -18.066162351890856, 
        11.332527897438565, 
        87.33888056238595
      ], 
      "location": [
        -18.066162351890856, 
        11.332527897438565, 
        87.33888056238595
      ], 
      "pose_transform_permuted": [
        [
          0.5332049399642587, 
          -0.7096991338105834, 
          -0.46045589524537456, 
          0.0
        ], 
        [
          0.8309577522054274, 
          0.33722495174904443, 
          0.44247999499136514, 
          0.0
        ], 
        [
          0.15875045211719863, 
          0.6185519148675904, 
          -0.7695400071251803, 
          0.0
        ], 
        [
          -18.066162351890856, 
          11.332527897438565, 
          87.33888056238595, 
          1.0
        ]
      ], 
      "projected_cuboid": [
        [
          430.9225596285687, 
          392.6493793628731
        ], 
        [
          326.6774246223537, 
          364.4305628916213
        ], 
        [
          334.6802862726752, 
          269.8466197704502
        ], 
        [
          420.7736424294889, 
          300.35224030211185
        ], 
        [
          408.51669718674924, 
          420.1700488702099
        ], 
        [
          306.6307778799785, 
          395.74960426386144
        ], 
        [
          317.86959034214306, 
          299.01008436280665
        ], 
        [
          402.3502432906198, 
          326.4162381314151
        ]
      ], 
      "projected_cuboid_centroid": [
        370.35987450725696, 
        342.48663552814236
      ], 
      "quaternion_xyzw": [
        0.8529310585150468, 
        0.05231211182020091, 
        0.28598001128435036, 
        0.43357523628906175
      ], 
      "visibility": 0.928887134964483
    }, 
    {
      "bounding_box": {
        "bottom_right": [
          399, 
          332
        ], 
        "top_left": [
          300, 
          264
        ]
      }, 
      "class": "004_sugar_box", 
      "cuboid": [
        [
          -22.548270750766015, 
          16.692237100106723, 
          81.34850756542787
        ], 
        [
          -30.83125275034593, 
          14.67317265646031, 
          77.71452491314082
        ], 
        [
          -34.27986986252515, 
          4.146326842873149, 
          91.4237746102029
        ], 
        [
          -25.99688786294524, 
          6.16539128651956, 
          95.05775726248996
        ], 
        [
          -24.370095801074328, 
          20.176103657837274, 
          83.56535455707873
        ], 
        [
          -32.65307780065424, 
          18.157039214190863, 
          79.93137190479169
        ], 
        [
          -36.10169491283346, 
          7.6301934006037015, 
          93.64062160185378
        ], 
        [
          -27.818712913253552, 
          9.649257844250112, 
          97.27460425414083
        ]
      ], 
      "cuboid_centroid": [
        -29.32498283179974, 
        12.161215250355212, 
        87.49456458364082
      ], 
      "location": [
        -29.32498283179974, 
        12.161215250355212, 
        87.49456458364082
      ], 
      "pose_transform_permuted": [
        [
          0.4036480300652479, 
          -0.7718940261580838, 
          -0.4911700610245309, 
          0.0
        ], 
        [
          0.8937472970661428, 
          0.21786035381977842, 
          0.392112668267482, 
          0.0
        ], 
        [
          0.19566289476280954, 
          0.597257700002152, 
          -0.7778165547228002, 
          0.0
        ], 
        [
          -29.32498283179974, 
          12.161215250355212, 
          87.49456458364082, 
          1.0
        ]
      ], 
      "projected_cuboid": [
        [
          332.53903427418885, 
          382.72059152277166
        ], 
        [
          268.2529307659156, 
          373.9818756121803
        ], 
        [
          279.9593591457422, 
          297.4740899935971
        ], 
        [
          334.52657984734964, 
          307.87733841378594
        ], 
        [
          324.7693897102402, 
          402.0517571305485
        ], 
        [
          261.912983939966, 
          394.4342720259438
        ], 
        [
          274.27046047094075, 
          316.74344262723514
        ], 
        [
          327.80664310532325, 
          326.1897413495159
        ]
      ], 
      "projected_cuboid_centroid": [
        301.3582089466129, 
        347.4147341618263
      ], 
      "quaternion_xyzw": [
        0.8634487619559174, 
        0.006426976340404478, 
        0.23040182967259754, 
        0.4486978988105849
      ], 
      "visibility": 0.6150268336314848
    }, 
    {
      "bounding_box": {
        "bottom_right": [
          308, 
          324
        ], 
        "top_left": [
          221, 
          210
        ]
      }, 
      "class": "024_bowl", 
      "cuboid": [
        [
          -40.24123466018883, 
          -5.689626901646576, 
          74.36821917319305
        ], 
        [
          -38.99948187377301, 
          7.1025397158717665, 
          84.09225458205712
        ], 
        [
          -40.03085267158445, 
          3.896447726795599, 
          88.44163924583674
        ], 
        [
          -41.27260545800027, 
          -8.895718890722742, 
          78.71760383697267
        ], 
        [
          -24.43013669948545, 
          -8.499816750305332, 
          76.04601456738015
        ], 
        [
          -23.188383913069625, 
          4.2923498672130105, 
          85.77004997624424
        ], 
        [
          -24.21975471088107, 
          1.086257878136843, 
          90.11943464002385
        ], 
        [
          -25.461507497296893, 
          -11.7059087393815, 
          80.39539923115979
        ]
      ], 
      "cuboid_centroid": [
        -32.23049468553495, 
        -2.3016845117548663, 
        82.24382690660845
      ], 
      "location": [
        -32.23049468553495, 
        -2.3016845117548663, 
        82.24382690660845
      ],