{
  "camera_data": {
    "location_worldframe": [
      -18.00354479544941, 
      5.140745626197971, 
      81.7443733156743
    ], 
    "quaternion_xyzw_worldframe": [
      0.9269662942636121, 
      0.01896877820828154, 
      -0.06464542740959738, 
      -0.36904416577570687
    ]
  }, 
  "objects": [
    {
      "bounding_box": {
        "bottom_right": [
          501, 
          379
        ], 
        "top_left": [
          318, 
          205
        ]
      }, 
      "class": "003_cracker_box", 
      "cuboid": [
        [
          -18.800802325728643, 
          28.302248080929353, 
          69.18158433618805
        ], 
        [
          -33.028072483037676, 
          21.24594663952228, 
          65.07409002382478
        ], 
        [
          -29.411905318018178, 
          5.703791412685239, 
          79.2486550289998
        ], 
        [
          -15.184635160709147, 
          12.760092854092314, 
          83.35614934136308
        ], 
        [
          -22.161169013497624, 
          32.1333195276536, 
          74.2395705786337
        ], 
        [
          -36.38843917080665, 
          25.07701808624652, 
          70.13207626627043
        ], 
        [
          -32.77227200578716, 
          9.534862859409483, 
          84.30664127144546
        ], 
        [
          -18.545001848478126, 
          16.591164300816555, 
          88.41413558380873
        ]
      ], 
      "cuboid_centroid": [
        -25.7865371657579, 
        18.91855547016942, 
        76.74411280381676
      ], 
      "location": [
        -25.7865371657579, 
        18.91855547016942, 
        76.74411280381676
      ], 
      "pose_transform_permuted": [
        [
          0.4680176557255614, 
          -0.5335754231641412, 
          -0.7044549252609125, 
          0.0
        ], 
        [
          0.8673260477254845, 
          0.4301678377556588, 
          0.2504019933976409, 
          0.0
        ], 
        [
          -0.16942550240752002, 
          0.72818466006627, 
          -0.6641100059313446, 
          0.0
        ], 
        [
          -25.7865371657579, 
          18.91855547016942, 
          76.74411280381676, 
          1.0
        ]
      ], 
      "projected_cuboid": [
        [
          335.45420328058213, 
          491.4680568662524
        ], 
        [
          208.65727150607796, 
          447.40928640124383
        ], 
        [
          282.01432072530724, 
          311.67133653221566
        ], 
        [
          383.63488541812313, 
          354.9266743833783
        ], 
        [
          321.069749298046, 
          504.12473441525987
        ], 
        [
          202.57505388354068, 
          463.98479682315207
        ], 
        [
          272.5536485424237, 
          333.6036020832005
        ], 
        [
          368.80023363518893, 
          373.3654763865728
        ]
      ], 
      "projected_cuboid_centroid": [
        300.90474853842557, 
        404.7576795313204
      ], 
      "quaternion_xyzw": [
        0.9082903766214673, 
        0.1650334946830173, 
        0.19773953011466452, 
        0.3296537814125231
      ], 
      "visibility": 0.8758700696055685
    }, 
    {
      "bounding_box": {
        "bottom_right": [
          457, 
          289
        ], 
        "top_left": [
          329, 
          176
        ]
      }, 
      "class": "004_sugar_box", 
      "cuboid": [
        [
          -32.57808024860018, 
          24.039557422763934, 
          73.22982282996982
        ], 
        [
          -41.18555950854931, 
          20.96278089972639, 
          71.70175576111586
        ], 
        [
          -38.823779813131075, 
          8.35312156387566, 
          83.78767559081656
        ], 
        [
          -30.216300553181952, 
          11.429898086913207, 
          85.31574265967052
        ], 
        [
          -34.13796055485642, 
          26.81426686009359, 
          76.42959536234514
        ], 
        [
          -42.74543981480554, 
          23.73749033705604, 
          74.90152829349117
        ], 
        [
          -40.38366011938731, 
          11.127831001205312, 
          86.98744812319187
        ], 
        [
          -31.776180859438185, 
          14.204607524242856, 
          88.51551519204584
        ]
      ], 
      "cuboid_centroid": [
        -36.480870183993744, 
        17.583694211984625, 
        80.10863547658084
      ], 
      "location": [
        -36.480870183993744, 
        17.583694211984625, 
        80.10863547658084
      ], 
      "pose_transform_permuted": [
        [
          0.3456109095938433, 
          -0.6147714338388454, 
          -0.7089494565527078, 
          0.0
        ], 
        [
          0.9287610818812081, 
          0.3319892161157462, 
          0.16488093449838218, 
          0.0
        ], 
        [
          -0.13399940815857722, 
          0.7154295090957078, 
          -0.6857142973045666, 
          0.0
        ], 
        [
          -36.480870183993744, 
          17.583694211984625, 
          80.10863547658084, 
          1.0
        ]
      ], 
      "projected_cuboid": [
        [
          242.3595747213237, 
          448.3622960383055
        ], 
        [
          172.70488476013506, 
          429.2082647630966
        ], 
        [
          232.41923151915404, 
          326.4552561635678
        ], 
        [
          291.1370357853272, 
          344.73628797327063
        ], 
        [
          241.39997344052966, 
          460.3943403591315
        ], 
        [
          174.70133569372234, 
          442.30402988737706
        ], 
        [
          231.9417476826266, 
          341.5112108417891
        ], 
        [
          288.5451882745928, 
          358.8714814515454
        ]
      ], 
      "projected_cuboid_centroid": [
        236.7033793330626, 
        390.3491793802645
      ], 
      "quaternion_xyzw": [
        0.9155790582371388, 
        0.12723877312450238, 
        0.13939043261734532, 
        0.35509924551118904
      ], 
      "visibility": 0.5012132977432662
    }, 
    {
      "bounding_box": {
        "bottom_right": [
          349, 
          248
        ], 
        "top_left": [
          262, 
          126
        ]
      }, 
      "class": "024_bowl", 
      "cuboid": [
        [
          -48.12027286640475, 
          -0.23196598482939992, 
          67.56898328723065
        ], 
        [
          -45.89274419626384, 
          11.254726660106984, 
          78.65195894768523
        ], 
        [
          -45.10358018986531, 
          7.396219860750087, 
          82.49240735494702
        ], 
        [
          -47.33110886000622, 
          -4.090472784186299, 
          71.40943169449243
        ], 
        [
          -32.297594973507096, 
          -0.19707497297803203, 
          64.35267639762591
        ], 
        [
          -30.07006630336619, 
          11.289617671958352, 
          75.43565205808049
        ], 
        [
          -29.28090229696766, 
          7.4311108726014545, 
          79.27610046534228
        ], 
        [
          -31.508430967108563, 
          -4.055581772334931, 
          68.19312480488769
        ]
      ], 
      "cuboid_centroid": [
        -38.7005875816862, 
        3.599572443886027, 
        73.42254187628646
      ], 
      "location": [
        -38.7005875816862, 
        3.599572443886027, 
        73.42254187628646
      ],