{
  "camera_data": {
    "location_worldframe": [
      -13.81639933372885, 
      1.960122149535927, 
      85.88434169083047
    ], 
    "quaternion_xyzw_worldframe": [
      0.9043306180922225, 
      0.02076602478646419, 
      0.03900032456061988, 
      -0.42453990046746615
    ]
  }, 
  "objects": [
    {
      "bounding_box": {
        "bottom_right": [
          467, 
          412
        ], 
        "top_left": [
          304, 
          278
        ]
      }, 
      "class": "003_cracker_box", 
      "cuboid": [
        [
          -10.627049946824304, 
          26.39280623559774, 
          76.51488872025288
        ], 
        [
          -24.24262611713168, 
          21.17540333539889, 
          69.00004286589828
        ], 
        [
          -24.469088576384955, 
          3.8383634250249656, 
          81.44710312312553
        ], 
        [
          -10.853512406077574, 
          9.055766325223816, 
          88.96194897748013
        ], 
        [
          -14.630683507105125, 
          29.90321516820384, 
          81.33156236248931
        ], 
        [
          -28.246259677412507, 
          24.685812268004987, 
          73.8167165081347
        ], 
        [
          -28.47272213666578, 
          7.3487723576310655, 
          86.26377676536195
        ], 
        [
          -14.857145966358399, 
          12.566175257829915, 
          93.77862261971656
        ]
      ], 
      "cuboid_centroid": [
        -19.54988604174504, 
        16.8707892966144, 
        81.38933274280743
      ], 
      "location": [
        -19.54988604174504, 
        16.8707892966144, 
        81.38933274280743
      ], 
      "pose_transform_permuted": [
        [
          0.5576091442898017, 
          -0.4889149048097361, 
          -0.6708459272137541, 
          0.0
        ], 
        [
          0.8300358211185883, 
          0.31806449071301324, 
          0.45812172553532315, 
          0.0
        ], 
        [
          0.010610271645232705, 
          0.8122790133952482, 
          -0.5831725529663208, 
          0.0
        ], 
        [
          -19.54988604174504, 
          16.8707892966144, 
          81.38933274280743, 
          1.0
        ]
      ], 
      "projected_cuboid": [
        [
          406.9077482093087, 
          457.2481257940832
        ], 
        [
          292.65788179164707, 
          436.9568316689954
        ], 
        [
          320.0370518543579, 
          298.42032793095717
        ], 
        [
          415.98892420790236, 
          327.5751139105241
        ], 
        [
          384.8590387790171, 
          469.372409022551
        ], 
        [
          275.8195323684211, 
          451.63946035184046
        ], 
        [
          304.0995605436529, 
          318.7197934862551
        ], 
        [
          396.4002696105284, 
          344.7504512203613
        ]
      ], 
      "projected_cuboid_centroid": [
        352.4250399011655, 
        383.8356973395914
      ], 
      "quaternion_xyzw": [
        0.9101044942378307, 
        0.08445574684400906, 
        0.27901490330397477, 
        0.29449570476901094
      ], 
      "visibility": 0.9156576200417537
    }, 
    {
      "bounding_box": {
        "bottom_right": [
          439, 
          320
        ], 
        "top_left": [
          318, 
          237
        ]
      }, 
      "class": "004_sugar_box", 
      "cuboid": [
        [
          -25.1802041147294, 
          22.957018157306074, 
          77.39465963708633
        ], 
        [
          -33.52117427494664, 
          20.86946370827253, 
          73.93625318920155
        ], 
        [
          -34.3775189990704, 
          6.787805659699855, 
          84.5015052137575
        ], 
        [
          -26.036548838853168, 
          8.8753601087334, 
          87.95991166164228
        ], 
        [
          -27.135249360240838, 
          25.47381226986022, 
          80.59064599084502
        ], 
        [
          -35.47621952045807, 
          23.38625782082667, 
          77.13223954296024
        ], 
        [
          -36.332564244581846, 
          9.304599772253997, 
          87.69749156751618
        ], 
        [
          -27.991594084364607, 
          11.39215422128754, 
          91.15589801540096
        ]
      ], 
      "cuboid_centroid": [
        -30.756384179655623, 
        16.130808964780037, 
        82.54607560230126
      ], 
      "location": [
        -30.756384179655623, 
        16.130808964780037, 
        82.54607560230126
      ], 
      "pose_transform_permuted": [
        [
          0.43316462352165697, 
          -0.5576270813931182, 
          -0.708110581524713, 
          0.0
        ], 
        [
          0.9000043143860013, 
          0.22525053735439213, 
          0.373167708816694, 
          0.0
        ], 
        [
          0.048586109210319445, 
          0.7989457475905938, 
          -0.5994367387793142, 
          0.0
        ], 
        [
          -30.756384179655623, 
          16.130808964780037, 
          82.54607560230126, 
          1.0
        ]
      ], 
      "projected_cuboid": [
        [
          306.63657702247536, 
          431.48126888299765
        ], 
        [
          237.7859401492328, 
          423.82288795604836
        ], 
        [
          262.8199870458025, 
          316.1268362213356
        ], 
        [
          322.4163827034334, 
          327.09972701568097
        ], 
        [
          300.5293962808715, 
          441.86296238539364
        ], 
        [
          234.25776636785756, 
          434.9873954547815
        ], 
        [
          258.8045424621463, 
          329.87111278985446
        ], 
        [
          316.46379272754024, 
          339.9378361749101
        ]
      ], 
      "projected_cuboid_centroid": [
        281.2280435646191, 
        377.50562108791337
      ], 
      "quaternion_xyzw": [
        0.922911242143754, 
        0.047855205375360234, 
        0.2184208771976242, 
        0.31342770770805245
      ], 
      "visibility": 0.5665710774272839
    }, 
    {
      "bounding_box": {
        "bottom_right": [
          341, 
          301
        ], 
        "top_left": [
          261, 
          174
        ]
      }, 
      "class": "024_bowl", 
      "cuboid": [
        [
          -40.94273443010519, 
          1.0089204689966853, 
          65.8822334685403
        ], 
        [
          -40.11736270677353, 
          10.890846630543594, 
          78.58674598346286
        ], 
        [
          -40.341623431877046, 
          6.559484981234806, 
          81.97037006255188
        ], 
        [
          -41.16699515520871, 
          -3.322441180312103, 
          69.26585754762934
        ], 
        [
          -24.831064179495634, 
          -0.01860920743177799, 
          65.63475095824802
        ], 
        [
          -24.005692456163967, 
          9.863316954115131, 
          78.33926347317056
        ], 
        [
          -24.22995318126749, 
          5.531955304806342, 
          81.72288755225959
        ], 
        [
          -25.055324904599154, 
          -4.3499708567405655, 
          69.01837503733704
        ]
      ], 
      "cuboid_centroid": [
        -32.58634380568634, 
        3.270437886901514, 
        73.80256051039996
      ], 
      "location": [
        -32.58634380568634, 
        3.270437886901514, 
        73.80256051039996
      ],