{
  "camera_data": {
    "location_worldframe": [
      -9.956807263581675, 
      7.606350696376382, 
      86.28632944556821
    ], 
    "quaternion_xyzw_worldframe": [
      0.9363988086953435, 
      -0.04401879010768793, 
      0.189078356562527, 
      -0.2923586203773829
    ]
  }, 
  "objects": [
    {
      "bounding_box": {
        "bottom_right": [
          501, 
          486
        ], 
        "top_left": [
          350, 
          337
        ]
      }, 
      "class": "003_cracker_box", 
      "cuboid": [
        [
          1.5569973641818087, 
          27.134224924228068, 
          72.8323427951173
        ], 
        [
          -11.370382055633515, 
          23.20254661852267, 
          63.53165020135112
        ], 
        [
          -18.673778875804, 
          10.501100196723245, 
          79.05219145569137
        ], 
        [
          -5.746399455988676, 
          14.432778502428645, 
          88.35288404945756
        ], 
        [
          -2.117027542082764, 
          32.64188956347471, 
          75.61075398583088
        ], 
        [
          -15.044406961898089, 
          28.710211257769313, 
          66.3100613920647
        ], 
        [
          -22.347803782068574, 
          16.008764835969888, 
          81.83060264640496
        ], 
        [
          -9.420424362253248, 
          19.94044314167529, 
          91.13129524017114
        ]
      ], 
      "cuboid_centroid": [
        -10.395403208943382, 
        21.571494880098978, 
        77.33147272076113
      ], 
      "location": [
        -10.395403208943382, 
        21.571494880098978, 
        77.33147272076113
      ], 
      "pose_transform_permuted": [
        [
          0.5117026454184057, 
          -0.7670842299338967, 
          -0.386965356147713, 
          0.0
        ], 
        [
          0.7880818158131395, 
          0.23968385840087797, 
          0.5669909166880305, 
          0.0
        ], 
        [
          0.3421804410781982, 
          0.5950911125271399, 
          -0.727171997215749, 
          0.0
        ], 
        [
          -10.395403208943382, 
          21.571494880098978, 
          77.33147272076113, 
          1.0
        ]
      ], 
      "projected_cuboid": [
        [
          493.0932962834925, 
          471.97867077427964
        ], 
        [
          385.35240492513196, 
          468.0614643666531
        ], 
        [
          354.56597519851357, 
          344.131409915111
        ], 
        [
          446.62133636655017, 
          360.4063133880647
        ], 
        [
          466.5401998564306, 
          503.5257304007196
        ], 
        [
          359.589329044983, 
          504.19746732316855
        ], 
        [
          334.73459512914246, 
          377.6214385356527
        ], 
        [
          426.00732640356097, 
          389.982221901424
        ]
      ], 
      "projected_cuboid_centroid": [
        409.30730660917834, 
        422.05521201632496
      ], 
      "quaternion_xyzw": [
        0.8321866203694928, 
        -0.030791345405136276, 
        0.3240539849185192, 
        0.44889457201504657
      ], 
      "visibility": 0.9266662758661117
    }, 
    {
      "bounding_box": {
        "bottom_right": [
          505, 
          377
        ], 
        "top_left": [
          386, 
          287
        ]
      }, 
      "class": "004_sugar_box", 
      "cuboid": [
        [
          -13.284661966686462, 
          27.40464492222454, 
          70.82553072240488
        ], 
        [
          -21.10354524464286, 
          26.349926741478573, 
          65.96313668294418
        ], 
        [
          -27.752511663456403, 
          16.309330983523456, 
          78.83281625986734
        ], 
        [
          -19.933628385500008, 
          17.36404916426942, 
          83.69521029932805
        ], 
        [
          -15.008700237305373, 
          31.07835633104987, 
          72.80095974327699
        ], 
        [
          -22.827583515261768, 
          30.02363815030391, 
          67.9385657038163
        ], 
        [
          -29.476549934075315, 
          19.98304239234879, 
          80.80824528073946
        ], 
        [
          -21.657666656118916, 
          21.03776057309475, 
          85.67063932020017
        ]
      ], 
      "cuboid_centroid": [
        -21.380605950380886, 
        23.693843657286664, 
        75.81688800157217
      ], 
      "location": [
        -21.380605950380886, 
        23.693843657286664, 
        75.81688800157217
      ], 
      "pose_transform_permuted": [
        [
          0.3819821511262294, 
          -0.813956517366814, 
          -0.437680902825334, 
          0.0
        ], 
        [
          0.8436702863900477, 
          0.1138058157383456, 
          0.5246602648972228, 
          0.0
        ], 
        [
          0.37723991222199743, 
          0.5696695130945536, 
          -0.7301821799229449, 
          0.0
        ], 
        [
          -21.380605950380886, 
          23.693843657286664, 
          75.81688800157217, 
          1.0
        ]
      ], 
      "projected_cuboid": [
        [
          380.72930120015394, 
          479.64480537173665
        ], 
        [
          309.5505617370596, 
          486.32874083940175
        ], 
        [
          292.28121201304, 
          383.6223855967265
        ], 
        [
          353.51819754015594, 
          383.93310221530027
        ], 
        [
          370.7312375220853, 
          500.9579327345858
        ], 
        [
          300.90657466359806, 
          508.9729116592052
        ], 
        [
          285.43604779501766, 
          405.1709490604486
        ], 
        [
          345.6495154242408, 
          404.25147286142663
        ]
      ], 
      "projected_cuboid_centroid": [
        329.9458887063423, 
        439.9564074010872
      ], 
      "quaternion_xyzw": [
        0.8442482902425589, 
        -0.0780084779348399, 
        0.26847623693823747, 
        0.45725253907417346
      ], 
      "visibility": 0.673567069522556
    }, 
    {
      "bounding_box": {
        "bottom_right": [
          404, 
          354
        ], 
        "top_left": [
          305, 
          220
        ]
      }, 
      "class": "024_bowl", 
      "cuboid": [
        [
          -32.168420012328774, 
          7.204404513618096, 
          60.922581086794935
        ], 
        [
          -30.948129496853394, 
          19.78067739855994, 
          70.9269097882662
        ], 
        [
          -32.980696837449635, 
          16.720724626185707, 
          75.02144975696827
        ], 
        [
          -34.20098735292502, 
          4.1444517412438655, 
          65.017121055497
        ], 
        [
          -17.214656931399514, 
          2.59097838054652, 
          64.89803730304834
        ], 
        [
          -15.994366415924127, 
          15.167251265488362, 
          74.90236600451959
        ], 
        [
          -18.026933756520375, 
          12.107298493114133, 
          78.99690597322166
        ], 
        [
          -19.24722427199576, 
          -0.4689743918277117, 
          68.9925772717504
        ]
      ], 
      "cuboid_centroid": [
        -25.097676884424576, 
        9.655851503366113, 
        69.9597435300083
      ], 
      "location": [
        -25.097676884424576, 
        9.655851503366113, 
        69.9597435300083
      ],