{
  "camera_data": {
    "location_worldframe": [
      -17.1185740712933, 
      3.7453270219805948, 
      83.05379674819197
    ], 
    "quaternion_xyzw_worldframe": [
      0.9187517949194979, 
      0.0219720306823634, 
      -0.04419962758014732, 
      -0.3917414580923879
    ]
  }, 
  "objects": [
    {
      "bounding_box": {
        "bottom_right": [
          486, 
          387
        ], 
        "top_left": [
          310, 
          223
        ]
      }, 
      "class": "003_cracker_box", 
      "cuboid": [
        [
          -17.172453615683526, 
          27.50360397937242, 
          71.63203251158812
        ], 
        [
          -31.3092658269215, 
          20.843990248630533, 
          66.64422726793002
        ], 
        [
          -28.41547062505579, 
          4.579320311159438, 
          80.15866430027356
        ], 
        [
          -14.27865841381782, 
          11.238934041901324, 
          85.14646954393166
        ], 
        [
          -20.681841451165837, 
          31.125608149669524, 
          76.74257850447987
        ], 
        [
          -34.81865366240381, 
          24.465994418927643, 
          71.75477326082176
        ], 
        [
          -31.924858460538104, 
          8.201324481456547, 
          85.26921029316529
        ], 
        [
          -17.788046249300127, 
          14.860938212198432, 
          90.25701553682339
        ]
      ], 
      "cuboid_centroid": [
        -24.548656038110813, 
        17.852464230414483, 
        78.45062140237671
      ], 
      "location": [
        -24.548656038110813, 
        17.852464230414483, 
        78.45062140237671
      ], 
      "pose_transform_permuted": [
        [
          0.48877269072224283, 
          -0.5044574173945633, 
          -0.7117752249409542, 
          0.0
        ], 
        [
          0.8618115300433367, 
          0.4059848721924615, 
          0.30406770666289684, 
          0.0
        ], 
        [
          -0.13558076371116135, 
          0.7620360868006696, 
          -0.6331815371005539, 
          0.0
        ], 
        [
          -24.548656038110813, 
          17.852464230414483, 
          78.45062140237671, 
          1.0
        ]
      ], 
      "projected_cuboid": [
        [
          352.67810186948486, 
          478.0582036131515
        ], 
        [
          228.95708396365785, 
          440.0903054905297
        ], 
        [
          290.9649298914326, 
          303.7541264932161
        ], 
        [
          391.4165982194713, 
          343.6822179270637
        ], 
        [
          336.6716525800977, 
          489.5927487945255
        ], 
        [
          220.64970297999963, 
          455.1308021663573
        ], 
        [
          280.257803787312, 
          324.5820400608336
        ], 
        [
          375.6133828131419, 
          361.09831998776895
        ]
      ], 
      "projected_cuboid_centroid": [
        313.32072320074536, 
        394.6503794876541
      ], 
      "quaternion_xyzw": [
        0.9131843792171656, 
        0.148262948926011, 
        0.21705375590874873, 
        0.3114483176635059
      ], 
      "visibility": 0.8852097130242825
    }, 
    {
      "bounding_box": {
        "bottom_right": [
          447, 
          296
        ], 
        "top_left": [
          321, 
          191
        ]
      }, 
      "class": "004_sugar_box", 
      "cuboid": [
        [
          -31.142234628891945, 
          23.228078863874313, 
          74.93947694642571
        ], 
        [
          -39.71845785368134, 
          20.342824638796227, 
          72.9359936783805
        ], 
        [
          -37.96483949625367, 
          7.1257265524606055, 
          84.46353074657185
        ], 
        [
          -29.38861627146427, 
          10.010980777538693, 
          86.46701401461708
        ], 
        [
          -32.79291094629215, 
          25.862673019266776, 
          78.21132116978688
        ], 
        [
          -41.36913417108155, 
          22.977418794188686, 
          76.20783790174166
        ], 
        [
          -39.61551581365387, 
          9.760320707853063, 
          87.735374969933
        ], 
        [
          -31.039292588864477, 
          12.645574932931153, 
          89.73885823797823
        ]
      ], 
      "cuboid_centroid": [
        -35.37887522127291, 
        16.49419978586369, 
        81.33742595817937
      ], 
      "location": [
        -35.37887522127291, 
        16.49419978586369, 
        81.33742595817937
      ], 
      "pose_transform_permuted": [
        [
          0.3657278966941385, 
          -0.5837271480407042, 
          -0.7249178373173616, 
          0.0
        ], 
        [
          0.9253885045965511, 
          0.31132364710474963, 
          0.21617911950351648, 
          0.0
        ], 
        [
          -0.09949438657940254, 
          0.7498935334987744, 
          -0.6540335441363697, 
          0.0
        ], 
        [
          -35.37887522127291, 
          16.49419978586369, 
          81.33742595817937, 
          1.0
        ]
      ], 
      "projected_cuboid": [
        [
          258.1210868733945, 
          438.5931272762087
        ], 
        [
          188.74910199462883, 
          422.03650640892243
        ], 
        [
          239.88180520702815, 
          318.2797969792436
        ], 
        [
          298.82054391902506, 
          335.0332301305215
        ], 
        [
          256.1201524212507, 
          449.64297574552785
        ], 
        [
          189.67392289039083, 
          434.0876806337908
        ], 
        [
          238.77826357685746, 
          332.6168841879999
        ], 
        [
          295.5927559106591, 
          348.4394080380787
        ]
      ], 
      "projected_cuboid_centroid": [
        247.6889282766165, 
        381.4369945629029
      ], 
      "quaternion_xyzw": [
        0.921981544746516, 
        0.11139540591268017, 
        0.15778705645286017, 
        0.3356251269968144
      ], 
      "visibility": 0.5270702675028798
    }, 
    {
      "bounding_box": {
        "bottom_right": [
          342, 
          260
        ], 
        "top_left": [
          258, 
          137
        ]
      }, 
      "class": "024_bowl", 
      "cuboid": [
        [
          -46.72592865378139, 
          -0.53117822848219, 
          67.49913175518294
        ], 
        [
          -44.798019279801906, 
          10.367952870144947, 
          79.21367178569312
        ], 
        [
          -44.20047273626489, 
          6.315726126381841, 
          82.88549627277797
        ], 
        [
          -46.12838211024439, 
          -4.583404972245297, 
          71.1709562422678
        ], 
        [
          -30.79181142453562, 
          -0.5455592278297308, 
          64.8901694318196
        ], 
        [
          -28.863902050556128, 
          10.353571870797406, 
          76.60470946232975
        ], 
        [
          -28.266355507019124, 
          6.3013451270343, 
          80.27653394941461
        ], 
        [
          -30.19426488099861, 
          -4.597785971592838, 
          68.56199391890445
        ]
      ], 
      "cuboid_centroid": [
        -37.496142080400254, 
        2.885083449276055, 
        73.88783285229879
      ], 
      "location": [
        -37.496142080400254, 
        2.885083449276055, 
        73.88783285229879
      ],