{
  "camera_data": {
    "location_worldframe": [
      -11.897355443614629, 
      2.3998109913722976, 
      90.92718014369876
    ], 
    "quaternion_xyzw_worldframe": [
      0.9429595009269356, 
      -0.03101616253124931, 
      0.15603281732335494, 
      -0.2924379755056192
    ]
  }, 
  "objects": [
    {
      "bounding_box": {
        "bottom_right": [
          455, 
          461
        ], 
        "top_left": [
          310, 
          330
        ]
      }, 
      "class": "003_cracker_box", 
      "cuboid": [
        [
          -2.0420986978285023, 
          22.32237532618565, 
          76.75396655416165
        ], 
        [
          -15.287735110046786, 
          17.76000844766108, 
          68.2207350333241
        ], 
        [
          -21.129693000401588, 
          4.857056081635805, 
          84.18754108193004
        ], 
        [
          -7.884056588183309, 
          9.419422960160375, 
          92.72077260276758
        ], 
        [
          -5.793976379236058, 
          27.681866423564884, 
          79.71228813502658
        ], 
        [
          -19.039612791454342, 
          23.119499545040316, 
          71.17905661418905
        ], 
        [
          -24.881570681809144, 
          10.21654717901504, 
          87.14586266279498
        ], 
        [
          -11.635934269590864, 
          14.77891405753961, 
          95.67909418363251
        ]
      ], 
      "cuboid_centroid": [
        -13.461834689818824, 
        16.269461252600344, 
        81.94991460847831
      ], 
      "location": [
        -13.461834689818824, 
        16.269461252600344, 
        81.94991460847831
      ], 
      "pose_transform_permuted": [
        [
          0.522545650572209, 
          -0.7464472458935091, 
          -0.4120225141494839, 
          0.0
        ], 
        [
          0.8074834702647525, 
          0.2781320372265157, 
          0.5202047819055681, 
          0.0
        ], 
        [
          0.273708765510458, 
          0.6045321157442526, 
          -0.7480804988211613, 
          0.0
        ], 
        [
          -13.461834689818824, 
          16.269461252600344, 
          81.94991460847831, 
          1.0
        ]
      ], 
      "projected_cuboid": [
        [
          467.2894411151089, 
          428.3920059959178
        ], 
        [
          361.0883432423121, 
          412.12644197537355
        ], 
        [
          346.6271144370161, 
          304.0554984666451
        ], 
        [
          435.87094076993327, 
          327.4660123948689
        ], 
        [
          442.5090929656958, 
          458.49363475184856
        ], 
        [
          337.7511239668811, 
          446.51279928634364
        ], 
        [
          328.0566368800359, 
          335.81027136903117
        ], 
        [
          416.1973408030478, 
          355.664871013747
        ]
      ], 
      "projected_cuboid_centroid": [
        393.25908431733507, 
        379.1661149780687
      ], 
      "quaternion_xyzw": [
        0.8402437295449591, 
        0.0013160680527937946, 
        0.31025236958402747, 
        0.4446709008837366
      ], 
      "visibility": 0.9523809523809523
    }, 
    {
      "bounding_box": {
        "bottom_right": [
          446, 
          357
        ], 
        "top_left": [
          340, 
          282
        ]
      }, 
      "class": "004_sugar_box", 
      "cuboid": [
        [
          -16.970823648505384, 
          21.924202744847243, 
          75.59294450798029
        ], 
        [
          -24.997792328155082, 
          20.492005255172412, 
          71.1876265720559
        ], 
        [
          -30.455216240495535, 
          10.257686504612343, 
          84.45888174927254
        ], 
        [
          -22.428247560845836, 
          11.689883994287174, 
          88.86419968519691
        ], 
        [
          -18.741759207599106, 
          25.531965171159232, 
          77.64687264966993
        ], 
        [
          -26.768727887248804, 
          24.099767681484398, 
          73.24155471374554
        ], 
        [
          -32.22615179958926, 
          13.865448930924329, 
          86.51280989096216
        ], 
        [
          -24.199183119939562, 
          15.29764642059916, 
          90.91812782688655
        ]
      ], 
      "cuboid_centroid": [
        -24.59848772404732, 
        17.894825837885787, 
        81.05287719947123
      ], 
      "location": [
        -24.59848772404732, 
        17.894825837885787, 
        81.05287719947123
      ], 
      "pose_transform_permuted": [
        [
          0.3923728294765233, 
          -0.7993446989203531, 
          -0.45507336072050025, 
          0.0
        ], 
        [
          0.8661230413678735, 
          0.15453645019712872, 
          0.47534100619186476, 
          0.0
        ], 
        [
          0.3096358122405605, 
          0.5806607018180958, 
          -0.7529662240379139, 
          0.0
        ], 
        [
          -24.59848772404732, 
          17.894825837885787, 
          81.05287719947123, 
          1.0
        ]
      ], 
      "projected_cuboid": [
        [
          360.8675702015362, 
          427.9650829878046
        ], 
        [
          292.7592908734563, 
          426.80742675509566
        ], 
        [
          287.68354443609974, 
          338.059182108792
        ], 
        [
          345.87194510721525, 
          343.4435199971166
        ], 
        [
          351.7960431427209, 
          448.6535110217941
        ], 
        [
          285.05210610811264, 
          448.77268248839425
        ], 
        [
          281.2791636636983, 
          358.7619196462016
        ], 
        [
          338.4633480981244, 
          363.02149631744317
        ]
      ], 
      "projected_cuboid_centroid": [
        318.3927258638851, 
        391.0326487492804
      ], 
      "quaternion_xyzw": [
        0.8517419069040911, 
        -0.04552416664784832, 
        0.2546880189394319, 
        0.45562831603548837
      ], 
      "visibility": 0.6649701904900392
    }, 
    {
      "bounding_box": {
        "bottom_right": [
          353, 
          342
        ], 
        "top_left": [
          260, 
          217
        ]
      }, 
      "class": "024_bowl", 
      "cuboid": [
        [
          -35.46892133215057, 
          0.8427027916528638, 
          66.86922604146207
        ], 
        [
          -34.2441539966181, 
          13.52975846884738, 
          76.7321315263252
        ], 
        [
          -35.903817955555574, 
          10.411688415883635, 
          80.9491272823976
        ], 
        [
          -37.12858529108804, 
          -2.275367261310883, 
          71.08622179753446
        ], 
        [
          -20.124013286869292, 
          -3.0791824671660173, 
          70.00858842763861
        ], 
        [
          -18.899245951336823, 
          9.607873210028501, 
          79.87149391250176
        ], 
        [
          -20.558909910274295, 
          6.489803157064753, 
          84.08848966857416
        ], 
        [
          -21.78367724580676, 
          -6.197252520129764, 
          74.225584183711
        ]
      ], 
      "cuboid_centroid": [
        -28.013915621212433, 
        3.666252974358809, 
        75.4788578550181
      ], 
      "location": [
        -28.013915621212433, 
        3.666252974358809, 
        75.4788578550181
      ],