{
  "camera_data": {
    "location_worldframe": [
      -9.945898764789126, 
      6.675499438917154, 
      83.45489580082163
    ], 
    "quaternion_xyzw_worldframe": [
      0.9325964829545609, 
      -0.02165963109291904, 
      0.1397684971531942, 
      -0.33205577928187
    ]
  }, 
  "objects": [
    {
      "bounding_box": {
        "bottom_right": [
          507, 
          466
        ], 
        "top_left": [
          344, 
          328
        ]
      }, 
      "class": "003_cracker_box", 
      "cuboid": [
        [
          -1.1563995871948243, 
          28.02269135020086, 
          70.72865672848039
        ], 
        [
          -14.395200647369421, 
          23.622367825898298, 
          62.100249282274234
        ], 
        [
          -19.404737083490296, 
          9.285992056949858, 
          77.09779647016737
        ], 
        [
          -6.1659360233157035, 
          13.686315581252417, 
          85.72620391637352
        ], 
        [
          -5.046577548304933, 
          32.98090095210792, 
          74.16887045867107
        ], 
        [
          -18.28537860847953, 
          28.580577427805366, 
          65.54046301246491
        ], 
        [
          -23.294915044600405, 
          14.244201658856925, 
          80.53801020035804
        ], 
        [
          -10.056113984425812, 
          18.644525183159484, 
          89.1664176465642
        ]
      ], 
      "cuboid_centroid": [
        -12.225657315897616, 
        21.13344650452889, 
        75.63333346441922
      ], 
      "location": [
        -12.225657315897616, 
        21.13344650452889, 
        75.63333346441922
      ], 
      "pose_transform_permuted": [
        [
          0.5418075284286259, 
          -0.6905584568870868, 
          -0.47913841398889034, 
          0.0
        ], 
        [
          0.807066771993945, 
          0.26825351376955053, 
          0.5260069181042808, 
          0.0
        ], 
        [
          0.2347079625435351, 
          0.6716912013507512, 
          -0.7026685579607557, 
          0.0
        ], 
        [
          -12.225657315897616, 
          21.13344650452889, 
          75.63333346441922, 
          1.0
        ]
      ], 
      "projected_cuboid": [
        [
          472.80473348520377, 
          484.5877383929628
        ], 
        [
          356.94022751318573, 
          476.1564379903483
        ], 
        [
          346.2472944455383, 
          337.52185520038296
        ], 
        [
          442.9178977688433, 
          358.4318003105906
        ], 
        [
          445.00668015047825, 
          510.43940601908855
        ], 
        [
          331.5642769010657, 
          505.85403811778406
        ], 
        [
          326.0535303669563, 
          367.6110894870985
        ], 
        [
          420.9484930769571, 
          384.80262959476346
        ]
      ], 
      "projected_cuboid_centroid": [
        394.67086477761626, 
        422.3065581828097
      ], 
      "quaternion_xyzw": [
        0.8599267973690531, 
        0.009752443850060284, 
        0.3104376005608518, 
        0.4050423300885673
      ], 
      "visibility": 0.9409909669143193
    }, 
    {
      "bounding_box": {
        "bottom_right": [
          499, 
          354
        ], 
        "top_left": [
          373, 
          277
        ]
      }, 
      "class": "004_sugar_box", 
      "cuboid": [
        [
          -16.080259631664543, 
          27.12578676426105, 
          69.80801091653592
        ], 
        [
          -24.13771882425691, 
          25.726584144336062, 
          65.44798507507706
        ], 
        [
          -28.921350044664685, 
          14.275105771935992, 
          77.96323519081359
        ], 
        [
          -20.863890852072316, 
          15.674308391860977, 
          82.32326103227246
        ], 
        [
          -17.943693322326872, 
          30.488414202293214, 
          72.1725689902346
        ], 
        [
          -26.00115251491924, 
          29.089211582368225, 
          67.81254314877575
        ], 
        [
          -30.784783735327014, 
          17.637733209968157, 
          80.32779326451227
        ], 
        [
          -22.727324542734646, 
          19.036935829893142, 
          84.68781910597114
        ]
      ], 
      "cuboid_centroid": [
        -23.43252168349578, 
        22.381759987114602, 
        75.0679020905241
      ], 
      "location": [
        -23.43252168349578, 
        22.381759987114602, 
        75.0679020905241
      ], 
      "pose_transform_permuted": [
        [
          0.4128669425561875, 
          -0.7450319891996956, 
          -0.5238972909401075, 
          0.0
        ], 
        [
          0.8694130175539925, 
          0.15097624981790905, 
          0.4704539151648557, 
          0.0
        ], 
        [
          0.27140708916545375, 
          0.6497182304595196, 
          -0.7100730486076459, 
          0.0
        ], 
        [
          -23.43252168349578, 
          22.381759987114602, 
          75.0679020905241, 
          1.0
        ]
      ], 
      "projected_cuboid": [
        [
          357.723248411214, 
          480.52225635195015
        ], 
        [
          283.2655751487095, 
          482.9261642668828
        ], 
        [
          282.10738190504827, 
          370.9376095586955
        ], 
        [
          345.30691694728785, 
          374.8303241874532
        ], 
        [
          347.8970671409747, 
          498.58083720634335
        ], 
        [
          275.40388425170846, 
          502.0620045179082
        ], 
        [
          275.5046530557256, 
          390.3885787738314
        ], 
        [
          337.27953336361713, 
          393.1712013112364
        ]
      ], 
      "projected_cuboid_centroid": [
        313.73348616735916, 
        432.29765424481815
      ], 
      "quaternion_xyzw": [
        0.8722139271637463, 
        -0.03451872172551753, 
        0.2531835454042262, 
        0.4170722894035391
      ], 
      "visibility": 0.633913340156943
    }, 
    {
      "bounding_box": {
        "bottom_right": [
          394, 
          340
        ], 
        "top_left": [
          299, 
          201
        ]
      }, 
      "class": "024_bowl", 
      "cuboid": [
        [
          -33.94166296938833, 
          6.077094713786075, 
          59.776304604571514
        ], 
        [
          -32.9937083449037, 
          17.99029898332686, 
          70.58904188279472
        ], 
        [
          -34.44444479642058, 
          14.48790434601721, 
          74.57507927239642
        ], 
        [
          -35.39239942090522, 
          2.574700076476429, 
          63.76234199417322
        ], 
        [
          -18.395968527620838, 
          2.5320152782451504, 
          62.31929088296996
        ], 
        [
          -17.448013903136207, 
          14.445219547785932, 
          73.13202816119316
        ], 
        [
          -18.89875035465309, 
          10.942824910476286, 
          77.11806555079487
        ], 
        [
          -19.84670497913772, 
          -0.9703793590644966, 
          66.30532827257166
        ]
      ], 
      "cuboid_centroid": [
        -26.42020666202071, 
        8.50995981213118, 
        68.44718507768319
      ], 
      "location": [
        -26.42020666202071, 
        8.50995981213118, 
        68.44718507768319
      ],