{
  "camera_data": {
    "location_worldframe": [
      -10.735308731639773, 
      5.4740217521472525, 
      83.05990746101457
    ], 
    "quaternion_xyzw_worldframe": [
      0.9279148364002202, 
      -0.008584397141713317, 
      0.10972764490905372, 
      -0.356177338018602
    ]
  }, 
  "objects": [
    {
      "bounding_box": {
        "bottom_right": [
          501, 
          447
        ], 
        "top_left": [
          334, 
          315
        ]
      }, 
      "class": "003_cracker_box", 
      "cuboid": [
        [
          -3.6162092256694978, 
          27.79422719435345, 
          70.97513379035081
        ], 
        [
          -17.003259701932937, 
          23.102110102984593, 
          62.73808137859481
        ], 
        [
          -20.595534217096464, 
          7.871133045020967, 
          77.25243457857887
        ], 
        [
          -7.208483740833027, 
          12.563250136389826, 
          85.48948699033487
        ], 
        [
          -7.585695326852885, 
          32.38576580631764, 
          74.8109323776461
        ], 
        [
          -20.97274580311632, 
          27.693648714948782, 
          66.5738799658901
        ], 
        [
          -24.56502031827985, 
          12.462671656985155, 
          81.08823316587417
        ], 
        [
          -11.177969842016413, 
          17.154788748354015, 
          89.32528557763017
        ]
      ], 
      "cuboid_centroid": [
        -14.090614771974675, 
        20.128449425669302, 
        76.03168347811248
      ], 
      "location": [
        -14.090614771974675, 
        20.128449425669302, 
        76.03168347811248
      ], 
      "pose_transform_permuted": [
        [
          0.5528532306527763, 
          -0.6394900726657289, 
          -0.5342337993039836, 
          0.0
        ], 
        [
          0.8161043862876394, 
          0.2860418989254561, 
          0.5021490443495777, 
          0.0
        ], 
        [
          0.1683060784370653, 
          0.7136052683529597, 
          -0.6800298412128958, 
          0.0
        ], 
        [
          -14.090614771974675, 
          20.128449425669302, 
          76.03168347811248, 
          1.0
        ]
      ], 
      "projected_cuboid": [
        [
          454.1977941987647, 
          482.1372279377524
        ], 
        [
          335.85239453666196, 
          469.67137251514316
        ], 
        [
          338.2289372084487, 
          327.62565904027133
        ], 
        [
          436.25274297641886, 
          351.6614067740361
        ], 
        [
          427.06875529927794, 
          504.161392385263
        ], 
        [
          312.18546122061485, 
          495.13878989632985
        ], 
        [
          318.6858363799397, 
          355.25387891123336
        ], 
        [
          414.3024622717643, 
          375.70977374831205
        ]
      ], 
      "projected_cuboid_centroid": [
        381.93564814526934, 
        414.4763126451743
      ], 
      "quaternion_xyzw": [
        0.875206183414026, 
        0.033630881133952926, 
        0.3013582099268812, 
        0.3769168736706729
      ], 
      "visibility": 0.9386789946330836
    }, 
    {
      "bounding_box": {
        "bottom_right": [
          484, 
          338
        ], 
        "top_left": [
          359, 
          262
        ]
      }, 
      "class": "004_sugar_box", 
      "cuboid": [
        [
          -18.503429771782674, 
          26.166407755991422, 
          70.66792369644368
        ], 
        [
          -26.67370246180689, 
          24.54689690532083, 
          66.60417287666031
        ], 
        [
          -30.29876319680315, 
          12.31640172010828, 
          78.76661063468939
        ], 
        [
          -22.128490506778935, 
          13.935912570778875, 
          82.83036145447274
        ], 
        [
          -20.420986338317643, 
          29.319148022530634, 
          73.26676746171252
        ], 
        [
          -28.591259028341863, 
          27.699637171860036, 
          69.20301664192917
        ], 
        [
          -32.21631976333812, 
          15.46914198664749, 
          81.36545439995821
        ], 
        [
          -24.046047073313908, 
          17.088652837318083, 
          85.42920521974158
        ]
      ], 
      "cuboid_centroid": [
        -25.3598747675604, 
        20.817774871319454, 
        76.01668904820094
      ], 
      "location": [
        -25.3598747675604, 
        20.817774871319454, 
        76.01668904820094
      ], 
      "pose_transform_permuted": [
        [
          0.4248585397865367, 
          -0.6985288722869265, 
          -0.5758062038506881, 
          0.0
        ], 
        [
          0.8815857783311388, 
          0.17474786802984055, 
          0.43848535603673894, 
          0.0
        ], 
        [
          0.2056737103679675, 
          0.6939170149883908, 
          -0.6900556662855144, 
          0.0
        ], 
        [
          -25.3598747675604, 
          20.817774871319454, 
          76.01668904820094, 
          1.0
        ]
      ], 
      "projected_cuboid": [
        [
          340.7909124038275, 
          470.7602565734228
        ], 
        [
          266.2328240889942, 
          469.84090177383194
        ], 
        [
          274.7380396132937, 
          356.67946524602
        ], 
        [
          337.9310781020011, 
          363.0156536444453
        ], 
        [
          331.7109468989021, 
          486.70493139534415
        ], 
        [
          259.41961100780753, 
          486.7564077549697
        ], 
        [
          268.6715998911772, 
          374.68087562970305
        ], 
        [
          330.2308138074584, 
          379.96800814977564
        ]
      ], 
      "projected_cuboid_centroid": [
        302.1939891026589, 
        419.3403474269229
      ], 
      "quaternion_xyzw": [
        0.8875963324014776, 
        -0.008710559408930323, 
        0.24316906917793793, 
        0.39110812198138856
      ], 
      "visibility": 0.6148859821738627
    }, 
    {
      "bounding_box": {
        "bottom_right": [
          381, 
          328
        ], 
        "top_left": [
          289, 
          189
        ]
      }, 
      "class": "024_bowl", 
      "cuboid": [
        [
          -35.73799454822137, 
          4.687649191609579, 
          60.45289250668879
        ], 
        [
          -34.886886977072976, 
          16.140277632800053, 
          71.76002561265925
        ], 
        [
          -35.975996950502115, 
          12.393206240291258, 
          75.63729191299733
        ], 
        [
          -36.827104521650526, 
          0.9405777991007822, 
          64.33015880702688
        ], 
        [
          -19.93430546658967, 
          1.8438142684061651, 
          62.14374951835542
        ], 
        [
          -19.083197895441266, 
          13.29644270959664, 
          73.45088262432587
        ], 
        [
          -20.17230786887041, 
          9.549371317087843, 
          77.32814892466395
        ], 
        [
          -21.023415440018812, 
          -1.9032571241026321, 
          66.0210158186935
        ]
      ], 
      "cuboid_centroid": [
        -27.955151208545892, 
        7.1185102543487115, 
        68.89052071567637
      ], 
      "location": [
        -27.955151208545892, 
        7.1185102543487115, 
        68.89052071567637
      ],