{
  "camera_data": {
    "location_worldframe": [
      -16.289326353800927, 
      1.5577866237624112, 
      85.24010446862536
    ], 
    "quaternion_xyzw_worldframe": [
      0.9056532010807158, 
      0.013526305892249279, 
      -0.025665495144578963, 
      -0.4230279543296913
    ]
  }, 
  "objects": [
    {
      "bounding_box": {
        "bottom_right": [
          465, 
          396
        ], 
        "top_left": [
          298, 
          247
        ]
      }, 
      "class": "003_cracker_box", 
      "cuboid": [
        [
          -15.301332670821315, 
          26.02027871234987, 
          75.46642012624767
        ], 
        [
          -29.505689287521868, 
          20.182675256293052, 
          69.70128745799231
        ], 
        [
          -27.475483851282718, 
          2.9578127704640105, 
          82.14057704290592
        ], 
        [
          -13.271127234582163, 
          8.795416226520826, 
          87.90570971116128
        ], 
        [
          -18.826989639267865, 
          29.403785883931597, 
          80.72703032808187
        ], 
        [
          -33.031346255968415, 
          23.566182427874782, 
          74.9618976598265
        ], 
        [
          -31.001140819729265, 
          6.341319942045738, 
          87.40118724474011
        ], 
        [
          -16.796784203028714, 
          12.178923398102553, 
          93.16631991299546
        ]
      ], 
      "cuboid_centroid": [
        -23.15123674527529, 
        16.180799327197803, 
        81.43380368549388
      ], 
      "location": [
        -23.15123674527529, 
        16.180799327197803, 
        81.43380368549388
      ], 
      "pose_transform_permuted": [
        [
          0.4910385867324386, 
          -0.4712405644116341, 
          -0.7326755330927969, 
          0.0
        ], 
        [
          0.8659291873021139, 
          0.3558732966864553, 
          0.35145531619797016, 
          0.0
        ], 
        [
          -0.09511965579263881, 
          0.8070232506926422, 
          -0.5828084796254865, 
          0.0
        ], 
        [
          -23.15123674527529, 
          16.180799327197803, 
          81.43380368549388, 
          1.0
        ]
      ], 
      "projected_cuboid": [
        [
          372.561737610609, 
          457.17129326269054
        ], 
        [
          253.95280887604284, 
          427.7143304587543
        ], 
        [
          301.71853501405843, 
          292.4909255159686
        ], 
        [
          400.41082163493746, 
          326.64789222290193
        ], 
        [
          356.1808664910225, 
          467.54135904373027
        ], 
        [
          244.63575900210574, 
          440.9491370047913
        ], 
        [
          290.8525429686427, 
          311.98109368325424
        ], 
        [
          384.64458490289627, 
          343.0033450444924
        ]
      ], 
      "projected_cuboid_centroid": [
        328.71335833005503, 
        379.2565008470442
      ], 
      "quaternion_xyzw": [
        0.9227171791897494, 
        0.12219154542974835, 
        0.22826439182323832, 
        0.2855829141933543
      ], 
      "visibility": 0.9026548672566371
    }, 
    {
      "bounding_box": {
        "bottom_right": [
          430, 
          307
        ], 
        "top_left": [
          310, 
          213
        ]
      }, 
      "class": "004_sugar_box", 
      "cuboid": [
        [
          -29.479536011821295, 
          21.995678964217362, 
          78.14136473718733
        ], 
        [
          -38.08708053649393, 
          19.536975732568994, 
          75.74236544070033
        ], 
        [
          -37.0489113502522, 
          5.522622627405667, 
          86.38055522140957
        ], 
        [
          -28.44136682557956, 
          7.981325859054037, 
          88.7795545178966
        ], 
        [
          -31.13121980058929, 
          24.456992458322084, 
          81.54498925173867
        ], 
        [
          -39.73876432526192, 
          21.998289226673716, 
          79.14598995525165
        ], 
        [
          -38.70059513902019, 
          7.983936121510387, 
          89.78417973596092
        ], 
        [
          -30.093050614347554, 
          10.442639353158755, 
          92.18317903244792
        ]
      ], 
      "cuboid_centroid": [
        -34.090065575420745, 
        14.989807542863876, 
        83.96277223657412
      ], 
      "location": [
        -34.090065575420745, 
        14.989807542863876, 
        83.96277223657412
      ], 
      "pose_transform_permuted": [
        [
          0.36595111452336254, 
          -0.5453346593846925, 
          -0.7541154021062185, 
          0.0
        ], 
        [
          0.9287681240515563, 
          0.26529809767605067, 
          0.25885594548045615, 
          0.0
        ], 
        [
          -0.05890221547536384, 
          0.7951270922771896, 
          -0.603574980875272, 
          0.0
        ], 
        [
          -34.090065575420745, 
          14.989807542863876, 
          83.96277223657412, 
          1.0
        ]
      ], 
      "projected_cuboid": [
        [
          278.72073359389583, 
          423.40838927257477
        ], 
        [
          211.18220500641834, 
          410.85092078746203
        ], 
        [
          250.9482688833807, 
          307.3835959374777
        ], 
        [
          309.31929884678857, 
          321.23223227353395
        ], 
        [
          276.2962898200125, 
          433.2398734736472
        ], 
        [
          211.58872655112947, 
          421.5204339435824
        ], 
        [
          249.79913325538965, 
          320.71125686744557
        ], 
        [
          306.04486991674094, 
          333.7017257140354
        ]
      ], 
      "projected_cuboid_centroid": [
        263.25731990546035, 
        368.49966277025106
      ], 
      "quaternion_xyzw": [
        0.9324712620819696, 
        0.0869196527374898, 
        0.16751375763816695, 
        0.3080281631668582
      ], 
      "visibility": 0.539277242918934
    }, 
    {
      "bounding_box": {
        "bottom_right": [
          332, 
          275
        ], 
        "top_left": [
          252, 
          152
        ]
      }, 
      "class": "024_bowl", 
      "cuboid": [
        [
          -45.60213662946501, 
          -0.6803515315453874, 
          68.73002342846182
        ], 
        [
          -43.638368074090955, 
          9.335188238322656, 
          81.20283055295788
        ], 
        [
          -43.26379166990239, 
          5.027284534373373, 
          84.60305947369883
        ], 
        [
          -45.22756022527644, 
          -4.9882552354946705, 
          72.13025234920276
        ], 
        [
          -29.613907826771342, 
          -1.0455578891743125, 
          66.506029911771
        ], 
        [
          -27.65013927139729, 
          8.96998188069373, 
          78.97883703626707
        ], 
        [
          -27.275562867208723, 
          4.662078176744448, 
          82.37906595700801
        ], 
        [
          -29.239331422582776, 
          -5.353461593123596, 
          69.90625883251195
        ]
      ], 
      "cuboid_centroid": [
        -36.438849748336864, 
        1.99086332259953, 
        75.55454469273492
      ], 
      "location": [
        -36.438849748336864, 
        1.99086332259953, 
        75.55454469273492
      ],