{
  "camera_data": {
    "location_worldframe": [
      -12.43993385121572, 
      2.201503493958919, 
      92.22978911855331
    ], 
    "quaternion_xyzw_worldframe": [
      0.943950617083933, 
      -0.03040395496584283, 
      0.15005286522701258, 
      -0.2924439949189091
    ]
  }, 
  "objects": [
    {
      "bounding_box": {
        "bottom_right": [
          451, 
          455
        ], 
        "top_left": [
          308, 
          329
        ]
      }, 
      "class": "003_cracker_box", 
      "cuboid": [
        [
          -2.838557080037249, 
          22.164434275324332, 
          77.93956191592804
        ], 
        [
          -16.15751765620225, 
          17.53618454000168, 
          69.5572764730906
        ], 
        [
          -21.75891103304577, 
          4.612469966550272, 
          85.59334647194656
        ], 
        [
          -8.439950456880771, 
          9.240719701872923, 
          93.975631914784
        ], 
        [
          -6.582209034146813, 
          27.507416225519165, 
          80.93789669732362
        ], 
        [
          -19.90116961031181, 
          22.87916649019651, 
          72.55561125448618
        ], 
        [
          -25.50256298715533, 
          9.955451916745103, 
          88.59168125334216
        ], 
        [
          -12.183602410990337, 
          14.583701652067754, 
          96.97396669617959
        ]
      ], 
      "cuboid_centroid": [
        -14.170560033596292, 
        16.05994309603472, 
        83.2656215846351
      ], 
      "location": [
        -14.170560033596292, 
        16.05994309603472, 
        83.2656215846351
      ], 
      "pose_transform_permuted": [
        [
          0.5214000060743466, 
          -0.744147921718146, 
          -0.4175953834374074, 
          0.0
        ], 
        [
          0.8119534744620097, 
          0.2821484027813786, 
          0.5110027731010736, 
          0.0
        ], 
        [
          0.2624377811496313, 
          0.6055048715002058, 
          -0.7513256694768102, 
          0.0
        ], 
        [
          -14.170560033596292, 
          16.05994309603472, 
          83.2656215846351, 
          1.0
        ]
      ], 
      "projected_cuboid": [
        [
          462.0117157575681, 
          424.9518355320042
        ], 
        [
          356.6794177315421, 
          407.7425015196872
        ], 
        [
          344.89065554510495, 
          302.02616157771865
        ], 
        [
          433.3004886489122, 
          325.72839635673347
        ], 
        [
          437.8638449841834, 
          454.53962651139915
        ], 
        [
          334.09458453934093, 
          441.4597133552473
        ], 
        [
          326.7929098091069, 
          333.21809579142524
        ], 
        [
          414.03354451004054, 
          353.49129757986395
        ]
      ], 
      "projected_cuboid_centroid": [
        390.07769828393816, 
        376.15110555118065
      ], 
      "quaternion_xyzw": [
        0.8418808896452668, 
        0.005853150331055898, 
        0.30657626033370095, 
        0.44408704651351755
      ], 
      "visibility": 0.935363360823289
    }, 
    {
      "bounding_box": {
        "bottom_right": [
          441, 
          354
        ], 
        "top_left": [
          337, 
          282
        ]
      }, 
      "class": "004_sugar_box", 
      "cuboid": [
        [
          -17.777436925179096, 
          21.69546215633486, 
          76.94638876449666
        ], 
        [
          -25.84652551845119, 
          20.22364604622805, 
          72.63201643911243
        ], 
        [
          -31.106269145740967, 
          9.96923273033615, 
          85.96742324010253
        ], 
        [
          -23.037180552468868, 
          11.44104884044296, 
          90.28179556548676
        ], 
        [
          -19.542186978108937, 
          25.29569333153209, 
          79.01877290509847
        ], 
        [
          -27.61127557138104, 
          23.82387722142528, 
          74.70440057971423
        ], 
        [
          -32.87101919867081, 
          13.56946390553338, 
          88.03980738070433
        ], 
        [
          -24.801930605398713, 
          15.04128001564019, 
          92.35417970608857
        ]
      ], 
      "cuboid_centroid": [
        -25.324228061924952, 
        17.63246303093412, 
        82.4930980726005
      ], 
      "location": [
        -25.324228061924952, 
        17.63246303093412, 
        82.4930980726005
      ], 
      "pose_transform_permuted": [
        [
          0.3910023535476822, 
          -0.7976760564368812, 
          -0.45916251714225564, 
          0.0
        ], 
        [
          0.8706678488966824, 
          0.1588113641020927, 
          0.4655278261554465, 
          0.0
        ], 
        [
          0.2984201001007713, 
          0.5818007996294594, 
          -0.7566059706386385, 
          0.0
        ], 
        [
          -25.324228061924952, 
          17.63246303093412, 
          82.4930980726005, 
          1.0
        ]
      ], 
      "projected_cuboid": [
        [
          357.35386469868286, 
          423.65895986773154
        ], 
        [
          290.23061542013147, 
          421.7839501194662
        ], 
        [
          287.0136833842682, 
          335.13307058518103
        ], 
        [
          344.37597490975446, 
          340.8719837560466
        ], 
        [
          348.6022806491825, 
          444.0141781056386
        ], 
        [
          282.83567923150173, 
          443.36674973138776
        ], 
        [
          280.81458353839645, 
          355.48640925853965
        ], 
        [
          337.1792864468664, 
          360.1457273958246
        ]
      ], 
      "projected_cuboid_centroid": [
        316.5110322202689, 
        387.28077572557197
      ], 
      "quaternion_xyzw": [
        0.8531751235339081, 
        -0.04090858141187061, 
        0.2509831088825363, 
        0.4554405022492862
      ], 
      "visibility": 0.638501213592233
    }, 
    {
      "bounding_box": {
        "bottom_right": [
          349, 
          339
        ], 
        "top_left": [
          258, 
          217
        ]
      }, 
      "class": "024_bowl", 
      "cuboid": [
        [
          -36.272668743253845, 
          0.5233717716125976, 
          68.43853526400969
        ], 
        [
          -34.997104477126186, 
          13.220148709245885, 
          78.2824741395171
        ], 
        [
          -36.59458980575969, 
          10.096040787702181, 
          82.51896901592926
        ], 
        [
          -37.87015407188735, 
          -2.6007361499311052, 
          72.67503014042185
        ], 
        [
          -20.875150467928556, 
          -3.32484764589272, 
          71.40680435035908
        ], 
        [
          -19.5995862018009, 
          9.371929291740566, 
          81.25074322586649
        ], 
        [
          -21.197071530434407, 
          6.247821370196864, 
          85.48723810227865
        ], 
        [
          -22.472635796562066, 
          -6.448955567436424, 
          75.64329922677125
        ]
      ], 
      "cuboid_centroid": [
        -28.734870136844126, 
        3.385596570904731, 
        76.96288668314418
      ], 
      "location": [
        -28.734870136844126, 
        3.385596570904731, 
        76.96288668314418
      ],