{
  "camera_data": {
    "location_worldframe": [
      -16.287811844369994, 
      -3.575586790586581, 
      96.05756776741819
    ], 
    "quaternion_xyzw_worldframe": [
      0.9519239716636803, 
      -0.009217584780477012, 
      0.07398414413489036, 
      -0.29712922018087484
    ]
  }, 
  "objects": [
    {
      "bounding_box": {
        "bottom_right": [
          410, 
          408
        ], 
        "top_left": [
          267, 
          290
        ]
      }, 
      "class": "003_cracker_box", 
      "cuboid": [
        [
          -10.424007404947252, 
          17.09366746326596, 
          80.78305771774453
        ], 
        [
          -24.292069030203965, 
          11.305890499820915, 
          74.20608118846808
        ], 
        [
          -26.57912937082424, 
          -1.9996228119468287, 
          90.73745190160403
        ], 
        [
          -12.711067745567528, 
          3.7881541514982158, 
          97.31442843088048
        ], 
        [
          -14.180799298274952, 
          22.10368231636075, 
          84.29570107808438
        ], 
        [
          -28.048860923531667, 
          16.315905352915706, 
          77.71872454880791
        ], 
        [
          -30.335921264151942, 
          3.010392041147965, 
          94.25009526194387
        ], 
        [
          -16.467859638895227, 
          8.79816900459301, 
          100.82707179122032
        ]
      ], 
      "cuboid_centroid": [
        -20.379964334549598, 
        10.052029752206963, 
        87.5165764898442
      ], 
      "location": [
        -20.379964334549598, 
        10.052029752206963, 
        87.5165764898442
      ], 
      "pose_transform_permuted": [
        [
          0.523230081218119, 
          -0.6977736731024489, 
          -0.4892261064514011, 
          0.0
        ], 
        [
          0.8454278962902877, 
          0.3528357628214791, 
          0.40094712450442127, 
          0.0
        ], 
        [
          0.10715388132335271, 
          0.623392994506116, 
          -0.7745316133754898, 
          0.0
        ], 
        [
          -20.379964334549598, 
          10.052029752206963, 
          87.5165764898442, 
          1.0
        ]
      ], 
      "projected_cuboid": [
        [
          412.20558700271226, 
          386.1367799000782
        ], 
        [
          305.5548845021947, 
          354.5420457804394
        ], 
        [
          324.0733663621925, 
          261.5335299101546
        ], 
        [
          411.35512274859667, 
          294.04704416372283
        ], 
        [
          391.1307284846799, 
          413.13147062621186
        ], 
        [
          287.51683639958384, 
          385.2491556439549
        ], 
        [
          308.5090010407881, 
          290.3210144358589
        ], 
        [
          393.76527743447355, 
          319.8239980389376
        ]
      ], 
      "projected_cuboid_centroid": [
        356.36809028354014, 
        334.5428682961051
      ], 
      "quaternion_xyzw": [
        0.8599486899297836, 
        0.07142341292426026, 
        0.2686721942090524, 
        0.4280212597911379
      ], 
      "visibility": 0.9115742933838623
    }, 
    {
      "bounding_box": {
        "bottom_right": [
          389, 
          323
        ], 
        "top_left": [
          290, 
          248
        ]
      }, 
      "class": "004_sugar_box", 
      "cuboid": [
        [
          -25.266198281217907, 
          15.334319419072306, 
          81.77870836693299
        ], 
        [
          -33.680831583835094, 
          13.157584829086849, 
          78.56218619891801
        ], 
        [
          -36.21917765592155, 
          2.531919330321629, 
          92.39341904174599
        ], 
        [
          -27.804544353304355, 
          4.708653920307086, 
          95.60994120976096
        ], 
        [
          -27.04244286105764, 
          18.77573699861005, 
          84.0965486388746
        ], 
        [
          -35.457076163674834, 
          16.599002408624592, 
          80.8800264708596
        ], 
        [
          -37.99542223576128, 
          5.973336909859374, 
          94.71125931368759
        ], 
        [
          -29.580788933144092, 
          8.15007149984483, 
          97.92778148170255
        ]
      ], 
      "cuboid_centroid": [
        -31.630810258489596, 
        10.653828164465839, 
        88.24498384031028
      ], 
      "location": [
        -31.630810258489596, 
        10.653828164465839, 
        88.24498384031028
      ], 
      "pose_transform_permuted": [
        [
          0.3935491091447273, 
          -0.7624889263528583, 
          -0.5135463801075713, 
          0.0
        ], 
        [
          0.9079526878602762, 
          0.23487322033641356, 
          0.34706799963618296, 
          0.0
        ], 
        [
          0.14401718840291802, 
          0.6028643953912118, 
          -0.7847374666815493, 
          0.0
        ], 
        [
          -31.630810258489596, 
          10.653828164465839, 
          88.24498384031028, 
          1.0
        ]
      ], 
      "projected_cuboid": [
        [
          315.45049410457375, 
          373.2892526745868
        ], 
        [
          251.0492675094285, 
          362.60683310178956
        ], 
        [
          270.78800173782423, 
          287.9014551029673
        ], 
        [
          325.20869257966484, 
          299.5517705953319
        ], 
        [
          308.6713906981232, 
          392.357634142936
        ], 
        [
          245.84616037474578, 
          382.7396802700819
        ], 
        [
          265.861674295062, 
          306.9224285185451
        ], 
        [
          319.15609814948846, 
          317.67223394376464
        ]
      ], 
      "projected_cuboid_centroid": [
        288.8392388940936, 
        337.67427934169194
      ], 
      "quaternion_xyzw": [
        0.8695348560234747, 
        0.026122021246219804, 
        0.21293485351693478, 
        0.4448431199498221
      ], 
      "visibility": 0.5884084636614535
    }, 
    {
      "bounding_box": {
        "bottom_right": [
          298, 
          310
        ], 
        "top_left": [
          211, 
          197
        ]
      }, 
      "class": "024_bowl", 
      "cuboid": [
        [
          -42.84013375388504, 
          -7.382488262834561, 
          75.62905026230244
        ], 
        [
          -41.362526132092036, 
          5.40957694235579, 
          85.32018460704981
        ], 
        [
          -42.10785965482767, 
          2.173370670952472, 
          89.7055403996092
        ], 
        [
          -43.58546727662067, 
          -10.618694534237877, 
          80.01440605486185
        ], 
        [
          -26.911371360544024, 
          -9.878149897140085, 
          76.49460483409973
        ], 
        [
          -25.433763738751026, 
          2.9139153080502633, 
          86.18573917884709
        ], 
        [
          -26.179097261486657, 
          -0.32229096335305296, 
          90.5710949714065
        ], 
        [
          -27.65670488327966, 
          -13.114356168543404, 
          80.87996062665913
        ]
      ], 
      "cuboid_centroid": [
        -34.50961550768585, 
        -3.852389613093807, 
        83.10007261685448
      ], 
      "location": [
        -34.50961550768585, 
        -3.852389613093807, 
        83.10007261685448
      ],