{
  "camera_data": {
    "location_worldframe": [
      -9.62343305455304, 
      8.439301913930445, 
      84.84694655441935
    ], 
    "quaternion_xyzw_worldframe": [
      0.9348950052184805, 
      -0.04421573906181294, 
      0.18421239643992718, 
      -0.3001431701422148
    ]
  }, 
  "objects": [
    {
      "bounding_box": {
        "bottom_right": [
          513, 
          487
        ], 
        "top_left": [
          358, 
          337
        ]
      }, 
      "class": "003_cracker_box", 
      "cuboid": [
        [
          1.680010986226059, 
          28.24047313200565, 
          71.61587369171963
        ], 
        [
          -11.300787751804425, 
          24.38842455953969, 
          62.3563541790632
        ], 
        [
          -18.41310318483455, 
          11.402311776387638, 
          77.729362704096
        ], 
        [
          -5.4323044468040695, 
          15.254360348853597, 
          86.98888221675244
        ], 
        [
          -2.0003449593672102, 
          33.68341524965936, 
          74.51100041650218
        ], 
        [
          -14.981143697397691, 
          29.83136667719341, 
          65.25148090384575
        ], 
        [
          -22.093459130427824, 
          16.84525389404136, 
          80.62448942887855
        ], 
        [
          -9.112660392397338, 
          20.697302466507317, 
          89.88400894153499
        ]
      ], 
      "cuboid_centroid": [
        -10.206724072100881, 
        22.542863513023505, 
        76.12018156029909
      ], 
      "location": [
        -10.206724072100881, 
        22.542863513023505, 
        76.12018156029909
      ], 
      "pose_transform_permuted": [
        [
          0.5125844057916731, 
          -0.7580699509449933, 
          -0.40322100194986427, 
          0.0
        ], 
        [
          0.7913383763217583, 
          0.23482945266819985, 
          0.5644809140440412, 
          0.0
        ], 
        [
          0.3332278516265415, 
          0.6084283668878434, 
          -0.720259759577439, 
          0.0
        ], 
        [
          -10.206724072100881, 
          22.542863513023505, 
          76.12018156029909, 
          1.0
        ]
      ], 
      "projected_cuboid": [
        [
          494.2122815122151, 
          483.5918318070775
        ], 
        [
          384.1385645790636, 
          481.87513478977473
        ], 
        [
          354.20757297480145, 
          351.52050198446256
        ], 
        [
          448.01464120591845, 
          366.8093985525337
        ], 
        [
          467.1600928726514, 
          514.3787912099984
        ], 
        [
          358.1313651118022, 
          517.1070891985144
        ], 
        [
          334.23406024789824, 
          384.71550762603977
        ], 
        [
          427.07723934680376, 
          396.09232795665366
        ]
      ], 
      "projected_cuboid_centroid": [
        409.48992441327454, 
        431.22823393924074
      ], 
      "quaternion_xyzw": [
        0.8371062873314633, 
        -0.029386471123044943, 
        0.3216632511712446, 
        0.44150000211892687
      ], 
      "visibility": 0.9301703975943869
    }, 
    {
      "bounding_box": {
        "bottom_right": [
          517, 
          376
        ], 
        "top_left": [
          393, 
          286
        ]
      }, 
      "class": "004_sugar_box", 
      "cuboid": [
        [
          -13.17844492738077, 
          28.463426332313997, 
          69.73141996856883
        ], 
        [
          -21.0304348143338, 
          27.44452359422338, 
          64.91495508490321
        ], 
        [
          -27.523497200602787, 
          17.16464059030632, 
          77.67485776085046
        ], 
        [
          -19.671507313649762, 
          18.183543328396933, 
          82.49132264451609
        ], 
        [
          -14.905759622846551, 
          32.09590735279003, 
          71.77891816615171
        ], 
        [
          -22.75774950979958, 
          31.077004614699412, 
          66.9624532824861
        ], 
        [
          -29.250811896068573, 
          20.797121610782348, 
          79.72235595843334
        ], 
        [
          -21.39882200911554, 
          21.81602434887296, 
          84.53882084209896
        ]
      ], 
      "cuboid_centroid": [
        -21.21462841172467, 
        24.63027397154817, 
        74.72688796350108
      ], 
      "location": [
        -21.21462841172467, 
        24.63027397154817, 
        74.72688796350108
      ], 
      "pose_transform_permuted": [
        [
          0.382708083857736, 
          -0.8048214113185113, 
          -0.45364872652103094, 
          0.0
        ], 
        [
          0.8472425436166438, 
          0.10994127093213094, 
          0.5197044339114176, 
          0.0
        ], 
        [
          0.3683944436412346, 
          0.5832458637596898, 
          -0.7239538090936112, 
          0.0
        ], 
        [
          -21.21462841172467, 
          24.63027397154817, 
          74.72688796350108, 
          1.0
        ]
      ], 
      "projected_cuboid": [
        [
          379.96578874352605, 
          490.98040788993086
        ], 
        [
          307.37818367562056, 
          498.76157473465054
        ], 
        [
          291.04446474625155, 
          391.13984635940807
        ], 
        [
          353.3577771330233, 
          390.8460513652323
        ], 
        [
          369.9238732929413, 
          511.7601228196307
        ], 
        [
          298.83347229233556, 
          520.7980064964954
        ], 
        [
          284.28686745411017, 
          412.41328725117694
        ], 
        [
          345.47597839360486, 
          410.9145873946639
        ]
      ], 
      "projected_cuboid_centroid": [
        328.9282758172594, 
        449.0707544245596
      ], 
      "quaternion_xyzw": [
        0.8491373760907837, 
        -0.0760928619992437, 
        0.2656850773439144, 
        0.4500965519414012
      ], 
      "visibility": 0.6595284200934047
    }, 
    {
      "bounding_box": {
        "bottom_right": [
          413, 
          353
        ], 
        "top_left": [
          315, 
          216
        ]
      }, 
      "class": "024_bowl", 
      "cuboid": [
        [
          -32.035200516701266, 
          8.322837010877484, 
          59.65700529686784
        ], 
        [
          -30.80046880705927, 
          20.744401014765565, 
          69.85104898366262
        ], 
        [
          -32.78413717117614, 
          17.60874060172605, 
          73.91215623585587
        ], 
        [
          -34.01886888081814, 
          5.18717659783797, 
          63.71811254906109
        ], 
        [
          -17.026155443794487, 
          3.726716499711898, 
          63.43949460148115
        ], 
        [
          -15.791423734152488, 
          16.14828050359998, 
          73.63353828827593
        ], 
        [
          -17.77509209826936, 
          13.012620090560464, 
          77.69464554046918
        ], 
        [
          -19.009823807911356, 
          0.5910560866723841, 
          67.5006018536744
        ]
      ], 
      "cuboid_centroid": [
        -24.905146307485314, 
        10.667728550718975, 
        68.67582541866851
      ], 
      "location": [
        -24.905146307485314, 
        10.667728550718975, 
        68.67582541866851
      ],