{
  "camera_data": {
    "location_worldframe": [
      -20.870212588807874, 
      -3.7054316537886516, 
      95.21603883850031
    ], 
    "quaternion_xyzw_worldframe": [
      0.9534099272040021, 
      0.030039033601532487, 
      -0.04773367564512828, 
      -0.29635967477235675
    ]
  }, 
  "objects": [
    {
      "bounding_box": {
        "bottom_right": [
          409, 
          375
        ], 
        "top_left": [
          257, 
          222
        ]
      }, 
      "class": "003_cracker_box", 
      "cuboid": [
        [
          -21.37742272267783, 
          17.267663418688997, 
          79.2540006490774
        ], 
        [
          -35.30460998484507, 
          9.389888283157868, 
          75.64121369636479
        ], 
        [
          -32.15559478253322, 
          -3.753232436675641, 
          92.1607666002992
        ], 
        [
          -18.228407520365984, 
          4.124542698855488, 
          95.7735535530118
        ], 
        [
          -25.020001105392257, 
          21.752563435458594, 
          83.51659282993451
        ], 
        [
          -38.94718836755949, 
          13.874788299927465, 
          79.90380587722191
        ], 
        [
          -35.79817316524765, 
          0.7316675800939559, 
          96.42335878115631
        ], 
        [
          -21.87098590308041, 
          8.609442715625086, 
          100.03614573386892
        ]
      ], 
      "cuboid_centroid": [
        -28.58779794396274, 
        8.999665499391476, 
        87.83867971511685
      ], 
      "location": [
        -28.58779794396274, 
        8.999665499391476, 
        87.83867971511685
      ], 
      "pose_transform_permuted": [
        [
          0.5073229066576841, 
          -0.6246379002779665, 
          -0.5936758053994889, 
          0.0
        ], 
        [
          0.8490323266844426, 
          0.48024670211665094, 
          0.2202435319161107, 
          0.0
        ], 
        [
          -0.14753839034366847, 
          0.6157845391388241, 
          -0.7739779226388732, 
          0.0
        ], 
        [
          -28.58779794396274, 
          8.999665499391476, 
          87.83867971511685, 
          1.0
        ]
      ], 
      "projected_cuboid": [
        [
          336.54434444625593, 
          389.48487473886246
        ], 
        [
          230.6023006979838, 
          339.4913364038863
        ], 
        [
          293.9670993892889, 
          251.56718350434508
        ], 
        [
          379.2454145715295, 
          296.2542499574521
        ], 
        [
          320.4930792899653, 
          412.1938816745145
        ], 
        [
          219.4769326457563, 
          365.8940956749371
        ], 
        [
          281.94659357770865, 
          277.33340643497235
        ], 
        [
          364.02527376218626, 
          319.1857913637901
        ]
      ], 
      "projected_cuboid_centroid": [
        306.5774862368871, 
        327.92872828281315
      ], 
      "quaternion_xyzw": [
        0.8744273370644865, 
        0.17948463693045033, 
        0.20801226349358143, 
        0.39986622204999067
      ], 
      "visibility": 0.8945297722629947
    }, 
    {
      "bounding_box": {
        "bottom_right": [
          373, 
          295
        ], 
        "top_left": [
          272, 
          195
        ]
      }, 
      "class": "004_sugar_box", 
      "cuboid": [
        [
          -35.27295428817118, 
          13.393935739335086, 
          83.2890395253213
        ], 
        [
          -43.75906035717962, 
          9.951023508636844, 
          81.866857712988
        ], 
        [
          -41.80303841754424, 
          -0.634959008417238, 
          95.82257060578355
        ], 
        [
          -33.3169323485358, 
          2.807953222281005, 
          97.24475241811686
        ], 
        [
          -37.01656386223112, 
          16.5893947998704, 
          85.95730681629591
        ], 
        [
          -45.502669931239566, 
          13.146482569172157, 
          84.5351250039626
        ], 
        [
          -43.54664799160419, 
          2.5605000521180776, 
          98.49083789675817
        ], 
        [
          -35.060541922595746, 
          6.00341228281632, 
          99.91301970909147
        ]
      ], 
      "cuboid_centroid": [
        -39.40980113988768, 
        7.977217895726582, 
        90.88993871103973
      ], 
      "location": [
        -39.40980113988768, 
        7.977217895726582, 
        90.88993871103973
      ], 
      "pose_transform_permuted": [
        [
          0.38631841715706927, 
          -0.7079937531438307, 
          -0.591187850615608, 
          0.0
        ], 
        [
          0.9156647161828376, 
          0.371495857455513, 
          0.15345574224041322, 
          0.0
        ], 
        [
          -0.11097808265724719, 
          0.6006129169516369, 
          -0.7918000445568547, 
          0.0
        ], 
        [
          -39.40980113988768, 
          7.977217895726582, 
          90.88993871103973, 
          1.0
        ]
      ], 
      "projected_cuboid": [
        [
          253.8537102287332, 
          359.05110275771204
        ], 
        [
          194.15415542722445, 
          338.11223006257296
        ], 
        [
          246.9950358344172, 
          269.7525472780028
        ], 
        [
          297.3542492487115, 
          288.6862012520262
        ], 
        [
          250.01494018006102, 
          376.21495032265506
        ], 
        [
          192.13516077263193, 
          356.22574938768753
        ], 
        [
          243.83058353630767, 
          287.1514298806873
        ], 
        [
          292.8899521873635, 
          305.3317843927475
        ]
      ], 
      "projected_cuboid_centroid": [
        248.42304232268012, 
        320.09487104171
      ], 
      "quaternion_xyzw": [
        0.8814002331163299, 
        0.13684871015035283, 
        0.15310132080661745, 
        0.42540089659323305
      ], 
      "visibility": 0.4499478623566215
    }, 
    {
      "bounding_box": {
        "bottom_right": [
          279, 
          267
        ], 
        "top_left": [
          193, 
          166
        ]
      }, 
      "class": "024_bowl", 
      "cuboid": [
        [
          -50.21866218920338, 
          -11.758565467023267, 
          80.70246226846885
        ], 
        [
          -48.660736347703725, 
          1.3150211337511888, 
          89.99722110612582
        ], 
        [
          -48.0024617886113, 
          -1.9014072905138304, 
          94.41096796281683
        ], 
        [
          -49.56038763011095, 
          -14.974993891288285, 
          85.11620912515984
        ], 
        [
          -34.26455494714041, 
          -11.896577957092633, 
          78.22246272117914
        ], 
        [
          -32.70662910564076, 
          1.177008643681822, 
          87.51722155883613
        ], 
        [
          -32.048354546548325, 
          -2.0394197805831973, 
          91.93096841552712
        ], 
        [
          -33.606280388047985, 
          -15.113006381357652, 
          82.63620957787015
        ]
      ], 
      "cuboid_centroid": [
        -41.133508367875855, 
        -6.898992623803232, 
        86.31671534199799
      ], 
      "location": [
        -41.133508367875855, 
        -6.898992623803232, 
        86.31671534199799
      ],