{
  "camera_data": {
    "location_worldframe": [
      -11.77286771414411, 
      3.9267672438407035, 
      83.02949027794682
    ], 
    "quaternion_xyzw_worldframe": [
      0.9211277240286059, 
      0.0007604644665102739, 
      0.08199653327712503, 
      -0.3805279263185103
    ]
  }, 
  "objects": [
    {
      "bounding_box": {
        "bottom_right": [
          490, 
          429
        ], 
        "top_left": [
          322, 
          298
        ]
      }, 
      "class": "003_cracker_box", 
      "cuboid": [
        [
          -6.117923522701038, 
          27.083379422328886, 
          71.77302487870038
        ], 
        [
          -19.648650559208818, 
          22.212200967644996, 
          63.881943709855584
        ], 
        [
          -21.968991810494288, 
          6.1675560001266865, 
          77.76498845840652
        ], 
        [
          -8.438264773986507, 
          11.038734454810577, 
          85.65606962725131
        ], 
        [
          -10.101251931373467, 
          31.311185591753986, 
          75.99335037768466
        ], 
        [
          -23.63197896788125, 
          26.440007137070094, 
          68.10226920883986
        ], 
        [
          -25.952320219166715, 
          10.395362169551785, 
          81.98531395739079
        ], 
        [
          -12.421593182658935, 
          15.266540624235676, 
          89.8763951262356
        ]
      ], 
      "cuboid_centroid": [
        -16.035121870933878, 
        18.739370795940335, 
        76.87916941804559
      ], 
      "location": [
        -16.035121870933878, 
        18.739370795940335, 
        76.87916941804559
      ], 
      "pose_transform_permuted": [
        [
          0.5547811286778443, 
          -0.5888309568947954, 
          -0.5877890807639223, 
          0.0
        ], 
        [
          0.824863229113401, 
          0.29695787808570123, 
          0.4810578675164254, 
          0.0
        ], 
        [
          0.10871316626586719, 
          0.751727425896646, 
          -0.6504516312803377, 
          0.0
        ], 
        [
          -16.035121870933878, 
          18.739370795940335, 
          76.87916941804559, 
          1.0
        ]
      ], 
      "projected_cuboid": [
        [
          435.7581325452989, 
          474.53340821985114
        ], 
        [
          316.19293992341846, 
          458.72550670133234
        ], 
        [
          329.6760884945308, 
          315.5842153858571
        ], 
        [
          428.6201442021048, 
          342.0169068133895
        ], 
        [
          410.11594876271664, 
          493.02771751090364
        ], 
        [
          294.98907341204784, 
          480.34239308286817
        ], 
        [
          311.3687279600943, 
          340.9090175643004
        ], 
        [
          407.2740408150265, 
          363.8770102711503
        ]
      ], 
      "projected_cuboid_centroid": [
        369.4325955689776, 
        403.28369452504586
      ], 
      "quaternion_xyzw": [
        0.8894351769204388, 
        0.052911307283687745, 
        0.2911507839673984, 
        0.3483341507994991
      ], 
      "visibility": 0.9301462680146269
    }, 
    {
      "bounding_box": {
        "bottom_right": [
          468, 
          328
        ], 
        "top_left": [
          343, 
          249
        ]
      }, 
      "class": "004_sugar_box", 
      "cuboid": [
        [
          -20.924448007615222, 
          24.82845390065971, 
          72.00908832035567
        ], 
        [
          -29.191445663756806, 
          23.05131593148867, 
          68.21583479047325
        ], 
        [
          -31.771525841654157, 
          10.111255281242663, 
          79.90125248388182
        ], 
        [
          -23.504528185512573, 
          11.888393250413701, 
          83.69450601376423
        ], 
        [
          -22.85451173715609, 
          27.76811668630652, 
          74.83822599763293
        ], 
        [
          -31.121509393297675, 
          25.990978717135484, 
          71.04497246775053
        ], 
        [
          -33.70158957119503, 
          13.050918066889473, 
          82.73039016115908
        ], 
        [
          -25.434591915053446, 
          14.828056036060511, 
          86.5236436910415
        ]
      ], 
      "cuboid_centroid": [
        -27.313018789405124, 
        18.93968598377459, 
        77.36973924075737
      ], 
      "location": [
        -27.313018789405124, 
        18.93968598377459, 
        77.36973924075737
      ], 
      "pose_transform_permuted": [
        [
          0.4276296575226666, 
          -0.6513189025925663, 
          -0.6268306882832039, 
          0.0
        ], 
        [
          0.8920225602812377, 
          0.1917560917723574, 
          0.40929825630321987, 
          0.0
        ], 
        [
          0.14638504070071584, 
          0.7341753644647214, 
          -0.6629911579137483, 
          0.0
        ], 
        [
          -27.313018789405124, 
          18.93968598377459, 
          77.36973924075737, 
          1.0
        ]
      ], 
      "projected_cuboid": [
        [
          325.3332488845024, 
          457.17305833529304
        ], 
        [
          251.4729468259847, 
          453.50449238877184
        ], 
        [
          267.7633323570014, 
          340.7764744253876
        ], 
        [
          330.5729443883663, 
          349.04196369411676
        ], 
        [
          317.3717164380944, 
          471.17044315386835
        ], 
        [
          246.02757908685936, 
          468.39531843630783
        ], 
        [
          262.53002276251357, 
          357.4189851979364
        ], 
        [
          323.5153268582988, 
          364.6845920512382
        ]
      ], 
      "projected_cuboid_centroid": [
        291.7559391285288, 
        403.8402342117829
      ], 
      "quaternion_xyzw": [
        0.9018077141260717, 
        0.012577806321941354, 
        0.23201395949383197, 
        0.3643542963535171
      ], 
      "visibility": 0.5999759817461271
    }, 
    {
      "bounding_box": {
        "bottom_right": [
          365, 
          315
        ], 
        "top_left": [
          277, 
          179
        ]
      }, 
      "class": "024_bowl", 
      "cuboid": [
        [
          -37.689998904091254, 
          3.132628207052543, 
          61.4772038693147
        ], 
        [
          -36.81659036450979, 
          14.06127384428007, 
          73.28991750525196
        ], 
        [
          -37.57895890881875, 
          10.090568092341204, 
          77.01982213576008
        ], 
        [
          -38.4523674484002, 
          -0.8380775448863238, 
          65.20710849982281
        ], 
        [
          -21.723472936551662, 
          0.8991530171886932, 
          62.36299176569021
        ], 
        [
          -20.8500643969702, 
          11.827798654416222, 
          74.17570540162748
        ], 
        [
          -21.612432941279152, 
          7.857092902477354, 
          77.90561003213558
        ], 
        [
          -22.48584148086061, 
          -3.0715527347501723, 
          66.09289639619831
        ]
      ], 
      "cuboid_centroid": [
        -29.651215922685203, 
        5.494860554764949, 
        69.69140695072514
      ], 
      "location": [
        -29.651215922685203, 
        5.494860554764949, 
        69.69140695072514
      ],