{
  "camera_data": {
    "location_worldframe": [
      -19.68831156149343, 
      -4.924645743949036, 
      98.28049581171182
    ], 
    "quaternion_xyzw_worldframe": [
      0.9543152892635524, 
      0.001730680659911971, 
      0.024236628635475706, 
      -0.2978129369748344
    ]
  }, 
  "objects": [
    {
      "bounding_box": {
        "bottom_right": [
          398, 
          389
        ], 
        "top_left": [
          257, 
          258
        ]
      }, 
      "class": "003_cracker_box", 
      "cuboid": [
        [
          -16.2496652231438, 
          15.967325466880839, 
          82.57648809031882
        ], 
        [
          -30.334662511046467, 
          9.467116971098424, 
          77.24373489911554
        ], 
        [
          -30.476021609718163, 
          -3.8861955635235326, 
          93.8937381755214
        ], 
        [
          -16.391024321815493, 
          2.614012932258881, 
          99.2264913667247
        ], 
        [
          -19.92952226995518, 
          20.792137411377944, 
          86.41474802813093
        ], 
        [
          -34.014519557857845, 
          14.291928915595529, 
          81.08199483692763
        ], 
        [
          -34.155878656529545, 
          0.9386163809735713, 
          97.73199811333352
        ], 
        [
          -20.070881368626875, 
          7.438824876755984, 
          103.0647513045368
        ]
      ], 
      "cuboid_centroid": [
        -25.202771939836673, 
        8.452970923927204, 
        90.15424310182617
      ], 
      "location": [
        -25.202771939836673, 
        8.452970923927204, 
        90.15424310182617
      ], 
      "pose_transform_permuted": [
        [
          0.5125149212799993, 
          -0.6719793955222856, 
          -0.5345766057908442, 
          0.0
        ], 
        [
          0.8586527770167399, 
          0.39626717435616055, 
          0.32509650113347105, 
          0.0
        ], 
        [
          0.006622989264434942, 
          0.6256324947773155, 
          -0.7800898137342362, 
          0.0
        ], 
        [
          -25.202771939836673, 
          8.452970923927204, 
          90.15424310182617, 
          1.0
        ]
      ], 
      "projected_cuboid": [
        [
          375.7741470988851, 
          376.41138089120864
        ], 
        [
          270.40984449679377, 
          338.6510479116315
        ], 
        [
          307.04966959837003, 
          251.2128167905129
        ], 
        [
          392.7649137592956, 
          287.3362566425931
        ], 
        [
          357.57448946587994, 
          401.6078524619619
        ], 
        [
          256.00093350057364, 
          367.2921872912083
        ], 
        [
          293.65654917634396, 
          278.4085298236356
        ], 
        [
          376.8726345192286, 
          311.77953323285845
        ]
      ], 
      "projected_cuboid_centroid": [
        331.2642236104658, 
        323.29122744030946
      ], 
      "quaternion_xyzw": [
        0.8687436154563812, 
        0.11212864709429603, 
        0.24104102968671712, 
        0.41786471388733576
      ], 
      "visibility": 0.9032822392535821
    }, 
    {
      "bounding_box": {
        "bottom_right": [
          373, 
          307
        ], 
        "top_left": [
          277, 
          224
        ]
      }, 
      "class": "004_sugar_box", 
      "cuboid": [
        [
          -30.837653705617495, 
          13.464497024017863, 
          84.87856480745715
        ], 
        [
          -39.38292850583597, 
          10.85613755455797, 
          82.41584650912999
        ], 
        [
          -40.14838100346239, 
          0.15830799611175062, 
          96.40232194928868
        ], 
        [
          -31.603106203243918, 
          2.7666674655716457, 
          98.86504024761582
        ], 
        [
          -32.57363706901354, 
          16.81898684219016, 
          87.34930216949834
        ], 
        [
          -41.118911869232015, 
          14.210627372730263, 
          84.88658387117121
        ], 
        [
          -41.88436436685844, 
          3.512797814284046, 
          98.87305931132988
        ], 
        [
          -33.33908956663997, 
          6.1211572837439405, 
          101.33577760965701
        ]
      ], 
      "cuboid_centroid": [
        -36.36100903623797, 
        8.488647419150954, 
        91.87581205939351
      ], 
      "location": [
        -36.36100903623797, 
        8.488647419150954, 
        91.87581205939351
      ], 
      "pose_transform_permuted": [
        [
          0.38462873520279756, 
          -0.7432289981686412, 
          -0.5474226346968746, 
          0.0
        ], 
        [
          0.9220491189972434, 
          0.2814462503630808, 
          0.26573132993369325, 
          0.0
        ], 
        [
          0.043429191069102716, 
          0.606958740560803, 
          -0.793545407660833, 
          0.0
        ], 
        [
          -36.36100903623797, 
          8.488647419150954, 
          91.87581205939351, 
          1.0
        ]
      ], 
      "projected_cuboid": [
        [
          286.2193480627953, 
          357.8883447714983
        ], 
        [
          224.62316463518252, 
          343.537478797824
        ], 
        [
          257.63612872930076, 
          274.1623338418648
        ], 
        [
          309.6959266447743, 
          288.21110520779035
        ], 
        [
          281.05820375913135, 
          375.97648316991604
        ], 
        [
          221.10512505874485, 
          362.5680889804365
        ], 
        [
          253.79078675207649, 
          292.2345090377309
        ], 
        [
          304.67473052669146, 
          305.50154760682386
        ]
      ], 
      "projected_cuboid_centroid": [
        268.7701903683682, 
        322.56133405444086
      ], 
      "quaternion_xyzw": [
        0.8769878126654499, 
        0.06785073174807503, 
        0.1853959814902775, 
        0.4380831704943308
      ], 
      "visibility": 0.5668740279937792
    }, 
    {
      "bounding_box": {
        "bottom_right": [
          283, 
          287
        ], 
        "top_left": [
          199, 
          181
        ]
      }, 
      "class": "024_bowl", 
      "cuboid": [
        [
          -47.716148231499474, 
          -10.128704539442792, 
          80.27528361000181
        ], 
        [
          -46.03571679256117, 
          2.751204710917542, 
          89.81585116477937
        ], 
        [
          -46.22596139907779, 
          -0.5050514791917773, 
          94.24535465079043
        ], 
        [
          -47.906392838016096, 
          -13.384960729552109, 
          84.70478709601286
        ], 
        [
          -31.667571151140418, 
          -11.814918695607677, 
          79.72497587014892
        ], 
        [
          -29.987139712202104, 
          1.064990554752656, 
          89.26554342492649
        ], 
        [
          -30.17738431871873, 
          -2.1912656353566624, 
          93.69504691093753
        ], 
        [
          -31.857815757657036, 
          -15.071174885716996, 
          84.15447935615997
        ]
      ], 
      "cuboid_centroid": [
        -38.9467662751091, 
        -6.159985087399726, 
        86.98516526046967
      ], 
      "location": [
        -38.9467662751091, 
        -6.159985087399726, 
        86.98516526046967
      ],