{
  "camera_data": {
    "location_worldframe": [
      -11.151302491493881, 
      4.611038658025175, 
      82.71915742816
    ], 
    "quaternion_xyzw_worldframe": [
      0.9253205532147291, 
      -0.004937601902106267, 
      0.09827549711856608, 
      -0.36619820657208485
    ]
  }, 
  "objects": [
    {
      "bounding_box": {
        "bottom_right": [
          496, 
          440
        ], 
        "top_left": [
          328, 
          307
        ]
      }, 
      "class": "003_cracker_box", 
      "cuboid": [
        [
          -4.630132651524146, 
          27.284346694034124, 
          70.95861499580761
        ], 
        [
          -18.08272676153978, 
          22.524988059830374, 
          62.86822978931965
        ], 
        [
          -21.154041231323813, 
          6.951512113820805, 
          77.13663620114968
        ], 
        [
          -7.701447121308175, 
          11.710870748024558, 
          85.22702140763764
        ], 
        [
          -8.606642240177415, 
          31.730302951528916, 
          74.95526884405793
        ], 
        [
          -22.05923635019305, 
          26.970944317325163, 
          66.86488363756999
        ], 
        [
          -25.13055081997708, 
          11.397468371315599, 
          81.13329004940002
        ], 
        [
          -11.677956709961443, 
          16.15682700551935, 
          89.22367525588797
        ]
      ], 
      "cuboid_centroid": [
        -14.880341735750612, 
        19.340907532674862, 
        76.04595252260381
      ], 
      "location": [
        -14.880341735750612, 
        19.340907532674862, 
        76.04595252260381
      ], 
      "pose_transform_permuted": [
        [
          0.5538314322736397, 
          -0.619213978243721, 
          -0.5566370395269374, 
          0.0
        ], 
        [
          0.8201000720507762, 
          0.2901410930045108, 
          0.493207885148301, 
          0.0
        ], 
        [
          0.14389793760871106, 
          0.7296521056625085, 
          -0.668506685272651, 
          0.0
        ], 
        [
          -14.880341735750612, 
          19.340907532674862, 
          76.04595252260381, 
          1.0
        ]
      ], 
      "projected_cuboid": [
        [
          446.5073377502223, 
          478.3536240120605
        ], 
        [
          326.9205364705632, 
          464.3690176895657
        ], 
        [
          334.12003657928665, 
          321.34901160660513
        ], 
        [
          433.0026083531082, 
          346.5688914270047
        ], 
        [
          419.8490081309581, 
          499.053081214174
        ], 
        [
          304.1846079635857, 
          488.4089161046789
        ], 
        [
          315.02788435813284, 
          348.20637763412657
        ], 
        [
          411.21233206987915, 
          369.8612668215057
        ]
      ], 
      "projected_cuboid_centroid": [
        376.36974150914546, 
        408.9266924053257
      ], 
      "quaternion_xyzw": [
        0.8812475840023934, 
        0.04148753371090166, 
        0.2970332448080496, 
        0.36531182805287404
      ], 
      "visibility": 0.9373941574936494
    }, 
    {
      "bounding_box": {
        "bottom_right": [
          477, 
          332
        ], 
        "top_left": [
          351, 
          255
        ]
      }, 
      "class": "004_sugar_box", 
      "cuboid": [
        [
          -19.4908480337147, 
          25.406263189692567, 
          70.88310445531383
        ], 
        [
          -27.704729240221777, 
          23.72632122596236, 
          66.93339655801644
        ], 
        [
          -30.90205436538143, 
          11.198033636211827, 
          78.91129671365205
        ], 
        [
          -22.688173158874353, 
          12.877975599942035, 
          82.86100461094944
        ], 
        [
          -21.414106822979836, 
          28.473672877269387, 
          73.57807323592522
        ], 
        [
          -29.62798802948691, 
          26.79373091353917, 
          69.62836533862784
        ], 
        [
          -32.825313154646565, 
          14.265443323788643, 
          81.60626549426344
        ], 
        [
          -24.611431948139487, 
          15.945385287518851, 
          85.55597339156083
        ]
      ], 
      "cuboid_centroid": [
        -26.158080594180632, 
        19.835853256740606, 
        76.24468497478864
      ], 
      "location": [
        -26.158080594180632, 
        19.835853256740606, 
        76.24468497478864
      ], 
      "pose_transform_permuted": [
        [
          0.4261219382515181, 
          -0.6796228197564337, 
          -0.5971038982019935, 
          0.0
        ], 
        [
          0.8862912085418525, 
          0.18126848390929864, 
          0.4261799382866421, 
          0.0
        ], 
        [
          0.18140543560989195, 
          0.7108127508775685, 
          -0.6795856255989515, 
          0.0
        ], 
        [
          -26.158080594180632, 
          19.835853256740606, 
          76.24468497478864, 
          1.0
        ]
      ], 
      "projected_cuboid": [
        [
          333.72718064390676, 
          464.44150782061934
        ], 
        [
          259.00853669047063, 
          462.3358376900937
        ], 
        [
          271.00601805063116, 
          348.9681055125356
        ], 
        [
          334.3518937358182, 
          356.1732542516083
        ], 
        [
          325.0866358060994, 
          479.67366776621395
        ], 
        [
          252.76984034914827, 
          478.51355046281344
        ], 
        [
          265.2868117743096, 
          366.5151674391742
        ], 
        [
          326.9013534884799, 
          372.6832942561023
        ]
      ], 
      "projected_cuboid_centroid": [
        297.10060848124067, 
        412.03521264940645
      ], 
      "quaternion_xyzw": [
        0.8936173478650431, 
        -3.8313854615875454e-05, 
        0.23844150926971414, 
        0.3802546046701907
      ], 
      "visibility": 0.6118390266729059
    }, 
    {
      "bounding_box": {
        "bottom_right": [
          373, 
          322
        ], 
        "top_left": [
          282, 
          183
        ]
      }, 
      "class": "024_bowl", 
      "cuboid": [
        [
          -36.54180717205862, 
          3.8385632532708756, 
          60.5481059593079
        ], 
        [
          -35.68006751931794, 
          15.07936257984332, 
          72.06505766782813
        ], 
        [
          -36.6354103489182, 
          11.238454327144119, 
          75.88535116320207
        ], 
        [
          -37.49715000165887, 
          -0.002344999428324779, 
          64.36839945468185
        ], 
        [
          -20.664324013837266, 
          1.235124514040041, 
          61.90110942740692
        ], 
        [
          -19.802584361096585, 
          12.475923840612484, 
          73.41806113592715
        ], 
        [
          -20.75792719069684, 
          8.635015587913285, 
          77.23835463130109
        ], 
        [
          -21.61966684343752, 
          -2.6057837386591594, 
          65.72140292278087
        ]
      ], 
      "cuboid_centroid": [
        -28.64986718137773, 
        6.23678942059208, 
        68.89323029530449
      ], 
      "location": [
        -28.64986718137773, 
        6.23678942059208, 
        68.89323029530449
      ],