{
  "camera_data": {
    "location_worldframe": [
      -19.37599972069944, 
      -4.588053009316234, 
      97.79518337182043
    ], 
    "quaternion_xyzw_worldframe": [
      0.9539115851924469, 
      -0.0005288441762557694, 
      0.0340044922950202, 
      -0.29816417068927964
    ]
  }, 
  "objects": [
    {
      "bounding_box": {
        "bottom_right": [
          401, 
          390
        ], 
        "top_left": [
          259, 
          262
        ]
      }, 
      "class": "003_cracker_box", 
      "cuboid": [
        [
          -15.45498674960395, 
          16.283227811772516, 
          82.17689942668599
        ], 
        [
          -29.510468063500323, 
          9.931099093857547, 
          76.59370845082765
        ], 
        [
          -30.075131026406083, 
          -3.4361904488030963, 
          93.22350920632059
        ], 
        [
          -16.019649712509707, 
          2.915938269111875, 
          98.80670018217891
        ], 
        [
          -19.151831345454177, 
          21.141331657472684, 
          85.95639206372987
        ], 
        [
          -33.20731265935055, 
          14.789202939557711, 
          80.37320108787154
        ], 
        [
          -33.771975622256306, 
          1.421913396897069, 
          97.00300184336447
        ], 
        [
          -19.716494308359934, 
          7.7740421148120396, 
          102.58619281922282
        ]
      ], 
      "cuboid_centroid": [
        -24.613481185930127, 
        8.852570604334794, 
        89.58995063502523
      ], 
      "location": [
        -24.613481185930127, 
        8.852570604334794, 
        89.58995063502523
      ], 
      "pose_transform_permuted": [
        [
          0.5148808752416971, 
          -0.6766161506753515, 
          -0.5263917447639296, 
          0.0
        ], 
        [
          0.8568534175615111, 
          0.3872399015859267, 
          0.3403637457674955, 
          0.0
        ], 
        [
          0.026455720052618453, 
          0.6262873487984503, 
          -0.7791432805405598, 
          0.0
        ], 
        [
          -24.613481185930127, 
          8.852570604334794, 
          89.58995063502523, 
          1.0
        ]
      ], 
      "projected_cuboid": [
        [
          380.45993898844387, 
          378.9630033852302
        ], 
        [
          274.4042304881773, 
          342.436468651886
        ], 
        [
          308.1073191975831, 
          253.62853890529573
        ], 
        [
          394.40873898580713, 
          289.02562226790786
        ], 
        [
          361.7785713081936, 
          404.45870466435844
        ], 
        [
          259.4123404190024, 
          371.42088426105124
        ], 
        [
          294.3724167149644, 
          281.1041750207831
        ], 
        [
          378.2418230888645, 
          313.7018101178391
        ]
      ], 
      "projected_cuboid_centroid": [
        333.8545551111572, 
        325.98496265107883
      ], 
      "quaternion_xyzw": [
        0.8674002120019184, 
        0.10398434786539759, 
        0.2464965448403941, 
        0.4195754771191745
      ], 
      "visibility": 0.9042413282919612
    }, 
    {
      "bounding_box": {
        "bottom_right": [
          376, 
          308
        ], 
        "top_left": [
          280, 
          226
        ]
      }, 
      "class": "004_sugar_box", 
      "cuboid": [
        [
          -30.105304702109382, 
          13.92594074785729, 
          84.22325445293053
        ], 
        [
          -38.632562964314445, 
          11.406611415106745, 
          81.61000203632717
        ], 
        [
          -39.748239088232985, 
          0.7035598087987218, 
          95.56890325114618
        ], 
        [
          -31.220980826027912, 
          3.222889141549267, 
          98.18215566774954
        ], 
        [
          -31.849835606696885, 
          17.295443266584538, 
          86.66740010931552
        ], 
        [
          -40.37709386890196, 
          14.776113933833992, 
          84.05414769271216
        ], 
        [
          -41.49276999282049, 
          4.073062327525968, 
          98.01304890753117
        ], 
        [
          -32.96551173061542, 
          6.5923916602765145, 
          100.62630132413453
        ]
      ], 
      "cuboid_centroid": [
        -35.79903734746493, 
        8.99950153769163, 
        91.11815168023085
      ], 
      "location": [
        -35.79903734746493, 
        8.99950153769163, 
        91.11815168023085
      ], 
      "pose_transform_permuted": [
        [
          0.38652254941028724, 
          -0.7465552489543246, 
          -0.5415309111187024, 
          0.0
        ], 
        [
          0.9201051050958753, 
          0.27183975308402764, 
          0.2819742073578416, 
          0.0
        ], 
        [
          0.06329969750852021, 
          0.6072550219304055, 
          -0.7919809391868614, 
          0.0
        ], 
        [
          -35.79903734746493, 
          8.99950153769163, 
          91.11815168023085, 
          1.0
        ]
      ], 
      "projected_cuboid": [
        [
          289.37522111325376, 
          361.468560430639
        ], 
        [
          227.0302052305593, 
          347.8284947699188
        ], 
        [
          257.93464307556934, 
          277.21273375432656
        ], 
        [
          310.59328562130645, 
          290.79307857313324
        ], 
        [
          283.9714850708373, 
          379.7163902910767
        ], 
        [
          223.27134903394, 
          367.04028054380206
        ], 
        [
          253.9404565280461, 
          295.4493410669266
        ], 
        [
          305.423784337523, 
          308.22622597646995
        ]
      ], 
      "projected_cuboid_centroid": [
        270.31716709068553, 
        325.96111840612923
      ], 
      "quaternion_xyzw": [
        0.8759125296148274, 
        0.05952079931634571, 
        0.19080008966822656, 
        0.4391238097763426
      ], 
      "visibility": 0.5659361783929258
    }, 
    {
      "bounding_box": {
        "bottom_right": [
          286, 
          289
        ], 
        "top_left": [
          202, 
          182
        ]
      }, 
      "class": "024_bowl", 
      "cuboid": [
        [
          -47.13910951681953, 
          -9.490778654894386, 
          79.3015463074421
        ], 
        [
          -45.49413824791074, 
          3.362235172278425, 
          88.88447104202774
        ], 
        [
          -45.79396201128014, 
          0.10379115296919109, 
          93.30629722613595
        ], 
        [
          -47.43893328018894, 
          -12.749222674203619, 
          83.7233724915503
        ], 
        [
          -31.101262956143582, 
          -11.338801870591642, 
          79.02719072853436
        ], 
        [
          -29.45629168723479, 
          1.5142119565811691, 
          88.61011546312002
        ], 
        [
          -29.7561154506042, 
          -1.7442320627280634, 
          93.03194164722822
        ], 
        [
          -31.40108671951299, 
          -14.597245889900876, 
          83.44901691264258
        ]
      ], 
      "cuboid_centroid": [
        -38.447612483711865, 
        -5.617505358811225, 
        86.16674397733516
      ], 
      "location": [
        -38.447612483711865, 
        -5.617505358811225, 
        86.16674397733516
      ],