{
  "camera_data": {
    "location_worldframe": [
      -20.572499185324173, 
      -3.7973700921765046, 
      95.62448041403864
    ], 
    "quaternion_xyzw_worldframe": [
      0.9538080654578204, 
      0.021680932040691957, 
      -0.03775454619183165, 
      -0.29725017926650715
    ]
  }, 
  "objects": [
    {
      "bounding_box": {
        "bottom_right": [
          408, 
          378
        ], 
        "top_left": [
          258, 
          228
        ]
      }, 
      "class": "003_cracker_box", 
      "cuboid": [
        [
          -20.394570191126178, 
          17.19950610667785, 
          79.68663838768681
        ], 
        [
          -34.43911252509614, 
          9.633607252125639, 
          75.86746035581044
        ], 
        [
          -31.812120291651958, 
          -3.5938318492057197, 
          92.41095798395394
        ], 
        [
          -17.767577957681986, 
          3.97206700534649, 
          96.23013601583033
        ], 
        [
          -23.997440801795104, 
          21.758617422110348, 
          83.90401018908354
        ], 
        [
          -38.04198313576507, 
          14.192718567558138, 
          80.08483215720715
        ], 
        [
          -35.41499090232088, 
          0.9652794662267803, 
          96.62832978535066
        ], 
        [
          -21.370448568350913, 
          8.53117832077899, 
          100.44750781722705
        ]
      ], 
      "cuboid_centroid": [
        -27.90478054672353, 
        9.082392786452315, 
        88.15748408651874
      ], 
      "location": [
        -27.90478054672353, 
        9.082392786452315, 
        88.15748408651874
      ], 
      "pose_transform_permuted": [
        [
          0.5017925761570101, 
          -0.6349737359934493, 
          -0.5873777022599961, 
          0.0
        ], 
        [
          0.8561865530034609, 
          0.4612340300319922, 
          0.23282559136937542, 
          0.0
        ], 
        [
          -0.12308044917761307, 
          0.6197350434975974, 
          -0.7750997864089942, 
          0.0
        ], 
        [
          -27.90478054672353, 
          9.082392786452315, 
          88.15748408651874, 
          1.0
        ]
      ], 
      "projected_cuboid": [
        [
          343.96463498760835, 
          388.3978491517705
        ], 
        [
          237.48562217516482, 
          341.0071573357996
        ], 
        [
          296.4738543135862, 
          252.54591429762513
        ], 
        [
          382.3063011074058, 
          295.30023563713394
        ], 
        [
          327.7908308308314, 
          411.5909735833715
        ], 
        [
          226.14782676206684, 
          367.8019979833614
        ], 
        [
          284.5026161467345, 
          278.6141933772732
        ], 
        [
          367.18648257450445, 
          318.58228065207874
        ]
      ], 
      "projected_cuboid_centroid": [
        311.3768426646118, 
        328.2315943797507
      ], 
      "quaternion_xyzw": [
        0.8751141780877875, 
        0.16692521211528974, 
        0.20986352007563183, 
        0.40282558485213793
      ], 
      "visibility": 0.903968680432947
    }, 
    {
      "bounding_box": {
        "bottom_right": [
          374, 
          297
        ], 
        "top_left": [
          274, 
          200
        ]
      }, 
      "class": "004_sugar_box", 
      "cuboid": [
        [
          -34.4272177027314, 
          13.627504916355516, 
          83.52065139840296
        ], 
        [
          -42.966003303571156, 
          10.373433710297123, 
          81.97455858137074
        ], 
        [
          -41.439391782013345, 
          -0.26843329719035, 
          95.94134396251863
        ], 
        [
          -32.90060618117359, 
          2.9856379088680427, 
          97.48743677955085
        ], 
        [
          -36.13763534121633, 
          16.857537537956357, 
          86.16869672576233
        ], 
        [
          -44.67642094205609, 
          13.603466331897968, 
          84.62260390873011
        ], 
        [
          -43.14980942049828, 
          2.9615993244104946, 
          98.589389289878
        ], 
        [
          -34.61102381965853, 
          6.215670530468886, 
          100.13548210691022
        ]
      ], 
      "cuboid_centroid": [
        -38.78851356161484, 
        8.294552120383004, 
        91.05502034414047
      ], 
      "location": [
        -38.78851356161484, 
        8.294552120383004, 
        91.05502034414047
      ], 
      "pose_transform_permuted": [
        [
          0.37896433043692057, 
          -0.715653956199047, 
          -0.5867074227194355, 
          0.0
        ], 
        [
          0.9213489237770743, 
          0.3511196022184948, 
          0.1668259421915925, 
          0.0
        ], 
        [
          -0.08661478493259138, 
          0.6037836143108551, 
          -0.7924282601727877, 
          0.0
        ], 
        [
          -38.78851356161484, 
          8.294552120383004, 
          91.05502034414047, 
          1.0
        ]
      ], 
      "projected_cuboid": [
        [
          259.93070749425186, 
          360.3047199516064
        ], 
        [
          199.73436722542436, 
          340.77522518110544
        ], 
        [
          249.3237560457741, 
          271.79436861780056
        ], 
        [
          300.10945640624095, 
          289.6199160828429
        ], 
        [
          256.06830152767094, 
          377.6220476810602
        ], 
        [
          197.68508201340083, 
          359.0200732155368
        ], 
        [
          246.2328473552919, 
          289.30731799225856
        ], 
        [
          295.72326254727807, 
          306.39107542101766
        ]
      ], 
      "projected_cuboid_centroid": [
        252.51506110499088, 
        321.8686706602807
      ], 
      "quaternion_xyzw": [
        0.8820204023727803, 
        0.12407150276045445, 
        0.1546988797425341, 
        0.427451057910578
      ], 
      "visibility": 0.4669728011303426
    }, 
    {
      "bounding_box": {
        "bottom_right": [
          281, 
          270
        ], 
        "top_left": [
          196, 
          169
        ]
      }, 
      "class": "024_bowl", 
      "cuboid": [
        [
          -49.88356006973875, 
          -11.187734635102249, 
          80.68876042118653
        ], 
        [
          -48.16998418975962, 
          1.8381546199913348, 
          90.02300962523908
        ], 
        [
          -47.64464344576226, 
          -1.3968522886121228, 
          94.44100078893578
        ], 
        [
          -49.358219325741395, 
          -14.422741543705708, 
          85.10675158488323
        ], 
        [
          -33.90300890390599, 
          -11.673445970803524, 
          78.43286768708073
        ], 
        [
          -32.18943302392686, 
          1.35244328429006, 
          87.76711689113328
        ], 
        [
          -31.664092279929502, 
          -1.8825636243133979, 
          92.18510805482998
        ], 
        [
          -33.37766815990864, 
          -14.90845287940698, 
          82.85085885077743
        ]
      ], 
      "cuboid_centroid": [
        -40.77382617483413, 
        -6.535149129707824, 
        86.43693423800826
      ], 
      "location": [
        -40.77382617483413, 
        -6.535149129707824, 
        86.43693423800826
      ],