{
  "camera_data": {
    "location_worldframe": [
      -23.19866751942928, 
      14.759278401677472, 
      75.52967781106933
    ], 
    "quaternion_xyzw_worldframe": [
      0.9246268089234343, 
      0.03155037155821388, 
      -0.11936474362990074, 
      -0.3603079736076702
    ]
  }, 
  "objects": [
    {
      "bounding_box": {
        "bottom_right": [
          539, 
          332
        ], 
        "top_left": [
          384, 
          123
        ]
      }, 
      "class": "003_cracker_box", 
      "cuboid": [
        [
          -26.657714217916684, 
          37.593547026125094, 
          62.819613670547284
        ], 
        [
          -40.70815762959421, 
          29.566922955481502, 
          60.12954645001756
        ], 
        [
          -34.79981289106507, 
          14.544724203316395, 
          74.09301859155669
        ], 
        [
          -20.749369479387546, 
          22.571348273959995, 
          76.78308581208641
        ], 
        [
          -29.78492857167273, 
          41.29105535864339, 
          68.12068526519327
        ], 
        [
          -43.83537198335026, 
          33.26443128799979, 
          65.43061804466355
        ], 
        [
          -37.92702724482112, 
          18.242232535834688, 
          79.39409018620267
        ], 
        [
          -23.876583833143595, 
          26.268856606478288, 
          82.0841574067324
        ]
      ], 
      "cuboid_centroid": [
        -32.292370731368905, 
        27.917889780979895, 
        71.10685192837498
      ], 
      "location": [
        -32.292370731368905, 
        27.917889780979895, 
        71.10685192837498
      ], 
      "pose_transform_permuted": [
        [
          0.43554518503096573, 
          -0.5149733176767858, 
          -0.7383108247054934, 
          0.0
        ], 
        [
          0.8565462958317634, 
          0.4893208644240927, 
          0.16399248377941994, 
          0.0
        ], 
        [
          -0.27681913751261267, 
          0.70382353876538, 
          -0.6542198341433485, 
          0.0
        ], 
        [
          -32.292370731368905, 
          27.917889780979895, 
          71.10685192837498, 
          1.0
        ]
      ], 
      "projected_cuboid": [
        [
          253.3951005378964, 
          592.4444197068038
        ], 
        [
          117.52676260248901, 
          535.5306418743252
        ], 
        [
          229.02148835339787, 
          377.9790771289214
        ], 
        [
          336.2751641474602, 
          430.06249880358064
        ], 
        [
          246.46639187501646, 
          596.5558701503575
        ], 
        [
          121.32100163219562, 
          544.4221799653053
        ], 
        [
          224.70401184974153, 
          395.82638734938206
        ], 
        [
          325.1726376445004, 
          443.9613197950636
        ]
      ], 
      "projected_cuboid_centroid": [
        237.37763653075538, 
        482.67785453146087
      ], 
      "quaternion_xyzw": [
        0.9081135197901521, 
        0.2109152614845294, 
        0.1650503091697521, 
        0.3218741727604475
      ], 
      "visibility": 0.695493654868213
    }, 
    {
      "bounding_box": {
        "bottom_right": [
          533, 
          242
        ], 
        "top_left": [
          388, 
          102
        ]
      }, 
      "class": "004_sugar_box", 
      "cuboid": [
        [
          -39.6978319614702, 
          32.52905995986289, 
          68.17490482028207
        ], 
        [
          -48.188882117188534, 
          28.879711402968034, 
          67.48601853543504
        ], 
        [
          -43.910181601153724, 
          16.665688635745678, 
          79.4510233311594
        ], 
        [
          -35.41913144543539, 
          20.31503719264053, 
          80.13990961600645
        ], 
        [
          -41.13681240806883, 
          35.25479541740425, 
          71.47194664291709
        ], 
        [
          -49.62786256378716, 
          31.6054468605094, 
          70.78306035807003
        ], 
        [
          -45.34916204775235, 
          19.39142409328704, 
          82.74806515379441
        ], 
        [
          -36.85811189203402, 
          23.040772650181896, 
          83.43695143864144
        ]
      ], 
      "cuboid_centroid": [
        -42.52349700461128, 
        25.960242026574964, 
        75.46148498703825
      ], 
      "location": [
        -42.52349700461128, 
        25.960242026574964, 
        75.46148498703825
      ], 
      "pose_transform_permuted": [
        [
          0.31882403992285085, 
          -0.6039206386636161, 
          -0.7305006792634323, 
          0.0
        ], 
        [
          0.9161981912204078, 
          0.3937706744916771, 
          0.07433195618428318, 
          0.0
        ], 
        [
          -0.24275902530144106, 
          0.6929824255912895, 
          -0.6788539864035397, 
          0.0
        ], 
        [
          -42.52349700461128, 
          25.960242026574964, 
          75.46148498703825, 
          1.0
        ]
      ], 
      "projected_cuboid": [
        [
          168.46035594754537, 
          527.7553156713473
        ], 
        [
          97.60276294869712, 
          501.51330230665104
        ], 
        [
          184.3911340272726, 
          385.15593555268333
        ], 
        [
          243.92354881075048, 
          408.48019142575345
        ], 
        [
          172.0784599040353, 
          536.3558075331878
        ], 
        [
          104.55659311661113, 
          511.4198379590888
        ], 
        [
          186.88144592698652, 
          398.2662120717668
        ], 
        [
          244.04085451066462, 
          420.56055811114544
        ]
      ], 
      "projected_cuboid_centroid": [
        178.56027350207358, 
        456.7590134967677
      ], 
      "quaternion_xyzw": [
        0.9137397463275757, 
        0.17415508692475173, 
        0.10756782707747825, 
        0.3509682681044502
      ], 
      "visibility": 0.40956622773044155
    }, 
    {
      "bounding_box": {
        "bottom_right": [
          415, 
          185
        ], 
        "top_left": [
          325, 
          58
        ]
      }, 
      "class": "024_bowl", 
      "cuboid": [
        [
          -54.06914947155562, 
          7.213292495902382, 
          64.26477058800076
        ], 
        [
          -51.59424180108796, 
          19.015592067628955, 
          74.95677218862014
        ], 
        [
          -50.20591515033275, 
          15.284954340053918, 
          78.75345360466159
        ], 
        [
          -52.68082282080041, 
          3.4826547683273463, 
          68.06145200404221
        ], 
        [
          -38.64354775165493, 
          8.205432232381948, 
          59.59899590253708
        ], 
        [
          -36.16864008118727, 
          20.00773180410852, 
          70.29099750315646
        ], 
        [
          -34.78031343043205, 
          16.277094076533487, 
          74.08767891919791
        ], 
        [
          -37.25522110089971, 
          4.474794504806913, 
          63.395677318578535
        ]
      ], 
      "cuboid_centroid": [
        -44.42473145099384, 
        11.745193286217933, 
        69.17622475359934
      ], 
      "location": [
        -44.42473145099384, 
        11.745193286217933, 
        69.17622475359934
      ],