{
  "camera_data": {
    "location_worldframe": [
      -10.664536003625134, 
      -2.171555235232076, 
      74.64385030620967
    ], 
    "quaternion_xyzw_worldframe": [
      -0.8237232738730528, 
      -0.09009104069875547, 
      -0.16449139802577378, 
      0.5350794699903463
    ]
  }, 
  "objects": [
    {
      "bounding_box": {
        "bottom_right": [
          459, 
          425
        ], 
        "top_left": [
          287, 
          297
        ]
      }, 
      "class": "003_cracker_box", 
      "cuboid": [
        [
          -6.685957163926879, 
          23.84912178179317, 
          73.22621469430521
        ], 
        [
          -17.286278267359314, 
          20.944579690734955, 
          61.04939477149481
        ], 
        [
          -19.768513108803475, 
          0.9135063462153453, 
          67.98828214662865
        ], 
        [
          -9.168192005371042, 
          3.8180484372735592, 
          80.16510206943906
        ], 
        [
          -12.101388502201651, 
          25.97740719546642, 
          77.43286444836365
        ], 
        [
          -22.701709605634086, 
          23.07286510440821, 
          65.25604452555325
        ], 
        [
          -25.183944447078243, 
          3.0417917598885973, 
          72.19493190068708
        ], 
        [
          -14.58362334364581, 
          5.946333850946813, 
          84.37175182349749
        ]
      ], 
      "cuboid_centroid": [
        -15.934950805502563, 
        13.445456770840883, 
        72.71057329749615
      ], 
      "location": [
        -15.934950805502563, 
        13.445456770840883, 
        72.71057329749615
      ], 
      "pose_transform_permuted": [
        [
          0.7542383659816666, 
          -0.29641858837839485, 
          -0.5858843808679876, 
          0.0
        ], 
        [
          0.646219162608497, 
          0.17706734914256522, 
          0.7423260387088662, 
          0.0
        ], 
        [
          0.11629824228628005, 
          0.9385004924513274, 
          -0.3251023600494727, 
          0.0
        ], 
        [
          -15.934950805502563, 
          13.445456770840883, 
          72.71057329749615, 
          1.0
        ]
      ], 
      "projected_cuboid": [
        [
          432.49624910091427, 
          446.983945948817
        ], 
        [
          329.3279354102556, 
          456.25566572081726
        ], 
        [
          325.23490344434276, 
          280.45234374097856
        ], 
        [
          420.094948586702, 
          298.6871168933187
        ], 
        [
          397.5540552181372, 
          452.20617470224926
        ], 
        [
          294.5161226876728, 
          461.8546758376689
        ], 
        [
          294.0074586670749, 
          295.75691188121
        ], 
        [
          388.64477507073144, 
          310.8737187883202
        ]
      ], 
      "projected_cuboid_centroid": [
        363.74291419409224, 
        371.90665711089673
      ], 
      "quaternion_xyzw": [
        0.8903095017924681, 
        0.01706403973391786, 
        0.42023712025915877, 
        0.1745238445665675
      ], 
      "visibility": 0.8163255142188356
    }, 
    {
      "bounding_box": {
        "bottom_right": [
          441, 
          317
        ], 
        "top_left": [
          299, 
          234
        ]
      }, 
      "class": "004_sugar_box", 
      "cuboid": [
        [
          -20.638772428314944, 
          20.424905808604898, 
          68.9874950181011
        ], 
        [
          -27.526895104127526, 
          19.407667145842883, 
          62.87118620836757
        ], 
        [
          -30.31381304840567, 
          3.0217126093491697, 
          68.73502047663193
        ], 
        [
          -23.425690372593085, 
          4.038951272111184, 
          74.85132928636547
        ], 
        [
          -23.57280456238983, 
          22.01193096720024, 
          72.02782228216284
        ], 
        [
          -30.460927238202405, 
          20.994692304438225, 
          65.91151347242932
        ], 
        [
          -33.24784518248055, 
          4.608737767944509, 
          71.77534774069369
        ], 
        [
          -26.35972250666797, 
          5.625976430706523, 
          77.89165655042721
        ]
      ], 
      "cuboid_centroid": [
        -26.94330880539775, 
        12.516821788274704, 
        70.3814213793974
      ], 
      "location": [
        -26.94330880539775, 
        12.516821788274704, 
        70.3814213793974
      ], 
      "pose_transform_permuted": [
        [
          0.6500713616090847, 
          -0.3516251897088514, 
          -0.6736223715249208, 
          0.0
        ], 
        [
          0.7432396960031697, 
          0.10976171448408772, 
          0.6599597182510379, 
          0.0
        ], 
        [
          0.15812031742175622, 
          0.9296837525799324, 
          -0.33269416407116037, 
          0.0
        ], 
        [
          -26.94330880539775, 
          12.516821788274704, 
          70.3814213793974, 
          1.0
        ]
      ], 
      "projected_cuboid": [
        [
          320.71589518629787, 
          431.18475198814673
        ], 
        [
          246.1478179839546, 
          437.916626528543
        ], 
        [
          244.43007929517483, 
          296.7322065519273
        ], 
        [
          313.29687329772315, 
          302.06427418769493
        ], 
        [
          305.60110405314737, 
          436.27069432911964
        ], 
        [
          233.07007047047668, 
          443.163998818275
        ], 
        [
          232.49350677238016, 
          307.53130561704694
        ], 
        [
          299.60953780807597, 
          311.80726713055276
        ]
      ], 
      "projected_cuboid_centroid": [
        275.7310647948425, 
        368.13353095086495
      ], 
      "quaternion_xyzw": [
        0.9146783341847591, 
        -0.013217379577698725, 
        0.35805786332190115, 
        0.18703825383322784
      ], 
      "visibility": 0.5694677871148459
    }, 
    {
      "bounding_box": {
        "bottom_right": [
          338, 
          325
        ], 
        "top_left": [
          257, 
          161
        ]
      }, 
      "class": "024_bowl", 
      "cuboid": [
        [
          -31.035636177237908, 
          2.4859456620608387, 
          48.1834303050229
        ], 
        [
          -34.4529187168674, 
          8.604478187050029, 
          62.696323923139076
        ], 
        [
          -35.30981503370527, 
          3.528215850628037, 
          64.63467061878751
        ], 
        [
          -31.89253249407578, 
          -2.5903166743611523, 
          50.12177700067133
        ], 
        [
          -15.458226026875687, 
          1.4274007176650088, 
          52.29764453149494
        ], 
        [
          -18.87550856650518, 
          7.545933242654199, 
          66.8105381496111
        ], 
        [
          -19.73240488334305, 
          2.4696709062322073, 
          68.74888484525954
        ], 
        [
          -16.31512234371356, 
          -3.6488616187569822, 
          54.235991227143366
        ]
      ], 
      "cuboid_centroid": [
        -25.38402053029048, 
        2.477808284146523, 
        58.46615757514122
      ], 
      "location": [
        -25.38402053029048, 
        2.477808284146523, 
        58.46615757514122
      ],