{
  "camera_data": {
    "location_worldframe": [
      -20.32776292708374, 
      14.30912637143075, 
      71.52623419484374
    ], 
    "quaternion_xyzw_worldframe": [
      0.9028785557299622, 
      0.007033899493902388, 
      -0.059044975837537046, 
      -0.4257650367371462
    ]
  }, 
  "objects": [
    {
      "bounding_box": {
        "bottom_right": [
          539, 
          352
        ], 
        "top_left": [
          399, 
          174
        ]
      }, 
      "class": "003_cracker_box", 
      "cuboid": [
        [
          -20.38530461982203, 
          38.83826214546519, 
          61.87049788748512
        ], 
        [
          -34.843586410214215, 
          32.79749240999765, 
          57.01814749207574
        ], 
        [
          -31.715724089235646, 
          15.540294656199908, 
          69.18199351764332
        ], 
        [
          -17.25744229884347, 
          21.581064391667443, 
          74.0343439130527
        ], 
        [
          -23.609452344026423, 
          42.13365064228479, 
          67.3748310571324
        ], 
        [
          -38.0677341344186, 
          36.09288090681726, 
          62.52248066172302
        ], 
        [
          -34.939871813440035, 
          18.83568315301951, 
          74.68632668729059
        ], 
        [
          -20.481590023047858, 
          24.876452888487048, 
          79.53867708269998
        ]
      ], 
      "cuboid_centroid": [
        -27.662588216631036, 
        28.836972649242348, 
        68.27841228738785
      ], 
      "location": [
        -27.662588216631036, 
        28.836972649242348, 
        68.27841228738785
      ], 
      "pose_transform_permuted": [
        [
          0.4490456547755133, 
          -0.45896776819034024, 
          -0.7666202369423915, 
          0.0
        ], 
        [
          0.8814090309320474, 
          0.3682587651708549, 
          0.2958100776955814, 
          0.0
        ], 
        [
          -0.14654733064324132, 
          0.8085382301642976, 
          -0.5699033341226609, 
          0.0
        ], 
        [
          -27.662588216631036, 
          28.836972649242348, 
          68.27841228738785, 
          1.0
        ]
      ], 
      "projected_cuboid": [
        [
          304.41272937165206, 
          608.0697785523977
        ], 
        [
          152.97139731120447, 
          580.0580791576841
        ], 
        [
          235.0650692632412, 
          393.085680026795
        ], 
        [
          356.24400973312595, 
          428.7495792865735
        ], 
        [
          293.15408895580845, 
          606.8042722072519
        ], 
        [
          154.1715184607698, 
          581.1604418467699
        ], 
        [
          230.0194821137203, 
          407.7882484480924
        ], 
        [
          343.12026076023216, 
          440.08714332052244
        ]
      ], 
      "projected_cuboid_centroid": [
        263.7252105652094, 
        498.5308241033674
      ], 
      "quaternion_xyzw": [
        0.9295923162923003, 
        0.13844942745100666, 
        0.200317848861415, 
        0.27669954997494944
      ], 
      "visibility": 0.5354194994679942
    }, 
    {
      "bounding_box": {
        "bottom_right": [
          539, 
          251
        ], 
        "top_left": [
          405, 
          123
        ]
      }, 
      "class": "004_sugar_box", 
      "cuboid": [
        [
          -34.288280474416034, 
          34.56406698749708, 
          65.44985516258986
        ], 
        [
          -42.99474260482633, 
          31.976038944600027, 
          63.60869521000697
        ], 
        [
          -41.027836100705386, 
          17.922331067194655, 
          74.06218954092094
        ], 
        [
          -32.321373970295085, 
          20.51035911009171, 
          75.90334949350382
        ], 
        [
          -35.750761167745644, 
          36.97877918557083, 
          68.971374509762
        ], 
        [
          -44.457223298155945, 
          34.39075114267378, 
          67.13021455717913
        ], 
        [
          -42.490316794034996, 
          20.337043265268402, 
          77.5837088880931
        ], 
        [
          -33.7838546636247, 
          22.925071308165457, 
          79.42486884067598
        ]
      ], 
      "cuboid_centroid": [
        -38.38929863422552, 
        27.450555126382742, 
        71.51678202534147
      ], 
      "location": [
        -38.38929863422552, 
        27.450555126382742, 
        71.51678202534147
      ], 
      "pose_transform_permuted": [
        [
          0.3240308122731408, 
          -0.5350095618468113, 
          -0.780236470610689, 
          0.0
        ], 
        [
          0.9394414954007609, 
          0.2792524562033252, 
          0.19866416843243617, 
          0.0
        ], 
        [
          -0.11159563610728297, 
          0.7973599492192999, 
          -0.5930959844599151, 
          0.0
        ], 
        [
          -38.38929863422552, 
          27.450555126382742, 
          71.51678202534147, 
          1.0
        ]
      ], 
      "projected_cuboid": [
        [
          199.8698838117559, 
          554.9325974368563
        ], 
        [
          118.10862695095732, 
          541.385855301114
        ], 
        [
          183.69480451289863, 
          402.3447010395276
        ], 
        [
          252.60490941318625, 
          417.3984413990939
        ], 
        [
          202.85138507135704, 
          559.2241061624946
        ], 
        [
          125.46093605822662, 
          546.5057014436782
        ], 
        [
          187.07952404272953, 
          413.08577666968864
        ], 
        [
          252.85584878946895, 
          427.2230776660694
        ]
      ], 
      "projected_cuboid_centroid": [
        192.93218666717172, 
        477.992597219831
      ], 
      "quaternion_xyzw": [
        0.9376883697730751, 
        0.10420522022822867, 
        0.1393573274327993, 
        0.3007677130995377
      ], 
      "visibility": 0.44360030770874764
    }, 
    {
      "bounding_box": {
        "bottom_right": [
          441, 
          193
        ], 
        "top_left": [
          357, 
          41
        ]
      }, 
      "class": "024_bowl", 
      "cuboid": [
        [
          -50.62877334271414, 
          11.675735835874622, 
          56.974850127406285
        ], 
        [
          -48.006414101511794, 
          21.653475978210363, 
          69.35654124969918
        ], 
        [
          -47.33786736763374, 
          17.33367572245749, 
          72.69604263965792
        ], 
        [
          -49.96022660883609, 
          7.355935580121746, 
          60.31435151736502
        ], 
        [
          -34.81896770552949, 
          11.588382308563542, 
          53.69683271303376
        ], 
        [
          -32.196608464327134, 
          21.566122450899282, 
          66.07852383532666
        ], 
        [
          -31.528061730449085, 
          17.24632219514641, 
          69.41802522528539
        ], 
        [
          -34.15042097165143, 
          7.268582052810666, 
          57.036334102992505
        ]
      ], 
      "cuboid_centroid": [
        -41.07841753658161, 
        14.461029015510515, 
        63.19643767634584
      ], 
      "location": [
        -41.07841753658161, 
        14.461029015510515, 
        63.19643767634584
      ],