{
  "camera_data": {
    "location_worldframe": [
      -14.81803104613722, 
      9.656130411202241, 
      77.10501313845748
    ], 
    "quaternion_xyzw_worldframe": [
      -0.863635348190552, 
      -0.008585286832861002, 
      -0.0003760791803831148, 
      0.5040478987805428
    ]
  }, 
  "objects": [
    {
      "bounding_box": {
        "bottom_right": [
          534, 
          400
        ], 
        "top_left": [
          365, 
          251
        ]
      }, 
      "class": "003_cracker_box", 
      "cuboid": [
        [
          -12.683316287204732, 
          35.43073014467588, 
          72.00325972017009
        ], 
        [
          -26.80618797759372, 
          31.27003360098051, 
          64.7706104700511
        ], 
        [
          -25.818082510169514, 
          12.011999498078879, 
          73.91967147231352
        ], 
        [
          -11.695210819780527, 
          16.17269604177424, 
          81.15232072243253
        ], 
        [
          -16.32040793960157, 
          37.933981899751515, 
          77.66521101788703
        ], 
        [
          -30.443279629990556, 
          33.77328535605616, 
          70.43256176776804
        ], 
        [
          -29.45517416256635, 
          14.51525125315452, 
          79.58162277003048
        ], 
        [
          -15.332302472177364, 
          18.675947796849883, 
          86.81427202014947
        ]
      ], 
      "cuboid_centroid": [
        -21.06924522488554, 
        24.972990698915197, 
        75.79244124510028
      ], 
      "location": [
        -21.06924522488554, 
        24.972990698915197, 
        75.79244124510028
      ], 
      "pose_transform_permuted": [
        [
          0.5065587380715053, 
          -0.34864231405627605, 
          -0.7885726229922574, 
          0.0
        ], 
        [
          0.8609616848715294, 
          0.2536453198067996, 
          0.4409183925890181, 
          0.0
        ], 
        [
          -0.04629494644754917, 
          0.9022818786773847, 
          -0.42865392724647605, 
          0.0
        ], 
        [
          -21.06924522488554, 
          24.972990698915197, 
          75.79244124510028, 
          1.0
        ]
      ], 
      "projected_cuboid": [
        [
          386.8703698912308, 
          535.7177432580293
        ], 
        [
          259.0362001372937, 
          530.763210885943
        ], 
        [
          293.77107492813985, 
          359.951351795805
        ], 
        [
          404.09757797934776, 
          379.57081223224475
        ], 
        [
          368.5924428230958, 
          533.775567105915
        ], 
        [
          249.15769789454566, 
          529.0198808605636
        ], 
        [
          282.55698607546157, 
          370.5611031197587
        ], 
        [
          386.622355984113, 
          388.0170824249835
        ]
      ], 
      "projected_cuboid_centroid": [
        332.1061465444297, 
        449.010987165124
      ], 
      "quaternion_xyzw": [
        0.9423131361895009, 
        0.07957552928404424, 
        0.2513700314345358, 
        0.20622026040249225
      ], 
      "visibility": 0.7978046213222395
    }, 
    {
      "bounding_box": {
        "bottom_right": [
          502, 
          301
        ], 
        "top_left": [
          372, 
          211
        ]
      }, 
      "class": "004_sugar_box", 
      "cuboid": [
        [
          -27.07599189686203, 
          31.52079423921832, 
          73.39540006310705
        ], 
        [
          -35.6469528546816, 
          29.861214839908477, 
          70.28498748163105
        ], 
        [
          -35.47735018446767, 
          14.121793300888152, 
          78.2154864934921
        ], 
        [
          -26.90638922664809, 
          15.781372700197993, 
          81.32589907496809
        ], 
        [
          -28.792354415913042, 
          33.38434971993525, 
          77.1306435576978
        ], 
        [
          -37.36331537373261, 
          31.72477032062541, 
          74.0202309762218
        ], 
        [
          -37.19371270351868, 
          15.985348781605085, 
          81.95072998808286
        ], 
        [
          -28.622751745699105, 
          17.644928180914928, 
          85.06114256955884
        ]
      ], 
      "cuboid_centroid": [
        -32.13485230019035, 
        23.7530715104117, 
        77.67306502559495
      ], 
      "location": [
        -32.13485230019035, 
        23.7530715104117, 
        77.67306502559495
      ], 
      "pose_transform_permuted": [
        [
          0.3802814927676637, 
          -0.41289392665963587, 
          -0.8275897173279269, 
          0.0
        ], 
        [
          0.9248206973888375, 
          0.17907132992381875, 
          0.3356186018025497, 
          0.0
        ], 
        [
          -0.009622683044854096, 
          0.8930016525582861, 
          -0.44994974597043397, 
          0.0
        ], 
        [
          -32.13485230019035, 
          23.7530715104117, 
          77.67306502559495, 
          1.0
        ]
      ], 
      "projected_cuboid": [
        [
          283.21278103138593, 
          502.3289143487438
        ], 
        [
          208.85534604575037, 
          499.8722033138243
        ], 
        [
          237.67552322146693, 
          369.5773015437816
        ], 
        [
          303.6797249309527, 
          376.7777407356716
        ], 
        [
          280.8533506614911, 
          504.12251517326143
        ], 
        [
          210.1490294236873, 
          501.8651449440567
        ], 
        [
          237.5304160715332, 
          377.31611221818383
        ], 
        [
          300.6415174238852, 
          383.91737902421795
        ]
      ], 
      "projected_cuboid_centroid": [
        259.1136730921774, 
        436.3801173682252
      ], 
      "quaternion_xyzw": [
        0.954648111514794, 
        0.0494145462324493, 
        0.18747748147593732, 
        0.22595856583766427
      ], 
      "visibility": 0.5093538390910134
    }, 
    {
      "bounding_box": {
        "bottom_right": [
          408, 
          267
        ], 
        "top_left": [
          341, 
          123
        ]
      }, 
      "class": "024_bowl", 
      "cuboid": [
        [
          -43.47352812247997, 
          11.545244895069013, 
          59.43788138619232
        ], 
        [
          -41.72721681807876, 
          19.053370978748987, 
          73.59121247556664
        ], 
        [
          -41.62510939075974, 
          14.189531587731205, 
          76.15880647972462
        ], 
        [
          -43.37142069516095, 
          6.68140550405123, 
          62.005475390350306
        ], 
        [
          -27.425094247530712, 
          10.991827140101037, 
          57.75132215417991
        ], 
        [
          -25.6787829431295, 
          18.499953223781013, 
          71.90465324355422
        ], 
        [
          -25.576675515810482, 
          13.63611383276323, 
          74.4722472477122
        ], 
        [
          -27.322986820211693, 
          6.127987749083255, 
          60.318916158337885
        ]
      ], 
      "cuboid_centroid": [
        -34.52510181914523, 
        12.590679363916122, 
        66.95506431695226
      ], 
      "location": [
        -34.52510181914523, 
        12.590679363916122, 
        66.95506431695226
      ],