{
  "camera_data": {
    "location_worldframe": [
      -16.33405188869959, 
      11.819706077895976, 
      73.58827675787244
    ], 
    "quaternion_xyzw_worldframe": [
      0.8790145542388369, 
      0.009660073021923286, 
      -0.016028034630229237, 
      -0.4764284813806127
    ]
  }, 
  "objects": [
    {
      "bounding_box": {
        "bottom_right": [
          539, 
          385
        ], 
        "top_left": [
          383, 
          223
        ]
      }, 
      "class": "003_cracker_box", 
      "cuboid": [
        [
          -14.822461669969405, 
          37.249984305975566, 
          66.81101809711937
        ], 
        [
          -29.048570282538517, 
          32.3940647851844, 
          60.244740990711
        ], 
        [
          -27.456393165640296, 
          13.777816269012625, 
          70.56238657286555
        ], 
        [
          -13.230284553071181, 
          18.63373578980379, 
          77.12866367927393
        ], 
        [
          -18.356769695768342, 
          40.04569287037102, 
          72.4007477808055
        ], 
        [
          -32.582878308337456, 
          35.18977334957985, 
          65.83447067439712
        ], 
        [
          -30.99070119143923, 
          16.573524833408076, 
          76.15211625655168
        ], 
        [
          -16.76459257887012, 
          21.42944435419924, 
          82.71839336296006
        ]
      ], 
      "cuboid_centroid": [
        -22.906581430704318, 
        26.91175456969182, 
        71.48156717683553
      ], 
      "location": [
        -22.906581430704318, 
        26.91175456969182, 
        71.48156717683553
      ], 
      "pose_transform_permuted": [
        [
          0.4922434694008534, 
          -0.3893744611749315, 
          -0.7785139021346651, 
          0.0
        ], 
        [
          0.8672552373734359, 
          0.29602765952097665, 
          0.40029486387771485, 
          0.0
        ], 
        [
          -0.07459705141998973, 
          0.8722127915728275, 
          -0.483404722914639, 
          0.0
        ], 
        [
          -22.906581430704318, 
          26.91175456969182, 
          71.48156717683553, 
          1.0
        ]
      ], 
      "projected_cuboid": [
        [
          362.2906018668189, 
          570.634889630804
        ], 
        [
          222.30014773420575, 
          560.056616901974
        ], 
        [
          272.34875677844803, 
          377.4210434379736
        ], 
        [
          389.35158423866494, 
          402.13275066396983
        ], 
        [
          345.25026981654787, 
          568.2717816986012
        ], 
        [
          215.44623091292925, 
          558.3559714018758
        ], 
        [
          262.74978281015734, 
          389.3566590802611
        ], 
        [
          372.6080728743999, 
          411.45100015156726
        ]
      ], 
      "projected_cuboid_centroid": [
        309.26823313277316, 
        474.0734862307082
      ], 
      "quaternion_xyzw": [
        0.9378142048242989, 
        0.09880014320384589, 
        0.23793047937618592, 
        0.2326631382847008
      ], 
      "visibility": 0.6325382037511772
    }, 
    {
      "bounding_box": {
        "bottom_right": [
          531, 
          283
        ], 
        "top_left": [
          389, 
          178
        ]
      }, 
      "class": "004_sugar_box", 
      "cuboid": [
        [
          -29.096997256211598, 
          33.18903112584141, 
          68.84058737232421
        ], 
        [
          -37.71350721676084, 
          31.187106564364598, 
          66.0768406219875
        ], 
        [
          -37.037993466355864, 
          15.990066100394673, 
          74.97878492283124
        ], 
        [
          -28.42148350580662, 
          17.991990661871487, 
          77.74253167316795
        ], 
        [
          -30.74993039561728, 
          35.25684210408191, 
          72.49609733473963
        ], 
        [
          -39.36644035616652, 
          33.25491754260509, 
          69.73235058440291
        ], 
        [
          -38.69092660576155, 
          18.05787707863517, 
          78.63429488524665
        ], 
        [
          -30.074416645212303, 
          20.059801640111985, 
          81.39804163558337
        ]
      ], 
      "cuboid_centroid": [
        -33.89396193098657, 
        25.62345410223829, 
        73.73744112878543
      ], 
      "location": [
        -33.89396193098657, 
        25.62345410223829, 
        73.73744112878543
      ], 
      "pose_transform_permuted": [
        [
          0.36622792371735063, 
          -0.4581492760640317, 
          -0.8099237602222911, 
          0.0
        ], 
        [
          0.9297355092374888, 
          0.21601093251693293, 
          0.29821279196478406, 
          0.0
        ], 
        [
          -0.038326370123703914, 
          0.8622287810689762, 
          -0.5050662727297458, 
          0.0
        ], 
        [
          -33.89396193098657, 
          25.62345410223829, 
          73.73744112878543, 
          1.0
        ]
      ], 
      "projected_cuboid": [
        [
          254.2992096760102, 
          530.4075318822504
        ], 
        [
          174.66703163782495, 
          525.0040008119202
        ], 
        [
          215.95259114043975, 
          387.02291549566735
        ], 
        [
          284.99874854551996, 
          396.7129398967748
        ], 
        [
          253.49918900149186, 
          532.6544905494075
        ], 
        [
          178.0097820471289, 
          527.6232785842949
        ], 
        [
          216.9976576665905, 
          395.760065474595
        ], 
        [
          282.9075330389994, 
          404.718263293652
        ]
      ], 
      "projected_cuboid_centroid": [
        234.4098482099461, 
        458.61287494156056
      ], 
      "quaternion_xyzw": [
        0.9489320379417006, 
        0.06700619551014216, 
        0.1750496055342785, 
        0.2537630489542378
      ], 
      "visibility": 0.5222311235730022
    }, 
    {
      "bounding_box": {
        "bottom_right": [
          427, 
          240
        ], 
        "top_left": [
          353, 
          87
        ]
      }, 
      "class": "024_bowl", 
      "cuboid": [
        [
          -45.47305648040356, 
          12.085173864393026, 
          56.62731052281964
        ], 
        [
          -43.49915813195444, 
          20.508567971920172, 
          70.22468153360812
        ], 
        [
          -43.237685157750896, 
          15.820637715840807, 
          73.0908358065695
        ], 
        [
          -45.21158350620001, 
          7.397243608313664, 
          59.493464795781016
        ], 
        [
          -29.466707265786397, 
          11.702317932152488, 
          54.54088073773424
        ], 
        [
          -27.492808917337282, 
          20.125712039679634, 
          68.13825174852272
        ], 
        [
          -27.231335943133733, 
          15.437781783600272, 
          71.0044060214841
        ], 
        [
          -29.205234291582848, 
          7.014387676073125, 
          57.407035010695616
        ]
      ], 
      "cuboid_centroid": [
        -36.35219621176864, 
        13.761477823996648, 
        63.81585827215187
      ], 
      "location": [
        -36.35219621176864, 
        13.761477823996648, 
        63.81585827215187
      ],