{
  "camera_data": {
    "location_worldframe": [
      -22.87058825342126, 
      11.520215731534332, 
      77.82992920253658
    ], 
    "quaternion_xyzw_worldframe": [
      0.9360929840773343, 
      0.03222427459583888, 
      -0.11632692070001896, 
      -0.330392596156431
    ]
  }, 
  "objects": [
    {
      "bounding_box": {
        "bottom_right": [
          539, 
          337
        ], 
        "top_left": [
          358, 
          131
        ]
      }, 
      "class": "003_cracker_box", 
      "cuboid": [
        [
          -26.308108440511596, 
          33.485508197627695, 
          63.66575263016262
        ], 
        [
          -40.287019275477185, 
          25.223465757477975, 
          61.34049516648189
        ], 
        [
          -34.454134813244714, 
          11.147917935465676, 
          76.28739984627722
        ], 
        [
          -20.475223978279118, 
          19.40996037561539, 
          78.61265730995795
        ], 
        [
          -29.511836102959617, 
          37.49225848463208, 
          68.68914577995672
        ], 
        [
          -43.49074693792521, 
          29.230216044482365, 
          66.36388831627599
        ], 
        [
          -37.65786247569273, 
          15.154668222470063, 
          81.31079299607133
        ], 
        [
          -23.678951640727142, 
          23.41671066261978, 
          83.63605045975206
        ]
      ], 
      "cuboid_centroid": [
        -31.982985458102164, 
        24.32008821004888, 
        72.48827281311698
      ], 
      "location": [
        -31.982985458102164, 
        24.32008821004888, 
        72.48827281311698
      ], 
      "pose_transform_permuted": [
        [
          0.44620163496429077, 
          -0.5580432288020691, 
          -0.699636945667791, 
          0.0
        ], 
        [
          0.8521855107790308, 
          0.5036724920889981, 
          0.14175286921660885, 
          0.0
        ], 
        [
          -0.27328365515243724, 
          0.6594708299091177, 
          -0.7002958434301207, 
          0.0
        ], 
        [
          -31.982985458102164, 
          24.32008821004888, 
          72.48827281311698, 
          1.0
        ]
      ], 
      "projected_cuboid": [
        [
          259.38098726737627, 
          553.7902081096046
        ], 
        [
          128.4060931644318, 
          492.58976022311737
        ], 
        [
          238.72348833394253, 
          351.22080967700964
        ], 
        [
          341.5326177895413, 
          404.96650315646286
        ], 
        [
          250.55032399926316, 
          564.3857420860144
        ], 
        [
          129.1801235984202, 
          508.1890886359692
        ], 
        [
          232.53980767610736, 
          372.68639674182447
        ], 
        [
          329.34587954731546, 
          422.60719936103425
        ]
      ], 
      "projected_cuboid_centroid": [
        244.32698257931648, 
        452.21726433917127
      ], 
      "quaternion_xyzw": [
        0.8960040856988236, 
        0.21678365077862932, 
        0.16404905780154289, 
        0.351097470512863
      ], 
      "visibility": 0.8621871157421986
    }, 
    {
      "bounding_box": {
        "bottom_right": [
          503, 
          248
        ], 
        "top_left": [
          365, 
          110
        ]
      }, 
      "class": "004_sugar_box", 
      "cuboid": [
        [
          -39.379628504007805, 
          28.69372431419675, 
          69.19267253568438
        ], 
        [
          -47.843823640877915, 
          24.958862772494793, 
          68.6463650221124
        ], 
        [
          -43.633104876654116, 
          13.55012249540505, 
          81.40416509909956
        ], 
        [
          -35.168909739784, 
          17.284984037107005, 
          81.95047261267152
        ], 
        [
          -40.86842065391932, 
          31.613877674152146, 
          72.29541093572695
        ], 
        [
          -49.33261579078944, 
          27.879016132450186, 
          71.74910342215499
        ], 
        [
          -45.12189702656564, 
          16.470275855360445, 
          84.50690349914214
        ], 
        [
          -36.657701889695524, 
          20.2051373970624, 
          85.05321101271412
        ]
      ], 
      "cuboid_centroid": [
        -42.25076276528672, 
        22.5820000847786, 
        76.84978801741326
      ], 
      "location": [
        -42.25076276528672, 
        22.5820000847786, 
        76.84978801741326
      ], 
      "pose_transform_permuted": [
        [
          0.3298604431785007, 
          -0.64699634634782, 
          -0.68745033600951, 
          0.0
        ], 
        [
          0.9133004907896363, 
          0.4029976653313631, 
          0.05894747370532004, 
          0.0
        ], 
        [
          -0.23890197016377032, 
          0.6472934151863091, 
          -0.723834514725557, 
          0.0
        ], 
        [
          -42.25076276528672, 
          22.5820000847786, 
          76.84978801741326, 
          1.0
        ]
      ], 
      "projected_cuboid": [
        [
          175.539411994854, 
          494.4504926326025
        ], 
        [
          106.79664344724397, 
          467.1941146748985
        ], 
        [
          193.3524349290366, 
          362.06019805607576
        ], 
        [
          250.81653054614102, 
          385.7742416870563
        ], 
        [
          177.60037264433166, 
          506.50051166770095
        ], 
        [
          111.84602814328171, 
          480.5145666788479
        ], 
        [
          194.4615614372464, 
          377.2297697197012
        ], 
        [
          249.82224463629282, 
          399.9812897281533
        ]
      ], 
      "projected_cuboid_centroid": [
        185.94316389955847, 
        430.00034530717556
      ], 
      "quaternion_xyzw": [
        0.9011165632127532, 
        0.1780845180579544, 
        0.10786837484642467, 
        0.38031452229275153
      ], 
      "visibility": 0.40063740104862755
    }, 
    {
      "bounding_box": {
        "bottom_right": [
          386, 
          197
        ], 
        "top_left": [
          294, 
          77
        ]
      }, 
      "class": "024_bowl", 
      "cuboid": [
        [
          -53.577348243824275, 
          3.0984218493935907, 
          66.73962780419205
        ], 
        [
          -51.27970299842365, 
          15.56673819672158, 
          76.68951499827651
        ], 
        [
          -49.91369493965164, 
          12.09151575840158, 
          80.72891464501674
        ], 
        [
          -52.211340185052265, 
          -0.3768005889264098, 
          70.77902745093229
        ], 
        [
          -38.10712064974313, 
          3.8834780869489207, 
          62.18345309458919
        ], 
        [
          -35.80947540434251, 
          16.35179443427691, 
          72.13334028867365
        ], 
        [
          -34.4434673455705, 
          12.876571995956912, 
          76.17273993541389
        ], 
        [
          -36.74111259097113, 
          0.40825564862892183, 
          66.22285274132943
        ]
      ], 
      "cuboid_centroid": [
        -44.010407794697386, 
        7.987496922675251, 
        71.45618386980297
      ], 
      "location": [
        -44.010407794697386, 
        7.987496922675251, 
        71.45618386980297
      ],