{
  "camera_data": {
    "location_worldframe": [
      -10.017179376061753, 
      -1.4233322852483106, 
      77.60258773518987
    ], 
    "quaternion_xyzw_worldframe": [
      -0.8226632099376674, 
      -0.10328867445017371, 
      -0.18571868531500588, 
      0.5273190449657065
    ]
  }, 
  "objects": [
    {
      "bounding_box": {
        "bottom_right": [
          459, 
          433
        ], 
        "top_left": [
          291, 
          308
        ]
      }, 
      "class": "003_cracker_box", 
      "cuboid": [
        [
          -5.876908798856635, 
          24.56586903695847, 
          76.07486268613165
        ], 
        [
          -15.855420678789331, 
          21.54448027222044, 
          63.410794371347755
        ], 
        [
          -18.75995721318042, 
          1.6075039913614808, 
          70.45594812717528
        ], 
        [
          -8.781445333247728, 
          4.628892756099513, 
          83.12001644195915
        ], 
        [
          -11.491270625050703, 
          26.76189605419406, 
          79.97470937018075
        ], 
        [
          -21.4697825049834, 
          23.74050728945603, 
          67.31064105539687
        ], 
        [
          -24.37431903937449, 
          3.8035310085970733, 
          74.35579481122437
        ], 
        [
          -14.395807159441794, 
          6.824919773335105, 
          87.01986312600826
        ]
      ], 
      "cuboid_centroid": [
        -15.125613919115564, 
        14.184700022777772, 
        75.21532874867802
      ], 
      "location": [
        -15.125613919115564, 
        14.184700022777772, 
        75.21532874867802
      ], 
      "pose_transform_permuted": [
        [
          0.7819445627331124, 
          -0.305853352331309, 
          -0.5431541472545541, 
          0.0
        ], 
        [
          0.6083122886759584, 
          0.18419058238070815, 
          0.7720297849228833, 
          0.0
        ], 
        [
          0.13608401911297016, 
          0.9340918350087192, 
          -0.330081177155113, 
          0.0
        ], 
        [
          -15.125613919115564, 
          14.184700022777772, 
          75.21532874867802, 
          1.0
        ]
      ], 
      "projected_cuboid": [
        [
          440.0539104814474, 
          445.5045160681182
        ], 
        [
          347.13297962054185, 
          454.4874415867586
        ], 
        [
          338.4093009535549, 
          285.4546143668581
        ], 
        [
          424.78349366704055, 
          302.98671443593287
        ], 
        [
          404.3277434668502, 
          451.75099706972253
        ], 
        [
          310.06881858019375, 
          461.38870508847486
        ], 
        [
          305.3144838416992, 
          300.5674994348566
        ], 
        [
          392.6340804293508, 
          315.11449814980415
        ]
      ], 
      "projected_cuboid_centroid": [
        373.45407420549935, 
        373.86415200520617
      ], 
      "quaternion_xyzw": [
        0.8782878615435875, 
        0.013693279098492517, 
        0.4423305887789716, 
        0.18101540432563007
      ], 
      "visibility": 0.8077154582763338
    }, 
    {
      "bounding_box": {
        "bottom_right": [
          442, 
          329
        ], 
        "top_left": [
          304, 
          247
        ]
      }, 
      "class": "004_sugar_box", 
      "cuboid": [
        [
          -19.60874148828053, 
          21.132227104972092, 
          71.17387433413369
        ], 
        [
          -26.18089448475554, 
          20.060992923178254, 
          64.72798383950331
        ], 
        [
          -29.321818631890594, 
          3.7565995352515453, 
          70.64003270428154
        ], 
        [
          -22.749665635415578, 
          4.827833717045385, 
          77.08592319891191
        ], 
        [
          -22.687643814039184, 
          22.765243447963893, 
          74.04169604797075
        ], 
        [
          -29.2597968105142, 
          21.694009266170053, 
          67.59580555334038
        ], 
        [
          -32.40072095764925, 
          5.389615878243345, 
          73.50785441811861
        ], 
        [
          -25.828567961174237, 
          6.460850060037185, 
          79.95374491274899
        ]
      ], 
      "cuboid_centroid": [
        -26.00473122296489, 
        13.26092149160772, 
        72.34086437612615
      ], 
      "location": [
        -26.00473122296489, 
        13.26092149160772, 
        72.34086437612615
      ], 
      "pose_transform_permuted": [
        [
          0.6821691568822555, 
          -0.36181510941538764, 
          -0.6354016183786575, 
          0.0
        ], 
        [
          0.7091460511205503, 
          0.1155879192483651, 
          0.6955221207836044, 
          0.0
        ], 
        [
          0.17820543448805862, 
          0.9250562483051201, 
          -0.3354296975377222, 
          0.0
        ], 
        [
          -26.00473122296489, 
          13.26092149160772, 
          72.34086437612615, 
          1.0
        ]
      ], 
      "projected_cuboid": [
        [
          333.4405200054889, 
          431.6343960478985
        ], 
        [
          264.0846089046539, 
          438.5770313531629
        ], 
        [
          258.37776421242404, 
          301.648191021268
        ], 
        [
          322.89167791549494, 
          306.68794460337205
        ], 
        [
          316.8169635177322, 
          437.2637399433087
        ], 
        [
          248.8183372711201, 
          444.44863723350977
        ], 
        [
          244.56196556372024, 
          312.38967486919665
        ], 
        [
          307.87569436636414, 
          316.38267894031696
        ]
      ], 
      "projected_cuboid_centroid": [
        288.28435621658576, 
        371.050218072373
      ], 
      "quaternion_xyzw": [
        0.9041023058543108, 
        -0.017314831196156642, 
        0.3809555812281781, 
        0.19280030656880812
      ], 
      "visibility": 0.5877824435112977
    }, 
    {
      "bounding_box": {
        "bottom_right": [
          342, 
          344
        ], 
        "top_left": [
          263, 
          188
        ]
      }, 
      "class": "024_bowl", 
      "cuboid": [
        [
          -29.000577154181116, 
          2.9712564516186433, 
          50.08632739809524
        ], 
        [
          -33.1284215096964, 
          9.277465073096963, 
          64.33171174478092
        ], 
        [
          -34.10118659778904, 
          4.2279504150528116, 
          66.28517746500826
        ], 
        [
          -29.97334224227376, 
          -2.078258206425508, 
          52.03979311832258
        ], 
        [
          -13.656261152313402, 
          1.9160547262839862, 
          54.99972732552796
        ], 
        [
          -17.78410550782868, 
          8.222263347762306, 
          69.24511167221364
        ], 
        [
          -18.75687059592132, 
          3.1727486897181545, 
          71.19857739244098
        ], 
        [
          -14.62902624040604, 
          -3.1334599317601644, 
          56.9531930457553
        ]
      ], 
      "cuboid_centroid": [
        -23.878723875051218, 
        3.0720025706683987, 
        60.64245239526811
      ], 
      "location": [
        -23.878723875051218, 
        3.0720025706683987, 
        60.64245239526811
      ],