{
  "camera_data": {
    "location_worldframe": [
      -19.926834167810075, 
      14.12189474751297, 
      71.49412056448284
    ], 
    "quaternion_xyzw_worldframe": [
      0.900954866250294, 
      0.010080517231161344, 
      -0.05235660941266385, 
      -0.43062437378672297
    ]
  }, 
  "objects": [
    {
      "bounding_box": {
        "bottom_right": [
          539, 
          354
        ], 
        "top_left": [
          399, 
          178
        ]
      }, 
      "class": "003_cracker_box", 
      "cuboid": [
        [
          -19.829264502055004, 
          38.754487768363106, 
          62.10579921050614
        ], 
        [
          -34.220272301742035, 
          32.778609704562875, 
          56.980773204416565
        ], 
        [
          -31.279074447018633, 
          15.387764951921975, 
          68.9999837074117
        ], 
        [
          -16.888066647331605, 
          21.363643015722207, 
          74.12500971350127
        ], 
        [
          -23.13004729562425, 
          41.992537069528716, 
          67.59872804746013
        ], 
        [
          -37.52105509531128, 
          36.01665900572848, 
          62.47370204137057
        ], 
        [
          -34.579857240587884, 
          18.625814253087587, 
          74.4929125443657
        ], 
        [
          -20.188849440900853, 
          24.601692316887817, 
          79.61793855045526
        ]
      ], 
      "cuboid_centroid": [
        -27.204560871321444, 
        28.690151010725344, 
        68.29935587743591
      ], 
      "location": [
        -27.204560871321444, 
        28.690151010725344, 
        68.29935587743591
      ], 
      "pose_transform_permuted": [
        [
          0.4597190630202307, 
          -0.4509818076019176, 
          -0.7650318897326491, 
          0.0
        ], 
        [
          0.877307858758618, 
          0.3643028244671783, 
          0.31243298968835637, 
          0.0
        ], 
        [
          -0.13780168379294083, 
          0.8147998903395501, 
          -0.5631268370860041, 
          0.0
        ], 
        [
          -27.204560871321444, 
          28.690151010725344, 
          68.29935587743591, 
          1.0
        ]
      ], 
      "projected_cuboid": [
        [
          309.89869174082133, 
          606.0819858361382
        ], 
        [
          158.63846237202807, 
          580.0825584891412
        ], 
        [
          237.81787025359066, 
          392.22274563177217
        ], 
        [
          359.0770909122349, 
          426.9951072241163
        ], 
        [
          297.59202158822865, 
          604.5862978008269
        ], 
        [
          158.62159810760386, 
          580.7501417139696
        ], 
        [
          231.96522721702385, 
          406.63494864753386
        ], 
        [
          345.23537740089586, 
          438.08060990321263
        ]
      ], 
      "projected_cuboid_centroid": [
        267.39835859369254, 
        497.31528878861894
      ], 
      "quaternion_xyzw": [
        0.9296692474787495, 
        0.13502235058915305, 
        0.20764160339891125, 
        0.2727068383293765
      ], 
      "visibility": 0.5333122102204171
    }, 
    {
      "bounding_box": {
        "bottom_right": [
          539, 
          252
        ], 
        "top_left": [
          404, 
          126
        ]
      }, 
      "class": "004_sugar_box", 
      "cuboid": [
        [
          -33.78507579847651, 
          34.453054565189866, 
          65.43829403475111
        ], 
        [
          -42.46587376503782, 
          31.892300686628573, 
          63.44417062150319
        ], 
        [
          -40.65879303873176, 
          17.724282152605685, 
          73.77144906715608
        ], 
        [
          -31.977995072170444, 
          20.285036031166978, 
          75.765572480404
        ], 
        [
          -35.296444855956274, 
          36.83057312946069, 
          68.9644750197597
        ], 
        [
          -43.97724282251759, 
          34.26981925089939, 
          66.97035160651178
        ], 
        [
          -42.17016209621152, 
          20.101800716876504, 
          77.29763005216466
        ], 
        [
          -33.48936412965021, 
          22.662554595437797, 
          79.29175346541258
        ]
      ], 
      "cuboid_centroid": [
        -37.97761894734401, 
        27.277427641033185, 
        71.3679620434579
      ], 
      "location": [
        -37.97761894734401, 
        27.277427641033185, 
        71.3679620434579
      ], 
      "pose_transform_permuted": [
        [
          0.33486263823743, 
          -0.5267688490445697, 
          -0.781269314532358, 
          0.0
        ], 
        [
          0.9366722901709704, 
          0.27630952928931507, 
          0.21516917587132578, 
          0.0
        ], 
        [
          -0.10252766093702241, 
          0.803845550040867, 
          -0.5859349211490539, 
          0.0
        ], 
        [
          -37.97761894734401, 
          27.277427641033185, 
          71.3679620434579, 
          1.0
        ]
      ], 
      "projected_cuboid": [
        [
          203.95538586026578, 
          554.0776094895338
        ], 
        [
          121.64880792627372, 
          541.3771811712253
        ], 
        [
          185.21091725891105, 
          401.4215670362446
        ], 
        [
          254.62570797778736, 
          416.07443763799375
        ], 
        [
          206.36611873783707, 
          558.1065979286818
        ], 
        [
          128.4650005610181, 
          546.1948515830474
        ], 
        [
          188.21684791828523, 
          411.98010429231823
        ], 
        [
          254.46909901786685, 
          425.7158088980425
        ]
      ], 
      "projected_cuboid_centroid": [
        195.4322919637329, 
        477.12571067125464
      ], 
      "quaternion_xyzw": [
        0.9383212609154974, 
        0.1009348306401784, 
        0.1465467737489245, 
        0.29646130183280334
      ], 
      "visibility": 0.45196174004737927
    }, 
    {
      "bounding_box": {
        "bottom_right": [
          440, 
          197
        ], 
        "top_left": [
          357, 
          43
        ]
      }, 
      "class": "024_bowl", 
      "cuboid": [
        [
          -50.0171573439729, 
          11.671508739438389, 
          56.481001858283086
        ], 
        [
          -47.56650543089079, 
          21.512033200444016, 
          69.00684414209863
        ], 
        [
          -46.94891101729221, 
          17.155671691668704, 
          72.30844830729934
        ], 
        [
          -49.399562930374316, 
          7.315147230663081, 
          59.782606023483794
        ], 
        [
          -34.16191058181872, 
          11.60681908504256, 
          53.42978104473441
        ], 
        [
          -31.71125866873661, 
          21.44734354604818, 
          65.95562332854996
        ], 
        [
          -31.093664255138027, 
          17.090982037272877, 
          69.25722749375068
        ], 
        [
          -33.544316168220135, 
          7.250457576267251, 
          56.731385209935134
        ]
      ], 
      "cuboid_centroid": [
        -40.55541079955546, 
        14.381245388355632, 
        62.86911467601688
      ], 
      "location": [
        -40.55541079955546, 
        14.381245388355632, 
        62.86911467601688
      ],