{
  "camera_data": {
    "location_worldframe": [
      -23.188863593804182, 
      15.373985202028, 
      74.92012582628286
    ], 
    "quaternion_xyzw_worldframe": [
      0.9204686924232934, 
      0.02955914780501887, 
      -0.11345833696973161, 
      -0.37281559622180593
    ]
  }, 
  "objects": [
    {
      "bounding_box": {
        "bottom_right": [
          539, 
          331
        ], 
        "top_left": [
          391, 
          129
        ]
      }, 
      "class": "003_cracker_box", 
      "cuboid": [
        [
          -26.3067801961142, 
          38.566650379214806, 
          62.78367384952097
        ], 
        [
          -40.41967774942708, 
          30.764290609209826, 
          59.77910726575896
        ], 
        [
          -34.78001054921505, 
          15.321683565762234, 
          73.39063138023309
        ], 
        [
          -20.66711299590217, 
          23.124043335767215, 
          76.3951979639951
        ], 
        [
          -29.436252095767323, 
          42.15862969729901, 
          68.15549735208316
        ], 
        [
          -43.5491496490802, 
          34.35626992729402, 
          65.15093076832115
        ], 
        [
          -37.90948244886817, 
          18.91366288384644, 
          78.76245488279527
        ], 
        [
          -23.796584895555288, 
          26.716022653851418, 
          81.76702146655728
        ]
      ], 
      "cuboid_centroid": [
        -32.10813132249118, 
        28.740156631530624, 
        70.77306436615812
      ], 
      "location": [
        -32.10813132249118, 
        28.740156631530624, 
        70.77306436615812
      ], 
      "pose_transform_permuted": [
        [
          0.4358596064726157, 
          -0.5002756830030939, 
          -0.7481648511132585, 
          0.0
        ], 
        [
          0.8603536392806295, 
          0.4756492136177092, 
          0.1831650647952034, 
          0.0
        ], 
        [
          -0.2642309951957057, 
          0.7235206054983108, 
          -0.6377302835817381, 
          0.0
        ], 
        [
          -32.10813132249118, 
          28.740156631530624, 
          70.77306436615812, 
          1.0
        ]
      ], 
      "projected_cuboid": [
        [
          256.27034087648485, 
          600.8932013609638
        ], 
        [
          117.98761923723606, 
          547.7502995648687
        ], 
        [
          226.74930636281096, 
          384.6270965663197
        ], 
        [
          336.11633186131616, 
          434.71690902223224
        ], 
        [
          249.3376357186147, 
          603.1795574847688
        ], 
        [
          122.13688315230256, 
          554.5238333026109
        ], 
        [
          222.76364871061324, 
          401.35551222129146
        ], 
        [
          325.09207632626095, 
          447.5398960002352
        ]
      ], 
      "projected_cuboid_centroid": [
        237.62575233406676, 
        489.86170668828356
      ], 
      "quaternion_xyzw": [
        0.9126936912091863, 
        0.20266388820798714, 
        0.16955980884662997, 
        0.31171629034630977
      ], 
      "visibility": 0.6304251999884799
    }, 
    {
      "bounding_box": {
        "bottom_right": [
          539, 
          241
        ], 
        "top_left": [
          394, 
          101
        ]
      }, 
      "class": "004_sugar_box", 
      "cuboid": [
        [
          -39.44127074073203, 
          33.50536171694375, 
          67.9063429994847
        ], 
        [
          -47.964723781978684, 
          29.966729629342403, 
          67.05836118815475
        ], 
        [
          -43.909228463004006, 
          17.400644512358493, 
          78.73301032962104
        ], 
        [
          -35.38577542175735, 
          20.939276599959847, 
          79.580992140951
        ], 
        [
          -40.877199433848446, 
          36.15984864626261, 
          71.26232142920622
        ], 
        [
          -49.4006524750951, 
          32.62121655866126, 
          70.41433961787628
        ], 
        [
          -45.34515715612042, 
          20.05513144167735, 
          82.08898875934256
        ], 
        [
          -36.82170411487377, 
          23.593763529278704, 
          82.93697057067251
        ]
      ], 
      "cuboid_centroid": [
        -42.39321394842623, 
        26.78024657931055, 
        74.99766587941363
      ], 
      "location": [
        -42.39321394842623, 
        26.78024657931055, 
        74.99766587941363
      ], 
      "pose_transform_permuted": [
        [
          0.31814788593038557, 
          -0.588134639861373, 
          -0.7435588185974883, 
          0.0
        ], 
        [
          0.9196945155344712, 
          0.3818241864784486, 
          0.09149862354835861, 
          0.0
        ], 
        [
          -0.23009511580895098, 
          0.7129572549940854, 
          -0.6623801866238404, 
          0.0
        ], 
        [
          -42.39321394842623, 
          26.78024657931055, 
          74.99766587941363, 
          1.0
        ]
      ], 
      "projected_cuboid": [
        [
          169.25369607843717, 
          536.4293425499935
        ], 
        [
          96.9514839941783, 
          511.6139213494968
        ], 
        [
          181.68724703969798, 
          391.15456359595856
        ], 
        [
          242.47970887549224, 
          413.6130904377898
        ], 
        [
          173.1270871449404, 
          543.9029734383469
        ], 
        [
          104.31747657740516, 
          520.3602691562729
        ], 
        [
          184.5414679761774, 
          403.58165432492416
        ], 
        [
          242.84482855073932, 
          425.00435506942745
        ]
      ], 
      "projected_cuboid_centroid": [
        177.62034136501708, 
        463.7248639669753
      ], 
      "quaternion_xyzw": [
        0.9187233790872589, 
        0.16651347843551517, 
        0.11147166786092981, 
        0.3402860030969239
      ], 
      "visibility": 0.41573117437138984
    }, 
    {
      "bounding_box": {
        "bottom_right": [
          423, 
          182
        ], 
        "top_left": [
          334, 
          52
        ]
      }, 
      "class": "024_bowl", 
      "cuboid": [
        [
          -54.04803200938652, 
          8.455835766849562, 
          63.22913148187684
        ], 
        [
          -51.53256052145896, 
          19.949060449935907, 
          74.24350985576987
        ], 
        [
          -50.21353149582474, 
          16.106321397056302, 
          77.95206988892646
        ], 
        [
          -52.729002983752295, 
          4.613096713969959, 
          66.93769151503342
        ], 
        [
          -38.576691308945534, 
          9.402799758151511, 
          58.70764287487199
        ], 
        [
          -36.06121982101798, 
          20.896024441237852, 
          69.72202124876502
        ], 
        [
          -34.742190795383756, 
          17.05328538835825, 
          73.4305812819216
        ], 
        [
          -37.25766228331132, 
          5.560060705271909, 
          62.41620290802857
        ]
      ], 
      "cuboid_centroid": [
        -44.39511140238513, 
        12.754560577603907, 
        68.32985638189922
      ], 
      "location": [
        -44.39511140238513, 
        12.754560577603907, 
        68.32985638189922
      ],