{
  "camera_data": {
    "location_worldframe": [
      -9.815640125544025, 
      0.01292102523728772, 
      81.87580771991747
    ], 
    "quaternion_xyzw_worldframe": [
      -0.8236336618325049, 
      -0.10961634386908388, 
      -0.20637113114950706, 
      0.5167442166187959
    ]
  }, 
  "objects": [
    {
      "bounding_box": {
        "bottom_right": [
          460, 
          439
        ], 
        "top_left": [
          301, 
          320
        ]
      }, 
      "class": "003_cracker_box", 
      "cuboid": [
        [
          -5.203143097210962, 
          25.90705404155262, 
          80.10572459817973
        ], 
        [
          -14.683162716603032, 
          22.824403767185665, 
          67.07865236421084
        ], 
        [
          -18.198889877691755, 
          3.055094529596783, 
          74.31520001787564
        ], 
        [
          -8.718870258299683, 
          6.137744803963736, 
          87.3422722518445
        ], 
        [
          -10.942080322908682, 
          28.253173261135302, 
          83.72687381658379
        ], 
        [
          -20.422099942300754, 
          25.170522986768347, 
          70.69980158261492
        ], 
        [
          -23.937827103389473, 
          5.401213749179461, 
          77.9363492362797
        ], 
        [
          -14.457807483997403, 
          8.483864023546415, 
          90.96342147024859
        ]
      ], 
      "cuboid_centroid": [
        -14.570485100300218, 
        15.65413389536604, 
        79.02103691722971
      ], 
      "location": [
        -14.570485100300218, 
        15.65413389536604, 
        79.02103691722971
      ], 
      "pose_transform_permuted": [
        [
          0.7992948973406381, 
          -0.3267575592861185, 
          -0.5043383433119056, 
          0.0
        ], 
        [
          0.5779230912139052, 
          0.18792522032858291, 
          0.794159311603294, 
          0.0
        ], 
        [
          0.16471966405679409, 
          0.9262362598245829, 
          -0.33904840843039596, 
          0.0
        ], 
        [
          -14.570485100300218, 
          15.65413389536604, 
          79.02103691722971, 
          1.0
        ]
      ], 
      "projected_cuboid": [
        [
          446.6674414030778, 
          445.7678348168319
        ], 
        [
          363.88336588337387, 
          454.75562053175787
        ], 
        [
          349.90519263379264, 
          295.2112820537258
        ], 
        [
          427.91521975641143, 
          310.76414665896397
        ], 
        [
          411.3178766611575, 
          453.2522992721226
        ], 
        [
          326.260416501469, 
          463.1588223020176
        ], 
        [
          316.4250767355571, 
          310.2471230429399
        ], 
        [
          396.1243756223814, 
          323.02753003721796
        ]
      ], 
      "projected_cuboid_centroid": [
        382.44014944334936, 
        378.93759610063813
      ], 
      "quaternion_xyzw": [
        0.8672510729815205, 
        0.006689399700599535, 
        0.45934051239216106, 
        0.19192999249558199
      ], 
      "visibility": 0.8059766132524903
    }, 
    {
      "bounding_box": {
        "bottom_right": [
          446, 
          342
        ], 
        "top_left": [
          314, 
          261
        ]
      }, 
      "class": "004_sugar_box", 
      "cuboid": [
        [
          -18.767842464484954, 
          22.599748395510645, 
          74.68047764141501
        ], 
        [
          -25.07734770701424, 
          21.519824936239775, 
          67.97867558027525
        ], 
        [
          -28.723692691566487, 
          5.366676125472872, 
          74.01447890516086
        ], 
        [
          -22.4141874490372, 
          6.44659958474374, 
          80.71628096630063
        ], 
        [
          -21.93913946209614, 
          24.327236885004876, 
          77.38777189250834
        ], 
        [
          -28.248644704625427, 
          23.247313425734006, 
          70.68596983136858
        ], 
        [
          -31.894989689177677, 
          7.094164614967102, 
          76.72177315625419
        ], 
        [
          -25.585484446648387, 
          8.17408807423797, 
          83.42357521739395
        ]
      ], 
      "cuboid_centroid": [
        -25.331416076831314, 
        14.846956505238873, 
        75.7011253988346
      ], 
      "location": [
        -25.331416076831314, 
        14.846956505238873, 
        75.7011253988346
      ], 
      "pose_transform_permuted": [
        [
          0.7026403471732705, 
          -0.38274659008928064, 
          -0.5998347596965247, 
          0.0
        ], 
        [
          0.6808059291474019, 
          0.11652550649157602, 
          0.7231353971214409, 
          0.0
        ], 
        [
          0.20688130684664605, 
          0.9164751414957405, 
          -0.3424511078934571, 
          0.0
        ], 
        [
          -25.331416076831314, 
          14.846956505238873, 
          75.7011253988346, 
          1.0
        ]
      ], 
      "projected_cuboid": [
        [
          346.4523741529, 
          434.67929783950035
        ], 
        [
          283.2158099156834, 
          442.1180717961595
        ], 
        [
          272.90049219922633, 
          311.95672139134854
        ], 
        [
          332.26482343212047, 
          315.8813870285839
        ], 
        [
          329.1430121341456, 
          440.93824209352243
        ], 
        [
          266.68731104269455, 
          448.68552501718233
        ], 
        [
          258.036310553954, 
          322.60053008242886
        ], 
        [
          316.6682359972359, 
          325.54276451208483
        ]
      ], 
      "projected_cuboid_centroid": [
        301.64830328163845, 
        377.8843575385011
      ], 
      "quaternion_xyzw": [
        0.8940240251720961, 
        -0.025266602968996524, 
        0.3986961491387928, 
        0.20279032709527578
      ], 
      "visibility": 0.5993344425956739
    }, 
    {
      "bounding_box": {
        "bottom_right": [
          350, 
          360
        ], 
        "top_left": [
          274, 
          216
        ]
      }, 
      "class": "024_bowl", 
      "cuboid": [
        [
          -27.54503369572531, 
          4.230776146073298, 
          53.508490086958446
        ], 
        [
          -32.17185533738259, 
          10.837604542242298, 
          67.46129200720482
        ], 
        [
          -33.306332368079666, 
          5.836988179313368, 
          69.45294869854149
        ], 
        [
          -28.67951072642238, 
          -0.7698402168556315, 
          55.500146778295125
        ], 
        [
          -12.441141077095581, 
          3.026179823282879, 
          59.087411000292946
        ], 
        [
          -17.067962718752863, 
          9.63300821945188, 
          73.04021292053932
        ], 
        [
          -18.20243974944994, 
          4.63239185652295, 
          75.03186961187599
        ], 
        [
          -13.575618107792659, 
          -1.9744365396460504, 
          61.07906769162962
        ]
      ], 
      "cuboid_centroid": [
        -22.873736722587623, 
        4.431584001298123, 
        64.27017984941722
      ], 
      "location": [
        -22.873736722587623, 
        4.431584001298123, 
        64.27017984941722
      ],