{
  "camera_data": {
    "location_worldframe": [
      -22.956330648204617, 
      15.296221990818168, 
      74.31856630225799
    ], 
    "quaternion_xyzw_worldframe": [
      0.9192493897444382, 
      0.026875212894698238, 
      -0.10727582528701442, 
      -0.3778236287088859
    ]
  }, 
  "objects": [
    {
      "bounding_box": {
        "bottom_right": [
          539, 
          333
        ], 
        "top_left": [
          393, 
          133
        ]
      }, 
      "class": "003_cracker_box", 
      "cuboid": [
        [
          -25.721242406300686, 
          38.63907514287908, 
          62.38621812963297
        ], 
        [
          -39.88866156781202, 
          31.01752055684613, 
          59.180870148318355
        ], 
        [
          -34.5333819058782, 
          15.38251922497668, 
          72.68721163079665
        ], 
        [
          -20.36596274436687, 
          23.00407381100963, 
          75.89255961211127
        ], 
        [
          -28.860036861952278, 
          42.21118618472445, 
          67.7658454034169
        ], 
        [
          -43.027456023463614, 
          34.5896315986915, 
          64.56049742210229
        ], 
        [
          -37.67217636152979, 
          18.954630266822047, 
          78.06683890458058
        ], 
        [
          -23.504757200018457, 
          26.576184852854993, 
          81.27218688589521
        ]
      ], 
      "cuboid_centroid": [
        -31.696709383915238, 
        28.79685270485056, 
        70.22652851710677
      ], 
      "location": [
        -31.696709383915238, 
        28.79685270485056, 
        70.22652851710677
      ], 
      "pose_transform_permuted": [
        [
          0.43715801263157905, 
          -0.4975085135443404, 
          -0.7492517273539708, 
          0.0
        ], 
        [
          0.8636773978394781, 
          0.4646269272698127, 
          0.19540514557462363, 
          0.0
        ], 
        [
          -0.25090680431832857, 
          0.7325347073051985, 
          -0.6328022425213511, 
          0.0
        ], 
        [
          -31.696709383915238, 
          28.79685270485056, 
          70.22652851710677, 
          1.0
        ]
      ], 
      "projected_cuboid": [
        [
          259.88209623254215, 
          603.599483165889
        ], 
        [
          119.13725975507285, 
          552.8067797913583
        ], 
        [
          226.10769502277324, 
          386.15094090910026
        ], 
        [
          337.28671762370203, 
          434.943004950406
        ], 
        [
          252.57477497601718, 
          605.4900556558673
        ], 
        [
          123.19497258003616, 
          559.0236162701502
        ], 
        [
          222.0919936433161, 
          402.77654494099164
        ], 
        [
          326.07015203262915, 
          447.68322116535677
        ]
      ], 
      "projected_cuboid_centroid": [
        238.8775420183748, 
        491.97776201724474
      ], 
      "quaternion_xyzw": [
        0.9145304577348213, 
        0.1956013945561829, 
        0.17292019988404303, 
        0.30898663530171844
      ], 
      "visibility": 0.6116738334957827
    }, 
    {
      "bounding_box": {
        "bottom_right": [
          539, 
          240
        ], 
        "top_left": [
          396, 
          101
        ]
      }, 
      "class": "004_sugar_box", 
      "cuboid": [
        [
          -38.95338145181136, 
          33.66791605227725, 
          67.34318377106896
        ], 
        [
          -47.505920417156425, 
          30.228848976486137, 
          66.38551115239947
        ], 
        [
          -43.68709319097366, 
          17.50600694485176, 
          77.96984623390038
        ], 
        [
          -35.1345542256286, 
          20.945074020642863, 
          78.92751885256988
        ], 
        [
          -40.390844273825316, 
          36.3044139870673, 
          70.71265888828994
        ], 
        [
          -48.94338323917038, 
          32.86534691127619, 
          69.75498626962045
        ], 
        [
          -45.12455601298762, 
          20.14250487964181, 
          81.33932135112136
        ], 
        [
          -36.57201704764256, 
          23.581571955432917, 
          82.29699396979085
        ]
      ], 
      "cuboid_centroid": [
        -42.03896873239949, 
        26.905210465959527, 
        74.34125256109516
      ], 
      "location": [
        -42.03896873239949, 
        26.905210465959527, 
        74.34125256109516
      ], 
      "pose_transform_permuted": [
        [
          0.3184877912946547, 
          -0.5841489540771219, 
          -0.7465491778093325, 
          0.0
        ], 
        [
          0.922832934288362, 
          0.37108095895576654, 
          0.10333444096021453, 
          0.0
        ], 
        [
          -0.21666736705420503, 
          0.7218511132267891, 
          -0.6572560717001505, 
          0.0
        ], 
        [
          -42.03896873239949, 
          26.905210465959527, 
          74.34125256109516, 
          1.0
        ]
      ], 
      "projected_cuboid": [
        [
          170.5377198871918, 
          539.9172190653834
        ], 
        [
          96.76950370031525, 
          516.1352689172123
        ], 
        [
          180.28383203954198, 
          393.02893555923373
        ], 
        [
          242.21162635865315, 
          414.81408513572325
        ], 
        [
          174.4279844993841, 
          547.096846337154
        ], 
        [
          104.27651002910383, 
          524.5622395885982
        ], 
        [
          183.26211693417997, 
          405.3554085841432
        ], 
        [
          242.6197519593265, 
          426.10517107037134
        ]
      ], 
      "projected_cuboid_centroid": [
        177.49882011585456, 
        466.3028665541225
      ], 
      "quaternion_xyzw": [
        0.9207650657638575, 
        0.15958151212067906, 
        0.11453036391669837, 
        0.3370580270515083
      ], 
      "visibility": 0.4224618447746026
    }, 
    {
      "bounding_box": {
        "bottom_right": [
          426, 
          181
        ], 
        "top_left": [
          337, 
          49
        ]
      }, 
      "class": "024_bowl", 
      "cuboid": [
        [
          -53.78212653484772, 
          8.822728694870815, 
          62.28973297791802
        ], 
        [
          -51.24298142335984, 
          20.17957460863165, 
          73.4393129870334
        ], 
        [
          -49.99755762345347, 
          16.28669650077662, 
          77.12093193995719
        ], 
        [
          -52.53670273494133, 
          4.9298505870157845, 
          65.97135193084182
        ], 
        [
          -38.26218751110672, 
          9.649176428616869, 
          57.91349487471042
        ], 
        [
          -35.723042399618855, 
          21.006022342377705, 
          69.0630748838258
        ], 
        [
          -34.47761859971247, 
          17.11314423452267, 
          72.74469383674959
        ], 
        [
          -37.01676371120034, 
          5.756298320761837, 
          61.595113827634215
        ]
      ], 
      "cuboid_centroid": [
        -44.129872567280096, 
        12.967936464696745, 
        67.51721340733381
      ], 
      "location": [
        -44.129872567280096, 
        12.967936464696745, 
        67.51721340733381
      ],