{
  "camera_data": {
    "location_worldframe": [
      -10.862364628219485, 
      -2.291373998405814, 
      73.84912529028355
    ], 
    "quaternion_xyzw_worldframe": [
      -0.8241941100297756, 
      -0.08703625661458428, 
      -0.15932111920637468, 
      0.5364226922472143
    ]
  }, 
  "objects": [
    {
      "bounding_box": {
        "bottom_right": [
          460, 
          423
        ], 
        "top_left": [
          286, 
          293
        ]
      }, 
      "class": "003_cracker_box", 
      "cuboid": [
        [
          -6.923378984332168, 
          23.735227124556268, 
          72.42963161673973
        ], 
        [
          -17.668818429634875, 
          20.843125249699554, 
          60.377685982945195
        ], 
        [
          -20.049367732823196, 
          0.7976066838950108, 
          67.31048610911863
        ], 
        [
          -9.303928287520488, 
          3.6897085587517253, 
          79.36243174291316
        ], 
        [
          -12.288952182105708, 
          25.851332517413905, 
          76.7057419708578
        ], 
        [
          -23.034391627408414, 
          22.959230642557195, 
          64.65379633706327
        ], 
        [
          -25.414940930596735, 
          2.913712076752649, 
          71.5865964632367
        ], 
        [
          -14.66950148529403, 
          5.805813951609365, 
          83.63854209703123
        ]
      ], 
      "cuboid_centroid": [
        -16.16915995746445, 
        13.32446960065446, 
        72.00811403998821
      ], 
      "location": [
        -16.16915995746445, 
        13.32446960065446, 
        72.00811403998821
      ], 
      "pose_transform_permuted": [
        [
          0.7472943351051692, 
          -0.29472220660864334, 
          -0.595558559380566, 
          0.0
        ], 
        [
          0.6550658996504696, 
          0.17630896588059036, 
          0.7347134241765545, 
          0.0
        ], 
        [
          0.11153404787258459, 
          0.9391772833080285, 
          -0.3248171588498783, 
          0.0
        ], 
        [
          -16.16915995746445, 
          13.32446960065446, 
          72.00811403998821, 
          1.0
        ]
      ], 
      "projected_cuboid": [
        [
          430.19346513449597, 
          448.0556366774338
        ], 
        [
          324.2267652515843, 
          457.395065646667
        ], 
        [
          321.41655087839865, 
          279.6061961621802
        ], 
        [
          418.55316095580145, 
          298.0815674098549
        ], 
        [
          395.44241978610023, 
          453.02564914007377
        ], 
        [
          290.0063553066503, 
          462.6738285959459
        ], 
        [
          290.67807835579237, 
          294.9936701406305
        ], 
        [
          387.2777533876814, 
          310.307200931889
        ]
      ], 
      "projected_cuboid_centroid": [
        360.8441159195371, 
        371.97264673650346
      ], 
      "quaternion_xyzw": [
        0.8930008037984994, 
        0.018134059267493636, 
        0.41489541582096107, 
        0.17344311528702644
      ], 
      "visibility": 0.8170945157526255
    }, 
    {
      "bounding_box": {
        "bottom_right": [
          441, 
          313
        ], 
        "top_left": [
          298, 
          231
        ]
      }, 
      "class": "004_sugar_box", 
      "cuboid": [
        [
          -20.92390475228624, 
          20.306441405578006, 
          68.35509087050958
        ], 
        [
          -27.885176650632786, 
          19.294093240016945, 
          62.32134520972298
        ], 
        [
          -30.58657080866316, 
          2.895332322302209, 
          68.18940110519985
        ], 
        [
          -23.62529891031662, 
          3.9076804878632716, 
          74.22314676598644
        ], 
        [
          -23.82201644392074, 
          21.885514308906195, 
          71.43376926865088
        ], 
        [
          -30.78328834226729, 
          20.87316614334513, 
          65.40002360786428
        ], 
        [
          -33.484682500297666, 
          4.474405225630394, 
          71.26807950334114
        ], 
        [
          -26.52341060195112, 
          5.486753391191456, 
          77.30182516412775
        ]
      ], 
      "cuboid_centroid": [
        -27.204293626291953, 
        12.3904233156042, 
        69.81158518692536
      ], 
      "location": [
        -27.204293626291953, 
        12.3904233156042, 
        69.81158518692536
      ], 
      "pose_transform_permuted": [
        [
          0.6421127402103518, 
          -0.34986326851196137, 
          -0.6821195429296932, 
          0.0
        ], 
        [
          0.751132616683854, 
          0.10923402184212821, 
          0.6510510195224485, 
          0.0
        ], 
        [
          0.15326798646010345, 
          0.9304103434247937, 
          -0.33293368494985986, 
          0.0
        ], 
        [
          -27.204293626291953, 
          12.3904233156042, 
          69.81158518692536, 
          1.0
        ]
      ], 
      "projected_cuboid": [
        [
          316.984266384866, 
          431.7213045539489
        ], 
        [
          240.978953700683, 
          438.397187146718
        ], 
        [
          240.38132379228477, 
          295.9313684425494
        ], 
        [
          310.4262656811924, 
          301.364605535266
        ], 
        [
          302.2613934574604, 
          436.68227487466254
        ], 
        [
          228.47568002808967, 
          443.5015876544795
        ], 
        [
          228.9333587459435, 
          306.7698021089627
        ], 
        [
          297.08220387700555, 
          311.1406640042062
        ]
      ], 
      "projected_cuboid_centroid": [
        272.04029992750975, 
        367.9421081178037
      ], 
      "quaternion_xyzw": [
        0.9170145177474484, 
        -0.012004707604340914, 
        0.35254724290225087, 
        0.18614671312375775
      ], 
      "visibility": 0.566697247706422
    }, 
    {
      "bounding_box": {
        "bottom_right": [
          338, 
          320
        ], 
        "top_left": [
          256, 
          153
        ]
      }, 
      "class": "024_bowl", 
      "cuboid": [
        [
          -31.558294673874382, 
          2.3954587455438965, 
          47.64720221956797
        ], 
        [
          -34.80366887757373, 
          8.485226890685208, 
          62.2115632286253
        ], 
        [
          -35.63259088477667, 
          3.4047868972859407, 
          64.15112923625739
        ], 
        [
          -32.38721668107733, 
          -2.6849812478553705, 
          49.586768227200054
        ], 
        [
          -15.931022719418097, 
          1.343117894108011, 
          51.5694379451564
        ], 
        [
          -19.176396923117444, 
          7.432886039249323, 
          66.13379895421373
        ], 
        [
          -20.00531893032039, 
          2.3524460458500553, 
          68.07336496184581
        ], 
        [
          -16.75994472662104, 
          -3.7373220992912564, 
          53.50900395278849
        ]
      ], 
      "cuboid_centroid": [
        -25.781806802097385, 
        2.3739523956969757, 
        57.8602835907069
      ], 
      "location": [
        -25.781806802097385, 
        2.3739523956969757, 
        57.8602835907069
      ],