{
  "camera_data": {
    "location_worldframe": [
      -15.568900478544883, 
      1.4023614400706153, 
      70.95185957038007
    ], 
    "quaternion_xyzw_worldframe": [
      -0.8414169203922932, 
      -0.03756117017132543, 
      -0.07600840122455875, 
      0.5336970384325408
    ]
  }, 
  "objects": [
    {
      "bounding_box": {
        "bottom_right": [
          492, 
          384
        ], 
        "top_left": [
          314, 
          236
        ]
      }, 
      "class": "003_cracker_box", 
      "cuboid": [
        [
          -12.138976542626024, 
          27.398592586023597, 
          68.24141515863556
        ], 
        [
          -25.004909844352653, 
          24.222599949079918, 
          58.57399840270963
        ], 
        [
          -25.87046630748615, 
          4.330079045527713, 
          66.26112863819166
        ], 
        [
          -13.004533005759523, 
          7.506071682471388, 
          75.92854539411759
        ], 
        [
          -16.583463668630536, 
          29.59844223425394, 
          73.43367798392703
        ], 
        [
          -29.44939697035716, 
          26.422449597310266, 
          63.766261228001085
        ], 
        [
          -30.31495343349066, 
          6.52992869375806, 
          71.45339146348311
        ], 
        [
          -17.449020131764033, 
          9.705921330701736, 
          81.12080821940906
        ]
      ], 
      "cuboid_centroid": [
        -21.22696498805834, 
        16.964260639890828, 
        69.84740331105934
      ], 
      "location": [
        -21.22696498805834, 
        16.964260639890828, 
        69.84740331105934
      ], 
      "pose_transform_permuted": [
        [
          0.6190093638251408, 
          -0.30638575220403164, 
          -0.723156399641989, 
          0.0
        ], 
        [
          0.784335923722761, 
          0.19361557845940364, 
          0.5893472376585761, 
          0.0
        ], 
        [
          0.04055325208608779, 
          0.9320090013643648, 
          -0.3601592080192343, 
          0.0
        ], 
        [
          -21.22696498805834, 
          16.964260639890828, 
          69.84740331105934, 
          1.0
        ]
      ], 
      "projected_cuboid": [
        [
          385.93807987321617, 
          487.4117278457759
        ], 
        [
          252.02864027475863, 
          493.8346866556617
        ], 
        [
          271.6367772899666, 
          308.13828287501536
        ], 
        [
          389.49244780908776, 
          326.0089363912764
        ], 
        [
          360.15428839726627, 
          488.24824640005215
        ], 
        [
          233.2396190557943, 
          494.2750283558746
        ], 
        [
          253.44427152446272, 
          322.02514615333894
        ], 
        [
          365.92446451459904, 
          337.097020544444
        ]
      ], 
      "projected_cuboid_centroid": [
        318.16797314304796, 
        402.8170857812089
      ], 
      "quaternion_xyzw": [
        0.9272946301916554, 
        0.04126582894739739, 
        0.32577472200878893, 
        0.17970150438741975
      ], 
      "visibility": 0.8137250696976196
    }, 
    {
      "bounding_box": {
        "bottom_right": [
          468, 
          274
        ], 
        "top_left": [
          325, 
          184
        ]
      }, 
      "class": "004_sugar_box", 
      "cuboid": [
        [
          -26.643480925876844, 
          23.85556258554938, 
          67.04181599982917
        ], 
        [
          -34.63879193100654, 
          22.69811748591885, 
          62.50027829518787
        ], 
        [
          -36.048212499705244, 
          6.427448521978494, 
          69.12823689133546
        ], 
        [
          -28.052901494575554, 
          7.584893621609023, 
          73.66977459597676
        ], 
        [
          -28.897208711489032, 
          25.496663289731664, 
          70.59122198358023
        ], 
        [
          -36.89251971661872, 
          24.339218190101136, 
          66.04968427893893
        ], 
        [
          -38.30194028531743, 
          8.06854922616078, 
          72.67764287508652
        ], 
        [
          -30.306629280187742, 
          9.225994325791309, 
          77.2191805797278
        ]
      ], 
      "cuboid_centroid": [
        -32.472710605597136, 
        15.96205590585508, 
        69.85972943745784
      ], 
      "location": [
        -32.472710605597136, 
        15.96205590585508, 
        69.85972943745784
      ], 
      "pose_transform_permuted": [
        [
          0.49934146026355336, 
          -0.363606300324923, 
          -0.7864151022626774, 
          0.0
        ], 
        [
          0.8627071265397247, 
          0.12489021820278039, 
          0.4900393419004158, 
          0.0
        ], 
        [
          0.07996576582419486, 
          0.9231428383188175, 
          -0.3760479992720304, 
          0.0
        ], 
        [
          -32.472710605597136, 
          15.96205590585508, 
          69.85972943745784, 
          1.0
        ]
      ], 
      "projected_cuboid": [
        [
          267.8811197646003, 
          463.05822755605504
        ], 
        [
          183.55846143603063, 
          466.9712844586674
        ], 
        [
          201.1699605657541, 
          322.8738603368998
        ], 
        [
          276.82053622601813, 
          328.1960626387147
        ], 
        [
          261.45809680276767, 
          465.9148769709154
        ], 
        [
          181.2251619910811, 
          469.81407390480337
        ], 
        [
          198.1893458472316, 
          332.4947778178295
        ], 
        [
          270.5379176545499, 
          337.0065025191335
        ]
      ], 
      "projected_cuboid_centroid": [
        231.6296634758075, 
        395.1432510093082
      ], 
      "quaternion_xyzw": [
        0.9450218340230584, 
        0.011884501172670625, 
        0.26173490562436796, 
        0.19567121969239762
      ], 
      "visibility": 0.515625
    }, 
    {
      "bounding_box": {
        "bottom_right": [
          366, 
          250
        ], 
        "top_left": [
          287, 
          76
        ]
      }, 
      "class": "024_bowl", 
      "cuboid": [
        [
          -40.9924421895033, 
          5.474175045360171, 
          49.18277751871255
        ], 
        [
          -41.38093758359151, 
          11.876838675719469, 
          63.96767897766759
        ], 
        [
          -41.786104309964564, 
          6.838779869961123, 
          66.1387851270944
        ], 
        [
          -41.39760891587635, 
          0.43611623960182544, 
          51.35388366813935
        ], 
        [
          -24.89470386657521, 
          4.536794939158913, 
          50.01170605378027
        ], 
        [
          -25.283199260663423, 
          10.939458569518209, 
          64.7966075127353
        ], 
        [
          -25.688365987036477, 
          5.901399763759865, 
          66.96771366216211
        ], 
        [
          -25.299870592948263, 
          -0.5012638665994336, 
          52.18281220320707
        ]
      ], 
      "cuboid_centroid": [
        -33.340404088269885, 
        5.687787404560018, 
        58.07524559043733
      ], 
      "location": [
        -33.340404088269885, 
        5.687787404560018, 
        58.07524559043733
      ],