{
  "camera_data": {
    "location_worldframe": [
      -14.525082783638005, 
      -0.16225218589235313, 
      70.29520256980337
    ], 
    "quaternion_xyzw_worldframe": [
      -0.8368808044913143, 
      -0.04566460485993248, 
      -0.09132724153055667, 
      0.5377803141947141
    ]
  }, 
  "objects": [
    {
      "bounding_box": {
        "bottom_right": [
          483, 
          390
        ], 
        "top_left": [
          303, 
          244
        ]
      }, 
      "class": "003_cracker_box", 
      "cuboid": [
        [
          -10.962594271680262, 
          25.856925527023765, 
          68.00904883073416
        ], 
        [
          -23.489057984150072, 
          22.818434825397176, 
          57.86343910024176
        ], 
        [
          -24.652543229555853, 
          2.839815438143198, 
          65.28331892469701
        ], 
        [
          -12.126079517086044, 
          5.8783061397697915, 
          75.42892865518942
        ], 
        [
          -15.581743924076916, 
          28.005082050269014, 
          73.06881933692765
        ], 
        [
          -28.108207636546723, 
          24.96659134864242, 
          62.92320960643525
        ], 
        [
          -29.271692881952504, 
          4.987971961388441, 
          70.3430894308905
        ], 
        [
          -16.7452291694827, 
          8.026462663015034, 
          80.4886991613829
        ]
      ], 
      "cuboid_centroid": [
        -20.117143576816385, 
        15.422448744206104, 
        69.17606913081234
      ], 
      "location": [
        -20.117143576816385, 
        15.422448744206104, 
        69.17606913081234
      ], 
      "pose_transform_permuted": [
        [
          0.6433356215644196, 
          -0.2991861524518037, 
          -0.704703429967109, 
          0.0
        ], 
        [
          0.7636411021640482, 
          0.18523315450916303, 
          0.618498945477082, 
          0.0
        ], 
        [
          0.05451188046655153, 
          0.9360429074843049, 
          -0.34763792980100694, 
          0.0
        ], 
        [
          -20.117143576816385, 
          15.422448744206104, 
          69.17606913081234, 
          1.0
        ]
      ], 
      "projected_cuboid": [
        [
          394.9131815543528, 
          476.05374295266216
        ], 
        [
          263.29738983903206, 
          483.6010014653024
        ], 
        [
          278.52450913997507, 
          296.48586685594444
        ], 
        [
          395.14523480516414, 
          314.8490503504708
        ], 
        [
          366.9202302917684, 
          477.6919029682892
        ], 
        [
          241.37437913962813, 
          484.8964061770419
        ], 
        [
          257.818680914917, 
          311.10380118154785
        ], 
        [
          369.71823628200457, 
          326.4700254322019
        ]
      ], 
      "projected_cuboid_centroid": [
        325.20951928982805, 
        392.18739544682046
      ], 
      "quaternion_xyzw": [
        0.9225491097518145, 
        0.03542393371280211, 
        0.34194238379921105, 
        0.17528174798922633
      ], 
      "visibility": 0.8187600712407769
    }, 
    {
      "bounding_box": {
        "bottom_right": [
          459, 
          278
        ], 
        "top_left": [
          314, 
          189
        ]
      }, 
      "class": "004_sugar_box", 
      "cuboid": [
        [
          -25.422035902233365, 
          22.356406493642428, 
          66.26419247406695
        ], 
        [
          -33.25617079741024, 
          21.267326818035, 
          61.43402913786019
        ], 
        [
          -34.92068723029767, 
          4.923676698320227, 
          67.8188122849095
        ], 
        [
          -27.086552335120796, 
          6.012756373927656, 
          72.64897562111626
        ], 
        [
          -27.795424443750555, 
          23.960636818344767, 
          69.75192170476937
        ], 
        [
          -35.62955933892743, 
          22.871557142737338, 
          64.9217583685626
        ], 
        [
          -37.29407577181486, 
          6.527907023022568, 
          71.30654151561193
        ], 
        [
          -29.45994087663798, 
          7.616986698629997, 
          76.13670485181868
        ]
      ], 
      "cuboid_centroid": [
        -31.35805583702411, 
        14.442156758332498, 
        68.78536699483944
      ], 
      "location": [
        -31.35805583702411, 
        14.442156758332498, 
        68.78536699483944
      ], 
      "pose_transform_permuted": [
        [
          0.5258537910655687, 
          -0.35543720854395333, 
          -0.7727498494631914, 
          0.0
        ], 
        [
          0.845315960818337, 
          0.11751347720098602, 
          0.5211825193320134, 
          0.0
        ], 
        [
          0.09443904412839144, 
          0.9272835427627891, 
          -0.36225104508486383, 
          0.0
        ], 
        [
          -31.35805583702411, 
          14.442156758332498, 
          68.78536699483944, 
          1.0
        ]
      ], 
      "projected_cuboid": [
        [
          275.2857015626734, 
          453.2194541949735
        ], 
        [
          190.48850473060406, 
          457.9119326190953
        ], 
        [
          204.6961851458036, 
          312.0057829217056
        ], 
        [
          281.0963312958927, 
          317.42646831956756
        ], 
        [
          267.3036308586701, 
          456.4883269523772
        ], 
        [
          186.46804817992125, 
          461.17191922129905
        ], 
        [
          200.34079720525529, 
          322.11039871707555
        ], 
        [
          273.517454917148, 
          326.64172558825055
        ]
      ], 
      "projected_cuboid_centroid": [
        236.43978005769156, 
        385.262171156789
      ], 
      "quaternion_xyzw": [
        0.9414549050597588, 
        0.0061273335952107925, 
        0.27803676649045705, 
        0.19057956195556228
      ], 
      "visibility": 0.5220237042278436
    }, 
    {
      "bounding_box": {
        "bottom_right": [
          355, 
          260
        ], 
        "top_left": [
          274, 
          83
        ]
      }, 
      "class": "024_bowl", 
      "cuboid": [
        [
          -39.168974193158114, 
          4.211505669223557, 
          47.70363245837841
        ], 
        [
          -40.06205459479075, 
          10.44299227701364, 
          62.53971426722931
        ], 
        [
          -40.55037747760139, 
          5.380891224417912, 
          64.63651473793477
        ], 
        [
          -39.657297075968756, 
          -0.8505953833721713, 
          49.80043292908387
        ], 
        [
          -23.111328288841886, 
          3.2330923791138306, 
          49.08120225281775
        ], 
        [
          -24.004408690474524, 
          9.464578986903915, 
          63.91728406166865
        ], 
        [
          -24.492731573285162, 
          4.402477934308186, 
          66.01408453237411
        ], 
        [
          -23.59965117165253, 
          -1.829008673481898, 
          51.17800272352322
        ]
      ], 
      "cuboid_centroid": [
        -31.830852883221638, 
        4.3069918017658715, 
        56.85885849537626
      ], 
      "location": [
        -31.830852883221638, 
        4.3069918017658715, 
        56.85885849537626
      ],