{
  "camera_data": {
    "location_worldframe": [
      -18.482651843060648, 
      6.48105790540663, 
      81.31486190895083
    ], 
    "quaternion_xyzw_worldframe": [
      0.9320236584703211, 
      0.01997834169767633, 
      -0.0802616310670567, 
      -0.35283457249151884
    ]
  }, 
  "objects": [
    {
      "bounding_box": {
        "bottom_right": [
          512, 
          374
        ], 
        "top_left": [
          325, 
          194
        ]
      }, 
      "class": "003_cracker_box", 
      "cuboid": [
        [
          -19.97956473796913, 
          29.181739051861683, 
          67.99746323944828
        ], 
        [
          -34.19835836795488, 
          21.777859604798962, 
          64.52088553595956
        ], 
        [
          -29.96099422884353, 
          6.788505856364477, 
          79.11258065692688
        ], 
        [
          -15.742200598857782, 
          14.192385303427196, 
          82.5891583604156
        ], 
        [
          -23.263796572268113, 
          33.13447810593062, 
          73.01165038832475
        ], 
        [
          -37.48259020225386, 
          25.730598658867898, 
          69.53507268483604
        ], 
        [
          -33.24522606314251, 
          10.74124491043341, 
          84.12676780580335
        ], 
        [
          -19.02643243315676, 
          18.14512435749613, 
          87.60334550929207
        ]
      ], 
      "cuboid_centroid": [
        -26.612395400555823, 
        19.961491981147546, 
        76.06211552262582
      ], 
      "location": [
        -26.612395400555823, 
        19.961491981147546, 
        76.06211552262582
      ], 
      "pose_transform_permuted": [
        [
          0.4574139154344407, 
          -0.5505207727816277, 
          -0.6983547728073846, 
          0.0
        ], 
        [
          0.866809299757642, 
          0.4513569664211284, 
          0.21193991298663423, 
          0.0
        ], 
        [
          -0.19852996705938478, 
          0.7022846770356272, 
          -0.6836534828261782, 
          0.0
        ], 
        [
          -26.612395400555823, 
          19.961491981147546, 
          76.06211552262582, 
          1.0
        ]
      ], 
      "projected_cuboid": [
        [
          323.58689495727407, 
          502.16556031412597
        ], 
        [
          196.5630611743784, 
          453.2989310276828
        ], 
        [
          277.9386306981496, 
          319.04971601972096
        ], 
        [
          379.094643707908, 
          364.93388206983184
        ], 
        [
          310.24862473656384, 
          515.32004849737
        ], 
        [
          191.717623696929, 
          470.6348921521217
        ], 
        [
          269.083420857656, 
          341.38039690152516
        ], 
        [
          364.8009502957635, 
          383.7520698931358
        ]
      ], 
      "projected_cuboid_centroid": [
        293.4457328381094, 
        413.249179168992
      ], 
      "quaternion_xyzw": [
        0.9038042860045329, 
        0.17976428734186536, 
        0.18514899707438376, 
        0.3413831608012579
      ], 
      "visibility": 0.8978169519319463
    }, 
    {
      "bounding_box": {
        "bottom_right": [
          465, 
          285
        ], 
        "top_left": [
          336, 
          167
        ]
      }, 
      "class": "004_sugar_box", 
      "cuboid": [
        [
          -33.575140474418, 
          24.857077787817648, 
          72.56157488628945
        ], 
        [
          -42.1707587185718, 
          21.602141246635647, 
          71.3737293307841
        ], 
        [
          -39.28909372923873, 
          9.452671380945295, 
          83.813076536236
        ], 
        [
          -30.69347548508493, 
          12.707607922127295, 
          85.00092209174134
        ], 
        [
          -35.09265985811731, 
          27.716905911111468, 
          75.7063008386914
        ], 
        [
          -43.688278102271106, 
          24.461969369929466, 
          74.51845528318606
        ], 
        [
          -40.80661311293804, 
          12.312499504239113, 
          86.95780248863795
        ], 
        [
          -32.21099486878424, 
          15.567436045421113, 
          88.14564804414331
        ]
      ], 
      "cuboid_centroid": [
        -37.190876793678015, 
        18.58478864602838, 
        79.75968868746371
      ], 
      "location": [
        -37.190876793678015, 
        18.58478864602838, 
        79.75968868746371
      ], 
      "pose_transform_permuted": [
        [
          0.33622531961144986, 
          -0.6336305388365313, 
          -0.6967532011744464, 
          0.0
        ], 
        [
          0.9274812588889491, 
          0.3512129732928036, 
          0.1281704770840721, 
          0.0
        ], 
        [
          -0.16349594495668832, 
          0.6893199118449871, 
          -0.705766573674617, 
          0.0
        ], 
        [
          -37.190876793678015, 
          18.58478864602838, 
          79.75968868746371, 
          1.0
        ]
      ], 
      "projected_cuboid": [
        [
          232.76698969484232, 
          455.98332185673274
        ], 
        [
          163.86228269810167, 
          434.7023008017604
        ], 
        [
          229.5091876630453, 
          333.4358007108614
        ], 
        [
          287.4127438992281, 
          353.0176278726324
        ], 
        [
          232.3236327734444, 
          468.54067856880835
        ], 
        [
          166.3196807637102, 
          448.35789793298466
        ], 
        [
          229.2410114073708, 
          348.80014245935115
        ], 
        [
          285.08238683154275, 
          367.476310103022
        ]
      ], 
      "projected_cuboid_centroid": [
        230.84489515970301, 
        397.55522429567304
      ], 
      "quaternion_xyzw": [
        0.910158553757034, 
        0.1413789158286846, 
        0.12755903759255666, 
        0.3679021383093817
      ], 
      "visibility": 0.4710488846701471
    }, 
    {
      "bounding_box": {
        "bottom_right": [
          355, 
          242
        ], 
        "top_left": [
          267, 
          123
        ]
      }, 
      "class": "024_bowl", 
      "cuboid": [
        [
          -48.87836407271001, 
          0.1770482416824301, 
          68.15470850812667
        ], 
        [
          -46.53735609470673, 
          12.070441245283222, 
          78.77568896637952
        ], 
        [
          -45.58534730089988, 
          8.358634214155664, 
          82.72234151489508
        ], 
        [
          -47.92635527890315, 
          -3.5347587894451276, 
          72.10136105664223
        ], 
        [
          -33.14960251460116, 
          0.3358840158920032, 
          64.51001179396687
        ], 
        [
          -30.808594536597887, 
          12.229277019492796, 
          75.13099225221971
        ], 
        [
          -29.85658574279103, 
          8.517469988365239, 
          79.07764480073529
        ], 
        [
          -32.19759372079431, 
          -3.3759230152355544, 
          68.45666434248243
        ]
      ], 
      "cuboid_centroid": [
        -39.36747490775052, 
        4.347259115023834, 
        73.61617665443097
      ], 
      "location": [
        -39.36747490775052, 
        4.347259115023834, 
        73.61617665443097
      ],