{
  "camera_data": {
    "location_worldframe": [
      -23.065620047222865, 
      15.186605181262452, 
      75.46994367287418
    ], 
    "quaternion_xyzw_worldframe": [
      0.9231703962986789, 
      0.03494361050266477, 
      -0.11760284306117302, 
      -0.3642906074210586
    ]
  }, 
  "objects": [
    {
      "bounding_box": {
        "bottom_right": [
          539, 
          332
        ], 
        "top_left": [
          387, 
          124
        ]
      }, 
      "class": "003_cracker_box", 
      "cuboid": [
        [
          -26.55518331732139, 
          38.12424190939985, 
          62.955791815912846
        ], 
        [
          -40.5581688508391, 
          30.065258440419896, 
          60.119015955546374
        ], 
        [
          -34.65833661397446, 
          14.937694624504108, 
          73.97189795600548
        ], 
        [
          -20.65535108045675, 
          22.99667809348406, 
          76.80867381637194
        ], 
        [
          -29.72471289164297, 
          41.759121448109696, 
          68.27501455532807
        ], 
        [
          -43.727698425160675, 
          33.700137979129735, 
          65.4382386949616
        ], 
        [
          -37.82786618829604, 
          18.57257416321395, 
          79.2911206954207
        ], 
        [
          -23.824880654778326, 
          26.631557632193903, 
          82.12789655578717
        ]
      ], 
      "cuboid_centroid": [
        -32.19152475280872, 
        28.3484080363069, 
        71.12345625566677
      ], 
      "location": [
        -32.19152475280872, 
        28.3484080363069, 
        71.12345625566677
      ], 
      "pose_transform_permuted": [
        [
          0.4414386699302991, 
          -0.5062506442358669, 
          -0.7408388393577502, 
          0.0
        ], 
        [
          0.8536531579744885, 
          0.49129356535375257, 
          0.1729361689242062, 
          0.0
        ], 
        [
          -0.27642030781104265, 
          0.7087601271606412, 
          -0.6490384392136421, 
          0.0
        ], 
        [
          -32.19152475280872, 
          28.3484080363069, 
          71.12345625566677, 
          1.0
        ]
      ], 
      "projected_cuboid": [
        [
          254.76453053663374, 
          596.2497510133737
        ], 
        [
          118.80463993838849, 
          539.9973422839169
        ], 
        [
          229.6364345368795, 
          380.98372151749203
        ], 
        [
          336.98183185555934, 
          432.96354014474696
        ], 
        [
          247.47216795553874, 
          599.4813749851148
        ], 
        [
          122.24780688244242, 
          547.9416004995431
        ], 
        [
          225.04292875045007, 
          398.2074298072522
        ], 
        [
          325.59449162968724, 
          446.22571956576076
        ]
      ], 
      "projected_cuboid_centroid": [
        238.19714729517497, 
        485.8572137250532
      ], 
      "quaternion_xyzw": [
        0.90874255492038, 
        0.21120224562171483, 
        0.16901784656390778, 
        0.31782628567194426
      ], 
      "visibility": 0.6748218914870003
    }, 
    {
      "bounding_box": {
        "bottom_right": [
          536, 
          242
        ], 
        "top_left": [
          390, 
          102
        ]
      }, 
      "class": "004_sugar_box", 
      "cuboid": [
        [
          -39.6011631568058, 
          32.956222436729966, 
          68.19674714311968
        ], 
        [
          -48.0733085676977, 
          29.278502374847353, 
          67.43034696487416
        ], 
        [
          -43.80463867507665, 
          16.970928191438745, 
          79.30271172904706
        ], 
        [
          -35.33249326418475, 
          20.64864825332135, 
          80.06911190729258
        ], 
        [
          -41.06825021267278, 
          35.64506987318381, 
          71.51164357051812
        ], 
        [
          -49.540395623564685, 
          31.967349811301194, 
          70.7452433922726
        ], 
        [
          -45.271725730943636, 
          19.659775627892586, 
          82.6176081564455
        ], 
        [
          -36.79958032005173, 
          23.337495689775196, 
          83.38400833469102
        ]
      ], 
      "cuboid_centroid": [
        -42.43644444387471, 
        26.307999032311276, 
        75.40717764978258
      ], 
      "location": [
        -42.43644444387471, 
        26.307999032311276, 
        75.40717764978258
      ], 
      "pose_transform_permuted": [
        [
          0.3250514092638673, 
          -0.5957476381647685, 
          -0.7344565893213891, 
          0.0
        ], 
        [
          0.914158338352056, 
          0.396832006255744, 
          0.08269583198571231, 
          0.0
        ], 
        [
          -0.2421899215854957, 
          0.698290217179842, 
          -0.6735979037029515, 
          0.0
        ], 
        [
          -42.43644444387471, 
          26.307999032311276, 
          75.40717764978258, 
          1.0
        ]
      ], 
      "projected_cuboid": [
        [
          169.32292843732958, 
          531.0143556435658
        ], 
        [
          98.20744217780363, 
          504.85584446243325
        ], 
        [
          184.5510037129007, 
          387.41792329912505
        ], 
        [
          244.29527962030403, 
          410.8218273981517
        ], 
        [
          172.7658615219444, 
          539.12036388318
        ], 
        [
          105.01991820882347, 
          514.2753714202577
        ], 
        [
          186.92011503946364, 
          400.19584432750526
        ], 
        [
          244.26750720263985, 
          422.5518913999412
        ]
      ], 
      "projected_cuboid_centroid": [
        178.9628427840984, 
        459.3506702732183
      ], 
      "quaternion_xyzw": [
        0.9147274382095039, 
        0.17464817965121587, 
        0.11143954587382551, 
        0.3469190626752021
      ], 
      "visibility": 0.41888105130930525
    }, 
    {
      "bounding_box": {
        "bottom_right": [
          418, 
          186
        ], 
        "top_left": [
          329, 
          59
        ]
      }, 
      "class": "024_bowl", 
      "cuboid": [
        [
          -53.84674150113346, 
          7.619072062246953, 
          63.977129684517486
        ], 
        [
          -51.475475286418515, 
          19.33103003778686, 
          74.791262950938
        ], 
        [
          -50.09092788459183, 
          15.570826134157164, 
          78.56005501388616
        ], 
        [
          -52.46219409930676, 
          3.858868158617258, 
          67.74592174746563
        ], 
        [
          -38.40188465492353, 
          8.71835926503208, 
          59.399909159013596
        ], 
        [
          -36.03061844020859, 
          20.430317240571988, 
          70.21404242543412
        ], 
        [
          -34.6460710383819, 
          16.67011333694229, 
          73.98283448838227
        ], 
        [
          -37.017337253096834, 
          4.958155361402385, 
          63.16870122196174
        ]
      ], 
      "cuboid_centroid": [
        -44.24640626975768, 
        12.144592699594622, 
        68.97998208644988
      ], 
      "location": [
        -44.24640626975768, 
        12.144592699594622, 
        68.97998208644988
      ],