{
  "camera_data": {
    "location_worldframe": [
      -19.0158973725644, 
      13.836345904425439, 
      71.6350880039059
    ], 
    "quaternion_xyzw_worldframe": [
      0.8968795168847036, 
      0.007407357499913707, 
      -0.04543276269133782, 
      -0.4398720076574366
    ]
  }, 
  "objects": [
    {
      "bounding_box": {
        "bottom_right": [
          539, 
          362
        ], 
        "top_left": [
          397, 
          189
        ]
      }, 
      "class": "003_cracker_box", 
      "cuboid": [
        [
          -18.542511632154184, 
          38.648706427833936, 
          62.74480000329129
        ], 
        [
          -32.95142345655374, 
          32.946054855617305, 
          57.36510291426015
        ], 
        [
          -30.32806103119, 
          15.28520187886278, 
          69.05979354142279
        ], 
        [
          -15.919149206790442, 
          20.987853451079406, 
          74.43949063045395
        ], 
        [
          -21.85861192979455, 
          41.814979717369866, 
          68.27024928881582
        ], 
        [
          -36.26752375419411, 
          36.11232814515324, 
          62.89055219978468
        ], 
        [
          -33.644161328830364, 
          18.451475168398712, 
          74.58524282694732
        ], 
        [
          -19.235249504430804, 
          24.154126740615336, 
          79.96493991597848
        ]
      ], 
      "cuboid_centroid": [
        -26.093336480492272, 
        28.550090798116322, 
        68.66502141511931
      ], 
      "location": [
        -26.093336480492272, 
        28.550090798116322, 
        68.66502141511931
      ], 
      "pose_transform_permuted": [
        [
          0.46185242018420375, 
          -0.44098514836156677, 
          -0.7695612002268051, 
          0.0
        ], 
        [
          0.878399327945651, 
          0.34764632954869473, 
          0.3279583056059857, 
          0.0
        ], 
        [
          -0.12291038456787323, 
          0.8274503782559094, 
          -0.5479223566250333, 
          0.0
        ], 
        [
          -26.093336480492272, 
          28.550090798116322, 
          68.66502141511931, 
          1.0
        ]
      ], 
      "projected_cuboid": [
        [
          322.67560381188525, 
          601.7936334079111
        ], 
        [
          172.6969020798596, 
          579.5838398270083
        ], 
        [
          245.43447554549695, 
          391.3276886523
        ], 
        [
          366.5943257312954, 
          423.65340856836923
        ], 
        [
          309.41701852473125, 
          599.9405019773004
        ], 
        [
          171.48102449940833, 
          579.5235023593483
        ], 
        [
          239.0206734628472, 
          405.22326799296235
        ], 
        [
          352.2400650437009, 
          434.3804976430487
        ]
      ], 
      "projected_cuboid_centroid": [
        277.24182133307784, 
        495.0344120831256
      ], 
      "quaternion_xyzw": [
        0.9321226993304537, 
        0.12620567937423105, 
        0.2118312123386526, 
        0.2652299707154796
      ], 
      "visibility": 0.5491693143015106
    }, 
    {
      "bounding_box": {
        "bottom_right": [
          539, 
          260
        ], 
        "top_left": [
          403, 
          137
        ]
      }, 
      "class": "004_sugar_box", 
      "cuboid": [
        [
          -32.57874222231117, 
          34.44599336151601, 
          65.85828343576293
        ], 
        [
          -41.26888102170122, 
          32.027850725488285, 
          63.73123952713156
        ], 
        [
          -39.72584798737716, 
          17.636093319100922, 
          73.7884428081898
        ], 
        [
          -31.03570918798711, 
          20.054235955128643, 
          75.91548671682118
        ], 
        [
          -34.09655633290192, 
          36.77020962075914, 
          69.41708132217869
        ], 
        [
          -42.78669513229197, 
          34.35206698473142, 
          67.29003741354731
        ], 
        [
          -41.243662097967906, 
          19.960309578344056, 
          77.34724069460557
        ], 
        [
          -32.55352329857786, 
          22.378452214371773, 
          79.47428460323694
        ]
      ], 
      "cuboid_centroid": [
        -36.91120216013954, 
        27.20315146993003, 
        71.60276206518425
      ], 
      "location": [
        -36.91120216013954, 
        27.20315146993003, 
        71.60276206518425
      ], 
      "pose_transform_permuted": [
        [
          0.33629062002496335, 
          -0.5149590595048319, 
          -0.78849599527078, 
          0.0
        ], 
        [
          0.9376801813016595, 
          0.2609215431084823, 
          0.22951151459422492, 
          0.0
        ], 
        [
          -0.08754648613910732, 
          0.816539738468801, 
          -0.57061176789974, 
          0.0
        ], 
        [
          -36.91120216013954, 
          27.20315146993003, 
          71.60276206518425, 
          1.0
        ]
      ], 
      "projected_cuboid": [
        [
          215.57623771223066, 
          552.229775841533
        ], 
        [
          133.37036843504896, 
          541.3039204381713
        ], 
        [
          192.07840177920139, 
          400.75465601937793
        ], 
        [
          261.74880900397073, 
          414.1710560548095
        ], 
        [
          217.4560136344231, 
          555.7857801642585
        ], 
        [
          139.65722230158784, 
          545.5501708988955
        ], 
        [
          194.84660145884484, 
          410.91554567054726
        ], 
        [
          261.32313306068903, 
          423.45922423544965
        ]
      ], 
      "projected_cuboid_centroid": [
        204.3798807662332, 
        475.904048597536
      ], 
      "quaternion_xyzw": [
        0.941105190061297, 
        0.09256883102113506, 
        0.15030257525790922, 
        0.2883765913919424
      ], 
      "visibility": 0.46815128206112255
    }, 
    {
      "bounding_box": {
        "bottom_right": [
          440, 
          206
        ], 
        "top_left": [
          358, 
          52
        ]
      }, 
      "class": "024_bowl", 
      "cuboid": [
        [
          -48.98585750368672, 
          12.040407822281903, 
          56.29230151134343
        ], 
        [
          -46.54284552369087, 
          21.59925456749445, 
          69.03586783921651
        ], 
        [
          -46.00767084473893, 
          17.170848557398486, 
          72.25498367920619
        ], 
        [
          -48.450682824734784, 
          7.6120018121859365, 
          59.51141735133313
        ], 
        [
          -33.10363665996015, 
          11.850213125672168, 
          53.390255656830156
        ], 
        [
          -30.6606246799643, 
          21.409059870884718, 
          66.13382198470322
        ], 
        [
          -30.12545000101236, 
          16.98065386078875, 
          69.35293782469292
        ], 
        [
          -32.568461981008205, 
          7.421807115576201, 
          56.60937149681984
        ]
      ], 
      "cuboid_centroid": [
        -39.55565375234954, 
        14.510530841535326, 
        62.82261966801818
      ], 
      "location": [
        -39.55565375234954, 
        14.510530841535326, 
        62.82261966801818
      ],