{
  "camera_data": {
    "location_worldframe": [
      -18.022958685144076, 
      13.10066763378252, 
      71.99743516633373
    ], 
    "quaternion_xyzw_worldframe": [
      0.8911922050407602, 
      0.0028398725838397775, 
      -0.03602112393714202, 
      -0.4521869096537451
    ]
  }, 
  "objects": [
    {
      "bounding_box": {
        "bottom_right": [
          539, 
          371
        ], 
        "top_left": [
          393, 
          201
        ]
      }, 
      "class": "003_cracker_box", 
      "cuboid": [
        [
          -17.009167175668587, 
          38.12938249903456, 
          63.784600990462145
        ], 
        [
          -31.447011923544032, 
          32.82793327687964, 
          58.081848070309086
        ], 
        [
          -29.275531447653208, 
          14.817449875630146, 
          69.32732304216049
        ], 
        [
          -14.837686699777757, 
          20.11889909778507, 
          75.03007596231356
        ], 
        [
          -20.33810250559529, 
          41.20505582138196, 
          69.35333699770014
        ], 
        [
          -34.77594725347074, 
          35.90360659922703, 
          63.65058407754708
        ], 
        [
          -32.60446677757991, 
          17.89312319797754, 
          74.89605904939849
        ], 
        [
          -18.166622029704463, 
          23.194572420132467, 
          80.59881196955155
        ]
      ], 
      "cuboid_centroid": [
        -24.806816976624248, 
        28.011252848506054, 
        69.34033001993032
      ], 
      "location": [
        -24.806816976624248, 
        28.011252848506054, 
        69.34033001993032
      ], 
      "pose_transform_permuted": [
        [
          0.4636400291804722, 
          -0.42836676822861075, 
          -0.7755899916959388, 
          0.0
        ], 
        [
          0.8801631433431254, 
          0.3231881415217791, 
          0.3476525079444227, 
          0.0
        ], 
        [
          -0.10173870670437896, 
          0.8438313439645825, 
          -0.5268756005937703, 
          0.0
        ], 
        [
          -24.806816976624248, 
          28.011252848506054, 
          69.34033001993032, 
          1.0
        ]
      ], 
      "projected_cuboid": [
        [
          338.1938348080712, 
          592.096188981667
        ], 
        [
          190.4377475100453, 
          574.7194343727853
        ], 
        [
          254.51016130530644, 
          387.27386425573326
        ], 
        [
          375.2507284865869, 
          416.2932288727316
        ], 
        [
          323.89593759499394, 
          590.1489147107905
        ], 
        [
          187.7858906166935, 
          574.1179723404969
        ], 
        [
          247.49250771184344, 
          400.6998241635734
        ], 
        [
          360.3873959802277, 
          426.76423067510854
        ]
      ], 
      "projected_cuboid_centroid": [
        289.20955720147964, 
        488.73041730783785
      ], 
      "quaternion_xyzw": [
        0.935358818716599, 
        0.11357321910141338, 
        0.216839923057032, 
        0.25531441776885794
      ], 
      "visibility": 0.5708720315538984
    }, 
    {
      "bounding_box": {
        "bottom_right": [
          539, 
          268
        ], 
        "top_left": [
          400, 
          152
        ]
      }, 
      "class": "004_sugar_box", 
      "cuboid": [
        [
          -31.15374539852117, 
          34.093662816094174, 
          66.61617295821878
        ], 
        [
          -39.85747841467473, 
          31.887123504060582, 
          64.32129653495456
        ], 
        [
          -38.68909073635153, 
          17.206880203373956, 
          74.00511277090396
        ], 
        [
          -29.98535772019798, 
          19.413419515407544, 
          76.29998919416819
        ], 
        [
          -32.67502475393284, 
          36.34846061869674, 
          70.2178918926406
        ], 
        [
          -41.378757770086395, 
          34.14192130666315, 
          67.92301546937637
        ], 
        [
          -40.2103700917632, 
          19.461678005976527, 
          77.60683170532579
        ], 
        [
          -31.506637075609646, 
          21.668217318010115, 
          79.90170812859002
        ]
      ], 
      "cuboid_centroid": [
        -35.68205774514219, 
        26.77767041103535, 
        72.11150233177229
      ], 
      "location": [
        -35.68205774514219, 
        26.77767041103535, 
        72.11150233177229
      ], 
      "pose_transform_permuted": [
        [
          0.3370583881734046, 
          -0.49957853585444584, 
          -0.7980056880225903, 
          0.0
        ], 
        [
          0.9391470195114652, 
          0.23808919856402233, 
          0.24762091726110685, 
          0.0
        ], 
        [
          -0.06629037318713894, 
          0.832907454379473, 
          -0.549427047260585, 
          0.0
        ], 
        [
          -35.68205774514219, 
          26.77767041103535, 
          72.11150233177229, 
          1.0
        ]
      ], 
      "projected_cuboid": [
        [
          230.10613901510612, 
          546.2355417205281
        ], 
        [
          148.36501552336975, 
          537.678400892201
        ], 
        [
          200.4597246429861, 
          397.288324265412
        ], 
        [
          270.25960216375864, 
          408.98192815424375
        ], 
        [
          231.35525578511482, 
          549.3607028924993
        ], 
        [
          153.99078016114765, 
          541.3629052349048
        ], 
        [
          202.96579780724065, 
          407.02855236193165
        ], 
        [
          269.54733776390674, 
          417.91529372098876
        ]
      ], 
      "projected_cuboid_centroid": [
        215.50183994743915, 
        471.3278429067308
      ], 
      "quaternion_xyzw": [
        0.9447301416163147, 
        0.08054669750199935, 
        0.1547212478142696, 
        0.27759397549238607
      ], 
      "visibility": 0.4904790349435647
    }, 
    {
      "bounding_box": {
        "bottom_right": [
          437, 
          218
        ], 
        "top_left": [
          358, 
          63
        ]
      }, 
      "class": "024_bowl", 
      "cuboid": [
        [
          -47.82713497589795, 
          12.244926779191001, 
          56.25544978494755
        ], 
        [
          -45.37689979031938, 
          21.415360868022145, 
          69.27995851055869
        ], 
        [
          -44.95855392391553, 
          16.893796408900393, 
          72.3848482181953
        ], 
        [
          -47.40878910949411, 
          7.723362320069252, 
          59.36033949258418
        ], 
        [
          -31.91584295789668, 
          11.851724563566682, 
          53.538988589064964
        ], 
        [
          -29.4656077723181, 
          21.022158652397824, 
          66.56349731467608
        ], 
        [
          -29.04726190591426, 
          16.500594193276076, 
          69.66838702231271
        ], 
        [
          -31.497497091492832, 
          7.330160104444933, 
          56.64387829670158
        ]
      ], 
      "cuboid_centroid": [
        -38.43719844090611, 
        14.372760486233538, 
        62.961918403630136
      ], 
      "location": [
        -38.43719844090611, 
        14.372760486233538, 
        62.961918403630136
      ],