{
  "camera_data": {
    "location_worldframe": [
      -15.423044005246942, 
      9.685061577071705, 
      76.48833067226586
    ], 
    "quaternion_xyzw_worldframe": [
      -0.8648044749627578, 
      -0.002653271747142314, 
      0.004786320580271154, 
      0.5020835301938142
    ]
  }, 
  "objects": [
    {
      "bounding_box": {
        "bottom_right": [
          536, 
          396
        ], 
        "top_left": [
          366, 
          245
        ]
      }, 
      "class": "003_cracker_box", 
      "cuboid": [
        [
          -13.234866299187404, 
          35.42462617267211, 
          71.23458079139667
        ], 
        [
          -27.484498184211464, 
          31.302626936919232, 
          64.23206487717596
        ], 
        [
          -26.45725349981972, 
          12.082243368776274, 
          73.4556851533064
        ], 
        [
          -12.207621614795658, 
          16.204242604529163, 
          80.45820106752714
        ], 
        [
          -16.774705120967504, 
          37.9724923230577, 
          76.93811625025731
        ], 
        [
          -31.024337005991566, 
          33.85049308730481, 
          69.93560033603657
        ], 
        [
          -29.997092321599823, 
          14.63010951916186, 
          79.15922061216703
        ], 
        [
          -15.747460436575759, 
          18.752108754914744, 
          86.16173652638776
        ]
      ], 
      "cuboid_centroid": [
        -21.615979310393612, 
        25.027367845916988, 
        75.19690070178186
      ], 
      "location": [
        -21.615979310393612, 
        25.027367845916988, 
        75.19690070178186
      ], 
      "pose_transform_permuted": [
        [
          0.493013775266229, 
          -0.3548560182869996, 
          -0.7943642890281744, 
          0.0
        ], 
        [
          0.8686892684069607, 
          0.2512862458042494, 
          0.4268889523332574, 
          0.0
        ], 
        [
          -0.04812870611516312, 
          0.9005178670937647, 
          -0.4321471956319713, 
          0.0
        ], 
        [
          -21.615979310393612, 
          25.027367845916988, 
          75.19690070178186, 
          1.0
        ]
      ], 
      "projected_cuboid": [
        [
          381.68443120713357, 
          538.503889645627
        ], 
        [
          251.49121465194742, 
          533.1926142080417
        ], 
        [
          287.9053362825413, 
          361.0087746437129
        ], 
        [
          400.0041480544065, 
          380.6968429197534
        ], 
        [
          364.3491656809937, 
          536.5042350697092
        ], 
        [
          243.03799419894477, 
          531.4258944281501
        ], 
        [
          277.8133940564935, 
          371.8540055508208
        ], 
        [
          383.31193771956185, 
          389.35739759889736
        ]
      ], 
      "projected_cuboid_centroid": [
        327.01229533260755, 
        450.788340088807
      ], 
      "quaternion_xyzw": [
        0.9438712073859573, 
        0.07930503377379194, 
        0.24365154917352247, 
        0.20845090086458115
      ], 
      "visibility": 0.7733234714003945
    }, 
    {
      "bounding_box": {
        "bottom_right": [
          504, 
          297
        ], 
        "top_left": [
          373, 
          205
        ]
      }, 
      "class": "004_sugar_box", 
      "cuboid": [
        [
          -27.624685674501144, 
          31.59457773238938, 
          72.8586473340268
        ], 
        [
          -36.249199481744384, 
          29.96436508463654, 
          69.88368342468898
        ], 
        [
          -36.04078945597744, 
          14.261058216453792, 
          77.88453892211514
        ], 
        [
          -27.416275648734196, 
          15.89127086420663, 
          80.85950283145297
        ], 
        [
          -29.27590770540427, 
          33.48407902723264, 
          76.61018487906638
        ], 
        [
          -37.90042151264751, 
          31.8538663794798, 
          73.63522096972855
        ], 
        [
          -37.69201148688057, 
          16.150559511297054, 
          81.63607646715472
        ], 
        [
          -29.067497679637327, 
          17.78077215904989, 
          84.61104037649254
        ]
      ], 
      "cuboid_centroid": [
        -32.658348580690856, 
        23.872568621843214, 
        77.24736190059076
      ], 
      "location": [
        -32.658348580690856, 
        23.872568621843214, 
        77.24736190059076
      ], 
      "pose_transform_permuted": [
        [
          0.36584880631737454, 
          -0.4186425449250165, 
          -0.8311998671413461, 
          0.0
        ], 
        [
          0.9305991373788101, 
          0.17590260942810607, 
          0.3210034686752738, 
          0.0
        ], 
        [
          -0.01182448141173431, 
          0.89095262803349, 
          -0.4539415354858284, 
          0.0
        ], 
        [
          -32.658348580690856, 
          23.872568621843214, 
          77.24736190059076, 
          1.0
        ]
      ], 
      "projected_cuboid": [
        [
          277.70140944874873, 
          504.55636858171977
        ], 
        [
          202.65477239772878, 
          501.9605562041303
        ], 
        [
          232.74870956895978, 
          370.94008679661545
        ], 
        [
          299.26245127154453, 
          378.09952416840656
        ], 
        [
          276.0952839524136, 
          506.3849843285212
        ], 
        [
          204.8072030311317, 
          503.9953009371057
        ], 
        [
          233.3072392302309, 
          378.79638165956965
        ], 
        [
          296.85221463795426, 
          385.36214837613034
        ]
      ], 
      "projected_cuboid_centroid": [
        254.24322404612798, 
        438.103925052988
      ], 
      "quaternion_xyzw": [
        0.9556086584676865, 
        0.0491119165718056, 
        0.17968973724401271, 
        0.22827966047577178
      ], 
      "visibility": 0.5036141856787892
    }, 
    {
      "bounding_box": {
        "bottom_right": [
          410, 
          260
        ], 
        "top_left": [
          342, 
          115
        ]
      }, 
      "class": "024_bowl", 
      "cuboid": [
        [
          -44.328254237436276, 
          11.638654857597993, 
          59.24006539921227
        ], 
        [
          -42.333871910569975, 
          19.20303170347428, 
          73.33052257609685
        ], 
        [
          -42.21804088792761, 
          14.350638549853873, 
          75.91910565867492
        ], 
        [
          -44.212423214793915, 
          6.786261703977583, 
          61.828648481790324
        ], 
        [
          -28.309669473814935, 
          10.995657834087352, 
          57.317962360441086
        ], 
        [
          -26.31528714694863, 
          18.560034679963643, 
          71.40841953732568
        ], 
        [
          -26.19945612430627, 
          13.707641526343231, 
          73.99700261990374
        ], 
        [
          -28.19383845117257, 
          6.143264680466942, 
          59.906545443019155
        ]
      ], 
      "cuboid_centroid": [
        -35.263855180871275, 
        12.673148191970613, 
        66.618534009558
      ], 
      "location": [
        -35.263855180871275, 
        12.673148191970613, 
        66.618534009558
      ],