{
  "camera_data": {
    "location_worldframe": [
      -15.151478632518092, 
      0.8217716937575239, 
      70.57346055110588
    ], 
    "quaternion_xyzw_worldframe": [
      -0.8398781774382428, 
      -0.03941737788487151, 
      -0.07998341809938506, 
      0.5354031792719317
    ]
  }, 
  "objects": [
    {
      "bounding_box": {
        "bottom_right": [
          489, 
          387
        ], 
        "top_left": [
          310, 
          239
        ]
      }, 
      "class": "003_cracker_box", 
      "cuboid": [
        [
          -11.67906520725463, 
          26.827373473550452, 
          68.01111818841379
        ], 
        [
          -24.46193637299494, 
          23.70501553218785, 
          58.21687491324183
        ], 
        [
          -25.409352564379166, 
          3.7785635241455533, 
          65.8058445454044
        ], 
        [
          -12.626481398638855, 
          6.900921465508156, 
          75.60008782057636
        ], 
        [
          -16.167365644462663, 
          29.00708966740072, 
          73.17410124422248
        ], 
        [
          -28.950236810202973, 
          25.884731726038112, 
          63.37985796905053
        ], 
        [
          -29.897653001587198, 
          5.958279717995819, 
          70.9688276012131
        ], 
        [
          -17.114781835846888, 
          9.08063765935842, 
          80.76307087638506
        ]
      ], 
      "cuboid_centroid": [
        -20.788359104420913, 
        16.392826595773137, 
        69.48997289481345
      ], 
      "location": [
        -20.788359104420913, 
        16.392826595773137, 
        69.48997289481345
      ], 
      "pose_transform_permuted": [
        [
          0.6251114964506312, 
          -0.30358164985564196, 
          -0.7190784372209884, 
          0.0
        ], 
        [
          0.779272271080751, 
          0.19034588806729455, 
          0.5970788644898777, 
          0.0
        ], 
        [
          0.044388563052899066, 
          0.9335987493387079, 
          -0.35556016467441826, 
          0.0
        ], 
        [
          -20.788359104420913, 
          16.392826595773137, 
          69.48997289481345, 
          1.0
        ]
      ], 
      "projected_cuboid": [
        [
          389.2506822560333, 
          483.65748937285
        ], 
        [
          255.63596748838376, 
          490.446064691385
        ], 
        [
          273.9523588199919, 
          303.9096830471076
        ], 
        [
          391.78146751481404, 
          321.96897560262425
        ], 
        [
          362.7814313474319, 
          484.70080487887293
        ], 
        [
          235.96073978273668, 
          491.097602521351
        ], 
        [
          255.04856118196582, 
          318.06207342460925
        ], 
        [
          367.63763511599115, 
          333.2506012453209
        ]
      ], 
      "projected_cuboid_centroid": [
        320.721606783236, 
        399.09771739127956
      ], 
      "quaternion_xyzw": [
        0.9262760735386141, 
        0.03939358070019039, 
        0.32986665527034126, 
        0.17790101497817176
      ], 
      "visibility": 0.8163673504128011
    }, 
    {
      "bounding_box": {
        "bottom_right": [
          465, 
          276
        ], 
        "top_left": [
          321, 
          186
        ]
      }, 
      "class": "004_sugar_box", 
      "cuboid": [
        [
          -26.175071925407618, 
          23.300893573273328, 
          66.66822999996019
        ], 
        [
          -34.131047998293404, 
          22.17011566178866, 
          62.051518183888874
        ], 
        [
          -35.610352134444206, 
          5.8706927366518435, 
          68.59303495036905
        ], 
        [
          -27.654376061558423, 
          7.001470648136509, 
          73.20974676644036
        ], 
        [
          -28.458679413213467, 
          24.927630198433953, 
          70.20512808788891
        ], 
        [
          -36.41465548609925, 
          23.79685228694929, 
          65.5884162718176
        ], 
        [
          -37.89395962225006, 
          7.49742936181247, 
          72.12993303829776
        ], 
        [
          -29.937983549364272, 
          8.628207273297136, 
          76.74664485436908
        ]
      ], 
      "cuboid_centroid": [
        -32.034515773828836, 
        15.3991614675429, 
        69.39908151912898
      ], 
      "location": [
        -32.034515773828836, 
        15.3991614675429, 
        69.39908151912898
      ], 
      "pose_transform_permuted": [
        [
          0.5059616804254006, 
          -0.3604237597182862, 
          -0.7836438221619393, 
          0.0
        ], 
        [
          0.8584628230539684, 
          0.12201278501181996, 
          0.498150751402856, 
          0.0
        ], 
        [
          0.08393072356210629, 
          0.9247742410233184, 
          -0.3711435816254358, 
          0.0
        ], 
        [
          -32.034515773828836, 
          15.3991614675429, 
          69.39908151912898, 
          1.0
        ]
      ], 
      "projected_cuboid": [
        [
          270.4618425386417, 
          459.6845096693107
        ], 
        [
          185.8033473408603, 
          463.83396034363517
        ], 
        [
          202.41469943100373, 
          318.9319217365418
        ], 
        [
          278.4611611348273, 
          324.29096802763866
        ], 
        [
          263.60652909087344, 
          462.65152753362526
        ], 
        [
          183.03075883776853, 
          466.7860621941336
        ], 
        [
          199.07901980117478, 
          328.7215804619807
        ], 
        [
          271.82151018594584, 
          333.24475394306904
        ]
      ], 
      "projected_cuboid_centroid": [
        233.36597533527706, 
        391.62635164008464
      ], 
      "quaternion_xyzw": [
        0.9443093886856186, 
        0.01008198740423411, 
        0.26583248135070375, 
        0.1936778745687334
      ], 
      "visibility": 0.5170890071241772
    }, 
    {
      "bounding_box": {
        "bottom_right": [
          362, 
          253
        ], 
        "top_left": [
          283, 
          78
        ]
      }, 
      "class": "024_bowl", 
      "cuboid": [
        [
          -40.38000438931422, 
          5.0114844950468544, 
          48.600849275439764
        ], 
        [
          -40.893627390943315, 
          11.347450557854446, 
          63.41064558899223
        ], 
        [
          -41.321476485042105, 
          6.299925932035267, 
          65.55525250471031
        ], 
        [
          -40.80785348341301, 
          -0.0360401307723246, 
          50.745456191157835
        ], 
        [
          -24.29084366528508, 
          4.058085866995234, 
          49.56672781107777
        ], 
        [
          -24.804466666914177, 
          10.394051929802824, 
          64.37652412463024
        ], 
        [
          -25.232315761012963, 
          5.346527303983646, 
          66.52113104034831
        ], 
        [
          -24.71869275938387, 
          -0.9894387588239448, 
          51.71133472679583
        ]
      ], 
      "cuboid_centroid": [
        -32.80616007516359, 
        5.17900589951525, 
        57.56099015789403
      ], 
      "location": [
        -32.80616007516359, 
        5.17900589951525, 
        57.56099015789403
      ],