{
  "camera_data": {
    "location_worldframe": [
      -19.283141023049836, 
      8.689182219421943, 
      81.28324197155312
    ], 
    "quaternion_xyzw_worldframe": [
      0.9389380519753423, 
      0.028852797903426142, 
      -0.10184810269247033, 
      -0.3274043992068608
    ]
  }, 
  "objects": [
    {
      "bounding_box": {
        "bottom_right": [
          527, 
          367
        ], 
        "top_left": [
          337, 
          178
        ]
      }, 
      "class": "003_cracker_box", 
      "cuboid": [
        [
          -22.01589067440932, 
          30.597260763732447, 
          66.87893472445873
        ], 
        [
          -36.0565585529878, 
          22.532412291359265, 
          64.2529148600497
        ], 
        [
          -30.827665345852235, 
          8.482256289516451, 
          79.4451937970179
        ], 
        [
          -16.786997467273753, 
          16.547104761889635, 
          82.07121366142692
        ], 
        [
          -25.28520549668408, 
          34.69014466210321, 
          71.78936031927783
        ], 
        [
          -39.32587337526255, 
          26.62529618973003, 
          69.16334045486882
        ], 
        [
          -34.09698016812699, 
          12.575140187887213, 
          84.35561939183701
        ], 
        [
          -20.056312289548508, 
          20.639988660260393, 
          86.98163925624604
        ]
      ], 
      "cuboid_centroid": [
        -28.056435421268155, 
        21.58620047580983, 
        75.61727705814786
      ], 
      "location": [
        -28.056435421268155, 
        21.58620047580983, 
        75.61727705814786
      ], 
      "pose_transform_permuted": [
        [
          0.4553363371084148, 
          -0.5700395537917181, 
          -0.6839033025374501, 
          0.0
        ], 
        [
          0.8559503575812447, 
          0.49165110901158016, 
          0.1600880144302597, 
          0.0
        ], 
        [
          -0.24498531683599203, 
          0.658281166463558, 
          -0.7117921750160974, 
          0.0
        ], 
        [
          -28.056435421268155, 
          21.58620047580983, 
          75.61727705814786, 
          1.0
        ]
      ], 
      "projected_cuboid": [
        [
          304.57041827559146, 
          517.2814285089726
        ], 
        [
          179.82212489806727, 
          460.3127103697616
        ], 
        [
          272.92479599910087, 
          330.228351229873
        ], 
        [
          371.6018247006819, 
          380.81382581595045
        ], 
        [
          292.1891451555651, 
          530.9978953338073
        ], 
        [
          175.82757427779703, 
          478.5946068561724
        ], 
        [
          264.2300556970045, 
          352.79005620196193
        ], 
        [
          357.5989107362387, 
          399.8386499336918
        ]
      ], 
      "projected_cuboid_centroid": [
        282.06936822329186, 
        425.53142020795286
      ], 
      "quaternion_xyzw": [
        0.8941664870959788, 
        0.20595617160736376, 
        0.1720664888530472, 
        0.35838732140668594
      ], 
      "visibility": 0.9003244322435737
    }, 
    {
      "bounding_box": {
        "bottom_right": [
          476, 
          279
        ], 
        "top_left": [
          346, 
          155
        ]
      }, 
      "class": "004_sugar_box", 
      "cuboid": [
        [
          -35.29756264717232, 
          26.047359758345973, 
          72.10096004906241
        ], 
        [
          -43.80167338813675, 
          22.438198207022143, 
          71.36319629829629
        ], 
        [
          -40.096787429525996, 
          11.062768349837569, 
          84.30631746839326
        ], 
        [
          -31.592676688561568, 
          14.671929901161395, 
          85.04408121915937
        ], 
        [
          -36.82019980543521, 
          29.013166151875392, 
          75.1433853662679
        ], 
        [
          -45.32431054639963, 
          25.404004600551566, 
          74.40562161550179
        ], 
        [
          -41.61942458778888, 
          14.02857474336699, 
          87.34874278559874
        ], 
        [
          -33.11531384682445, 
          17.637736294690818, 
          88.08650653636487
        ]
      ], 
      "cuboid_centroid": [
        -38.4584936174806, 
        20.037967250856482, 
        79.72485141733058
      ], 
      "location": [
        -38.4584936174806, 
        20.037967250856482, 
        79.72485141733058
      ], 
      "pose_transform_permuted": [
        [
          0.3373592263060325, 
          -0.6571113445281013, 
          -0.6740872213294059, 
          0.0
        ], 
        [
          0.9176074497172136, 
          0.3894344309011312, 
          0.07960591465175662, 
          0.0
        ], 
        [
          -0.21020272412027444, 
          0.645403494394177, 
          -0.7343490080308346, 
          0.0
        ], 
        [
          -38.4584936174806, 
          20.037967250856482, 
          79.72485141733058, 
          1.0
        ]
      ], 
      "projected_cuboid": [
        [
          218.330684077338, 
          465.95480536063747
        ], 
        [
          151.52547630526865, 
          440.97424166639865
        ], 
        [
          225.83201901022764, 
          343.26932435170033
        ], 
        [
          281.8253212450928, 
          365.2956164149949
        ], 
        [
          218.09312276868025, 
          479.2033941780602
        ], 
        [
          154.01720596839002, 
          455.3756442919363
        ], 
        [
          225.36637507557955, 
          358.93990168218056
        ], 
        [
          279.4296211442673, 
          380.0741782073962
        ]
      ], 
      "projected_cuboid_centroid": [
        222.1849324854496, 
        407.3305675636688
      ], 
      "quaternion_xyzw": [
        0.8995968771400884, 
        0.16664051706351915, 
        0.11587555258177544, 
        0.38668996856195537
      ], 
      "visibility": 0.42892156862745096
    }, 
    {
      "bounding_box": {
        "bottom_right": [
          363, 
          235
        ], 
        "top_left": [
          274, 
          121
        ]
      }, 
      "class": "024_bowl", 
      "cuboid": [
        [
          -49.82166317285209, 
          0.6540939552372387, 
          69.46506436352367
        ], 
        [
          -47.58774603703013, 
          13.160362361192895, 
          79.38177783998555
        ], 
        [
          -46.3797876321947, 
          9.69516864535294, 
          83.47972458468693
        ], 
        [
          -48.61370476801665, 
          -2.8110997606027186, 
          73.56301110822506
        ], 
        [
          -34.22927089707087, 
          1.1685087134920593, 
          65.30385496385792
        ], 
        [
          -31.995353761248914, 
          13.674777119447718, 
          75.2205684403198
        ], 
        [
          -30.787395356413477, 
          10.209583403607759, 
          79.31851518502117
        ], 
        [
          -33.02131249223543, 
          -2.2966850023478966, 
          69.40180170855929
        ]
      ], 
      "cuboid_centroid": [
        -40.304529264632784, 
        5.431838679422499, 
        74.39178977427243
      ], 
      "location": [
        -40.304529264632784, 
        5.431838679422499, 
        74.39178977427243
      ],