{
  "camera_data": {
    "location_worldframe": [
      -23.388487199702123, 
      15.49099349818528, 
      75.5362209936113
    ], 
    "quaternion_xyzw_worldframe": [
      0.9217469106180477, 
      0.03210451140540277, 
      -0.11929342597640552, 
      -0.3675882844550762
    ]
  }, 
  "objects": [
    {
      "bounding_box": {
        "bottom_right": [
          539, 
          331
        ], 
        "top_left": [
          390, 
          124
        ]
      }, 
      "class": "003_cracker_box", 
      "cuboid": [
        [
          -26.841879968560526, 
          38.52368267546699, 
          63.18778399201612
        ], 
        [
          -40.89868161759227, 
          30.548337616176003, 
          60.38095049638842
        ], 
        [
          -34.99063573097335, 
          15.305693820874493, 
          74.10357236968788
        ], 
        [
          -20.93383408194161, 
          23.281038880165482, 
          76.9104058653156
        ], 
        [
          -29.96367911129617, 
          42.13945049733515, 
          68.54810027985778
        ], 
        [
          -44.020480760327914, 
          34.16410543804416, 
          65.74126678423006
        ], 
        [
          -38.11243487370899, 
          18.92146164274265, 
          79.46388865752954
        ], 
        [
          -24.05563322467725, 
          26.896806702033636, 
          82.27072215315724
        ]
      ], 
      "cuboid_centroid": [
        -32.47715742113476, 
        28.72257215910482, 
        71.32583632477282
      ], 
      "location": [
        -32.47715742113476, 
        28.72257215910482, 
        71.32583632477282
      ], 
      "pose_transform_permuted": [
        [
          0.4347909773499247, 
          -0.5035888451692075, 
          -0.7465621749300195, 
          0.0
        ], 
        [
          0.8569339081294113, 
          0.4861947817844881, 
          0.17111081574110887, 
          0.0
        ], 
        [
          -0.27680513563362763, 
          0.7141518810355945, 
          -0.642935461535737, 
          0.0
        ], 
        [
          -32.47715742113476, 
          28.72257215910482, 
          71.32583632477282, 
          1.0
        ]
      ], 
      "projected_cuboid": [
        [
          253.1573881045926, 
          598.4353735426486
        ], 
        [
          117.34577510604214, 
          543.1071776052662
        ], 
        [
          227.67267307702247, 
          383.44082592819245
        ], 
        [
          335.22594288490507, 
          434.7241719617345
        ], 
        [
          246.53018319030645, 
          601.1409071404241
        ], 
        [
          121.50923144911614, 
          550.4394947602275
        ], 
        [
          223.67493046269513, 
          400.27737881212926
        ], 
        [
          324.3570007564584, 
          447.6449654212623
        ]
      ], 
      "projected_cuboid_centroid": [
        236.7342316992581, 
        488.05177594860055
      ], 
      "quaternion_xyzw": [
        0.9107205888875887, 
        0.20944950809503815, 
        0.16632483126112257, 
        0.3147299843372876
      ], 
      "visibility": 0.6481806499437445
    }, 
    {
      "bounding_box": {
        "bottom_right": [
          538, 
          241
        ], 
        "top_left": [
          392, 
          102
        ]
      }, 
      "class": "004_sugar_box", 
      "cuboid": [
        [
          -39.88170113245722, 
          33.383413776412915, 
          68.47112105115802
        ], 
        [
          -48.37531494594446, 
          29.750222741813083, 
          67.73038544142442
        ], 
        [
          -44.096483307686654, 
          17.347677519022593, 
          79.49981371275221
        ], 
        [
          -35.60286949419942, 
          20.98086855362242, 
          80.24054932248583
        ], 
        [
          -41.31706309897578, 
          36.057965102469865, 
          71.81137471214768
        ], 
        [
          -49.810676912463016, 
          32.42477406787003, 
          71.07063910241406
        ], 
        [
          -45.53184527420521, 
          20.022228845079542, 
          82.84006737374187
        ], 
        [
          -37.038231460717974, 
          23.655419879679375, 
          83.5808029834755
        ]
      ], 
      "cuboid_centroid": [
        -42.70677320333122, 
        26.702821310746227, 
        75.65559421244996
      ], 
      "location": [
        -42.70677320333122, 
        26.702821310746227, 
        75.65559421244996
      ], 
      "pose_transform_permuted": [
        [
          0.3180223205942554, 
          -0.5925801568534736, 
          -0.7400748002386587, 
          0.0
        ], 
        [
          0.9164748140842114, 
          0.39202725142505795, 
          0.07992658309213237, 
          0.0
        ], 
        [
          -0.2427664647337944, 
          0.7036785533968333, 
          -0.6677576345424022, 
          0.0
        ], 
        [
          -42.70677320333122, 
          26.702821310746227, 
          75.65559421244996, 
          1.0
        ]
      ], 
      "projected_cuboid": [
        [
          168.37094530064607, 
          533.3089831633123
        ], 
        [
          97.50795518265313, 
          507.5444163104205
        ], 
        [
          183.31332567462698, 
          389.66235965142397
        ], 
        [
          242.99025113710545, 
          412.73608270745643
        ], 
        [
          172.19163094669673, 
          541.0772465639279
        ], 
        [
          104.69895637823419, 
          516.6045552202532
        ], 
        [
          186.0228520542364, 
          402.1884942490351
        ], 
        [
          243.290813924114, 
          424.2290776512597
        ]
      ], 
      "projected_cuboid_centroid": [
        178.0350366343032, 
        461.52294903849383
      ], 
      "quaternion_xyzw": [
        0.9165462573868959, 
        0.17314830294781594, 
        0.10854577728050341, 
        0.3437736451483478
      ], 
      "visibility": 0.40984846978755257
    }, 
    {
      "bounding_box": {
        "bottom_right": [
          421, 
          184
        ], 
        "top_left": [
          332, 
          56
        ]
      }, 
      "class": "024_bowl", 
      "cuboid": [
        [
          -54.270284369355196, 
          8.140357363980215, 
          64.1735660998918
        ], 
        [
          -51.7819062971282, 
          19.772177765600063, 
          75.04771296757224
        ], 
        [
          -50.39345265701748, 
          15.981683666428296, 
          78.78458993797483
        ], 
        [
          -52.88183072924447, 
          4.349863264808448, 
          67.91044307029439
        ], 
        [
          -38.846956431810966, 
          9.196592830745201, 
          59.514348884206925
        ], 
        [
          -36.35857835958397, 
          20.828413232365047, 
          70.38849575188738
        ], 
        [
          -34.97012471947325, 
          17.03791913319328, 
          74.12537272228997
        ], 
        [
          -37.45850279170024, 
          5.406098731573433, 
          63.251225854609515
        ]
      ], 
      "cuboid_centroid": [
        -44.62020454441422, 
        12.589138248586748, 
        69.14946941109088
      ], 
      "location": [
        -44.62020454441422, 
        12.589138248586748, 
        69.14946941109088
      ],