{
  "camera_data": {
    "location_worldframe": [
      -18.755237450063053, 
      7.00860955200566, 
      81.31538083877365
    ], 
    "quaternion_xyzw_worldframe": [
      0.9334180475858206, 
      0.025674634414161297, 
      -0.08354950879461077, 
      -0.34798685016755376
    ]
  }, 
  "objects": [
    {
      "bounding_box": {
        "bottom_right": [
          515, 
          372
        ], 
        "top_left": [
          328, 
          189
        ]
      }, 
      "class": "003_cracker_box", 
      "cuboid": [
        [
          -20.583967411580776, 
          29.562615649478108, 
          67.79176335493392
        ], 
        [
          -34.70587666290591, 
          21.933469411863573, 
          64.40858105573896
        ], 
        [
          -30.24028858518507, 
          7.138955397579641, 
          79.13048396764779
        ], 
        [
          -16.118379333859945, 
          14.768101635194174, 
          82.51366626684275
        ], 
        [
          -23.91375251211933, 
          33.5163534752869, 
          72.77502392648172
        ], 
        [
          -38.03566176344446, 
          25.88720723767236, 
          69.39184162728677
        ], 
        [
          -33.570073685723635, 
          11.092693223388428, 
          84.1137445391956
        ], 
        [
          -19.448164434398503, 
          18.72183946100296, 
          87.49692683839055
        ]
      ], 
      "cuboid_centroid": [
        -27.077020548652204, 
        20.327654436433267, 
        75.95275394706475
      ], 
      "location": [
        -27.077020548652204, 
        20.327654436433267, 
        75.95275394706475
      ], 
      "pose_transform_permuted": [
        [
          0.46375838163620603, 
          -0.5506598774840973, 
          -0.6940474499566772, 
          0.0
        ], 
        [
          0.8609030124445493, 
          0.4650897312433902, 
          0.20624632131471285, 
          0.0
        ], 
        [
          -0.20922276794380568, 
          0.693156000638493, 
          -0.6897540084354583, 
          0.0
        ], 
        [
          -27.077020548652204, 
          20.327654436433267, 
          75.95275394706475, 
          1.0
        ]
      ], 
      "projected_cuboid": [
        [
          318.312969821783, 
          505.85641189195
        ], 
        [
          191.82866602804734, 
          454.9012944703125
        ], 
        [
          276.0866479024228, 
          321.4013039478761
        ], 
        [
          376.54920462905665, 
          368.7388207928681
        ], 
        [
          304.8887021597024, 
          518.9055251069394
        ], 
        [
          186.83316298101334, 
          472.24587166817105
        ], 
        [
          266.97367071420604, 
          343.6192827492796
        ], 
        [
          362.06689332006204, 
          387.4016729733337
        ]
      ], 
      "projected_cuboid_centroid": [
        289.8851613122605, 
        416.0217994104204
      ], 
      "quaternion_xyzw": [
        0.9011251942765388, 
        0.18707514324038022, 
        0.18588002732761977, 
        0.34412917699948786
      ], 
      "visibility": 0.8921987982482942
    }, 
    {
      "bounding_box": {
        "bottom_right": [
          467, 
          283
        ], 
        "top_left": [
          338, 
          163
        ]
      }, 
      "class": "004_sugar_box", 
      "cuboid": [
        [
          -34.11172903240665, 
          25.095135083638727, 
          72.41943246290252
        ], 
        [
          -42.6639781131801, 
          21.712305676703107, 
          71.27674142239046
        ], 
        [
          -39.59628364500974, 
          9.718874484088142, 
          83.82257056612653
        ], 
        [
          -31.044034564236284, 
          13.10170389102376, 
          84.96526160663859
        ], 
        [
          -35.66307440881558, 
          27.962940830154853, 
          75.54029788994988
        ], 
        [
          -44.21532348958904, 
          24.580111423219233, 
          74.3976068494378
        ], 
        [
          -41.147629021418666, 
          12.58668023060427, 
          86.94343599317389
        ], 
        [
          -32.595379940645216, 
          15.969509637539888, 
          88.08612703368595
        ]
      ], 
      "cuboid_centroid": [
        -37.62967902691266, 
        18.840907657121498, 
        79.6814342280382
      ], 
      "location": [
        -37.62967902691266, 
        18.840907657121498, 
        79.6814342280382
      ], 
      "pose_transform_permuted": [
        [
          0.343719889586722, 
          -0.6353980806198346, 
          -0.6914666046079563, 
          0.0
        ], 
        [
          0.922801655269242, 
          0.3650128225605115, 
          0.12329823110700405, 
          0.0
        ], 
        [
          -0.17405062967711596, 
          0.6804668042149594, 
          -0.7118079994423708, 
          0.0
        ], 
        [
          -37.62967902691266, 
          18.840907657121498, 
          79.6814342280382, 
          1.0
        ]
      ], 
      "projected_cuboid": [
        [
          228.29405586533952, 
          458.09504209786445
        ], 
        [
          159.7087247523144, 
          435.74623496116055
        ], 
        [
          227.5669619311523, 
          335.12270041047407
        ], 
        [
          285.11247714974263, 
          355.524797781563
        ], 
        [
          227.71511843310668, 
          470.7067807438308
        ], 
        [
          161.99794465864002, 
          449.48917854568134
        ], 
        [
          227.09005480992525, 
          350.4944718227133
        ], 
        [
          282.6029360887321, 
          369.97431970310566
        ]
      ], 
      "projected_cuboid_centroid": [
        227.63719024970848, 
        399.39150980592984
      ], 
      "quaternion_xyzw": [
        0.9075702540426495, 
        0.1484908330337078, 
        0.12864517061171207, 
        0.37110242266680105
      ], 
      "visibility": 0.4649267831837506
    }, 
    {
      "bounding_box": {
        "bottom_right": [
          356, 
          239
        ], 
        "top_left": [
          268, 
          121
        ]
      }, 
      "class": "024_bowl", 
      "cuboid": [
        [
          -49.08337252208649, 
          0.16875945809605858, 
          68.26728150956956
        ], 
        [
          -46.88785189204444, 
          12.190724118773698, 
          78.7739649180597
        ], 
        [
          -45.878773729039054, 
          8.52891972443074, 
          82.75301610609866
        ], 
        [
          -48.07429435908111, 
          -3.4930449362469016, 
          72.24633269760852
        ], 
        [
          -33.36420671360114, 
          0.5086016117952508, 
          64.59368426856274
        ], 
        [
          -31.168686083559095, 
          12.530566272472893, 
          75.10036767705289
        ], 
        [
          -30.159607920553704, 
          8.86876187812993, 
          79.07941886509184
        ], 
        [
          -32.35512855059576, 
          -3.153202782547708, 
          68.57273545660169
        ]
      ], 
      "cuboid_centroid": [
        -39.6214902213201, 
        4.518760668112995, 
        73.6733501873307
      ], 
      "location": [
        -39.6214902213201, 
        4.518760668112995, 
        73.6733501873307
      ],