{
  "camera_data": {
    "location_worldframe": [
      -21.49560108169925, 
      10.311125741149828, 
      81.23253770395785
    ], 
    "quaternion_xyzw_worldframe": [
      0.9442321549416209, 
      0.03511537702423807, 
      -0.11437988695272808, 
      -0.3067748758740233
    ]
  }, 
  "objects": [
    {
      "bounding_box": {
        "bottom_right": [
          539, 
          351
        ], 
        "top_left": [
          345, 
          154
        ]
      }, 
      "class": "003_cracker_box", 
      "cuboid": [
        [
          -24.99761056744249, 
          31.526980060331066, 
          65.98333178940344
        ], 
        [
          -38.88069376083504, 
          23.0316124069485, 
          63.94204661423577
        ], 
        [
          -33.060741637842035, 
          9.756244066012968, 
          79.60877249570034
        ], 
        [
          -19.17765844444949, 
          18.25161171939553, 
          81.65005767086801
        ], 
        [
          -28.282798144406602, 
          35.74380617070682, 
          70.77690224095173
        ], 
        [
          -42.16588133779914, 
          27.248438517324246, 
          68.73561706578406
        ], 
        [
          -36.34592921480614, 
          13.973070176388713, 
          84.40234294724861
        ], 
        [
          -22.4628460214136, 
          22.46843782977128, 
          86.44362812241629
        ]
      ], 
      "cuboid_centroid": [
        -30.671769891124317, 
        22.75002511835989, 
        75.19283736832602
      ], 
      "location": [
        -30.671769891124317, 
        22.75002511835989, 
        75.19283736832602
      ], 
      "pose_transform_permuted": [
        [
          0.45754702722942386, 
          -0.5873017007232264, 
          -0.6676282125563021, 
          0.0
        ], 
        [
          0.8463436445102785, 
          0.5178965162897325, 
          0.12444128660544593, 
          0.0
        ], 
        [
          -0.27267774619608487, 
          0.62198063534371, 
          -0.7340210732580223, 
          0.0
        ], 
        [
          -30.671769891124317, 
          22.75002511835989, 
          75.19283736832602, 
          1.0
        ]
      ], 
      "projected_cuboid": [
        [
          277.86659459661973, 
          528.1077997826012
        ], 
        [
          154.60349913849865, 
          465.385643015375
        ], 
        [
          258.2689521330802, 
          338.64611903618675
        ], 
        [
          355.28907922912776, 
          392.5019094344134
        ], 
        [
          266.7039233993617, 
          542.6240083190637
        ], 
        [
          151.70559897516466, 
          484.7071448294954
        ], 
        [
          250.02135397483875, 
          361.5792523999242
        ], 
        [
          341.85616985318563, 
          411.90702578547564
        ]
      ], 
      "projected_cuboid_centroid": [
        262.23875269928624, 
        434.64544313651135
      ], 
      "quaternion_xyzw": [
        0.8854310380275658, 
        0.22321734514947192, 
        0.16432344497752713, 
        0.37307331605539235
      ], 
      "visibility": 0.8950979228304788
    }, 
    {
      "bounding_box": {
        "bottom_right": [
          484, 
          265
        ], 
        "top_left": [
          354, 
          133
        ]
      }, 
      "class": "004_sugar_box", 
      "cuboid": [
        [
          -38.076364277245155, 
          26.888765020874693, 
          71.62307495936257
        ], 
        [
          -46.50170527429188, 
          23.053061360468995, 
          71.18575532440522
        ], 
        [
          -42.30733527016927, 
          12.31941176645028, 
          84.52168411422667
        ], 
        [
          -33.881994273122544, 
          16.155115426855982, 
          84.959003749184
        ], 
        [
          -39.61946251618485, 
          29.942688074120806, 
          74.56640387408294
        ], 
        [
          -48.04480351323158, 
          26.1069844137151, 
          74.1290842391256
        ], 
        [
          -43.85043350910897, 
          15.373334819696389, 
          87.46501302894704
        ], 
        [
          -35.42509251206224, 
          19.209038480102087, 
          87.90233266390437
        ]
      ], 
      "cuboid_centroid": [
        -40.96339889317706, 
        21.13104992028554, 
        79.5440439941548
      ], 
      "location": [
        -40.96339889317706, 
        21.13104992028554, 
        79.5440439941548
      ], 
      "pose_transform_permuted": [
        [
          0.3418926335653095, 
          -0.6766346879493318, 
          -0.6521311791491194, 
          0.0
        ], 
        [
          0.9091080655919547, 
          0.4138786947754048, 
          0.04718750345188501, 
          0.0
        ], 
        [
          -0.23797439669790638, 
          0.6089910484751462, 
          -0.75663558652305, 
          0.0
        ], 
        [
          -40.96339889317706, 
          21.13104992028554, 
          79.5440439941548, 
          1.0
        ]
      ], 
      "projected_cuboid": [
        [
          195.71017231704926, 
          473.50560091689493
        ], 
        [
          130.30566605779816, 
          445.9987473210063
        ], 
        [
          212.4192499752004, 
          351.0202416700379
        ], 
        [
          267.134604049574, 
          374.6982665248661
        ], 
        [
          195.866227325127, 
          487.4449403321765
        ], 
        [
          133.05955729064058, 
          461.1124930473865
        ], 
        [
          211.99000576256623, 
          367.025739909839
        ], 
        [
          264.8754019515339, 
          389.83129947822874
        ]
      ], 
      "projected_cuboid_centroid": [
        204.66065919778833, 
        414.9640561157091
      ], 
      "quaternion_xyzw": [
        0.8902570265401195, 
        0.18305193669929865, 
        0.1092606195227993, 
        0.40248777368335414
      ], 
      "visibility": 0.38213879408418655
    }, 
    {
      "bounding_box": {
        "bottom_right": [
          370, 
          220
        ], 
        "top_left": [
          279, 
          108
        ]
      }, 
      "class": "024_bowl", 
      "cuboid": [
        [
          -52.02323848486441, 
          1.073217360503692, 
          70.2984830859969
        ], 
        [
          -49.92787375359951, 
          14.032533012232829, 
          79.64748976411965
        ], 
        [
          -48.56826000914903, 
          10.771195128820294, 
          83.86353343024047
        ], 
        [
          -50.66362474041392, 
          -2.188120522908843, 
          74.51452675211773
        ], 
        [
          -36.519367458876886, 
          1.779298444144159, 
          65.84489848411852
        ], 
        [
          -34.424002727612, 
          14.738614095873295, 
          75.19390516224126
        ], 
        [
          -33.064388983161514, 
          11.47727621246076, 
          79.40994882836208
        ], 
        [
          -35.15975371442641, 
          -1.4820394392683762, 
          70.06094215023934
        ]
      ], 
      "cuboid_centroid": [
        -42.54381373401296, 
        6.275246786482226, 
        74.85421595717949
      ], 
      "location": [
        -42.54381373401296, 
        6.275246786482226, 
        74.85421595717949
      ],