{
  "camera_data": {
    "location_worldframe": [
      -23.399419872032055, 
      15.460409509619394, 
      75.54313199452675
    ], 
    "quaternion_xyzw_worldframe": [
      0.9221053612301765, 
      0.03199872879351481, 
      -0.11901317852526005, 
      -0.36678938547160583
    ]
  }, 
  "objects": [
    {
      "bounding_box": {
        "bottom_right": [
          539, 
          330
        ], 
        "top_left": [
          390, 
          124
        ]
      }, 
      "class": "003_cracker_box", 
      "cuboid": [
        [
          -26.840308513848903, 
          38.472342757508734, 
          63.15256909312031
        ], 
        [
          -40.89736263710312, 
          30.495398872130725, 
          60.35154940154581
        ], 
        [
          -35.000792007695495, 
          15.275327335234312, 
          74.10412822773542
        ], 
        [
          -20.943737884441283, 
          23.25227122061232, 
          76.90514791930991
        ], 
        [
          -29.964344258648484, 
          42.098181093522236, 
          68.50477373805423
        ], 
        [
          -44.0213983819027, 
          34.12123720814422, 
          65.70375404647973
        ], 
        [
          -38.12482775249508, 
          18.90116567124781, 
          79.45633287266932
        ], 
        [
          -24.067773629240858, 
          26.878109556625823, 
          82.25735256424383
        ]
      ], 
      "cuboid_centroid": [
        -32.48256813317199, 
        28.686754214378276, 
        71.30445098289482
      ], 
      "location": [
        -32.48256813317199, 
        28.686754214378276, 
        71.30445098289482
      ], 
      "pose_transform_permuted": [
        [
          0.4351024818231014, 
          -0.5049914237745156, 
          -0.7454324196233789, 
          0.0
        ], 
        [
          0.8569492995198266, 
          0.4862922497805072, 
          0.17075639330897957, 
          0.0
        ], 
        [
          -0.2762674942222775, 
          0.7130943203515228, 
          -0.6443390116379293, 
          0.0
        ], 
        [
          -32.48256813317199, 
          28.686754214378276, 
          71.30445098289482, 
          1.0
        ]
      ], 
      "projected_cuboid": [
        [
          253.04338785766376, 
          598.1831193508726
        ], 
        [
          117.1800778423694, 
          542.770810985137
        ], 
        [
          227.60087499525886, 
          383.22145526693237
        ], 
        [
          335.1466826498281, 
          434.53571220018307
        ], 
        [
          246.3762913226771, 
          601.0269736904982
        ], 
        [
          121.29613335922186, 
          550.249768914299
        ], 
        [
          223.56652817218344, 
          400.1532260450873
        ], 
        [
          324.25207508669126, 
          447.5520806752944
        ]
      ], 
      "projected_cuboid_centroid": [
        236.6199869133641, 
        487.8482881843143
      ], 
      "quaternion_xyzw": [
        0.9104224348475174, 
        0.20939723001512545, 
        0.16636751576578668, 
        0.31560361196638925
      ], 
      "visibility": 0.650855264277234
    }, 
    {
      "bounding_box": {
        "bottom_right": [
          538, 
          241
        ], 
        "top_left": [
          392, 
          101
        ]
      }, 
      "class": "004_sugar_box", 
      "cuboid": [
        [
          -39.88437912336765, 
          33.344335319487215, 
          68.43735327558775
        ], 
        [
          -48.37841771273105, 
          29.711843307479143, 
          67.69806160433185
        ], 
        [
          -44.10927237759217, 
          17.328840564933873, 
          79.49156028841318
        ], 
        [
          -35.61523378822877, 
          20.961332576941942, 
          80.23085195966908
        ], 
        [
          -41.32103566380609, 
          36.02504264309793, 
          71.77211106594541
        ], 
        [
          -49.81507425316949, 
          32.39255063108986, 
          71.03281939468951
        ], 
        [
          -45.54592891803061, 
          20.009547888544592, 
          82.82631807877084
        ], 
        [
          -37.05189032866721, 
          23.64203990055266, 
          83.56560975002674
        ]
      ], 
      "cuboid_centroid": [
        -42.71515402069913, 
        26.6769416040159, 
        75.6318356771793
      ], 
      "location": [
        -42.71515402069913, 
        26.6769416040159, 
        75.6318356771793
      ], 
      "pose_transform_permuted": [
        [
          0.31830914956965534, 
          -0.5939440947822248, 
          -0.7388571216510671, 
          0.0
        ], 
        [
          0.9165206480955851, 
          0.3919518257447888, 
          0.07977077977013378, 
          0.0
        ], 
        [
          -0.2422168965891876, 
          0.702569779029821, 
          -0.6691233085167199, 
          0.0
        ], 
        [
          -42.71515402069913, 
          26.6769416040159, 
          75.6318356771793, 
          1.0
        ]
      ], 
      "projected_cuboid": [
        [
          168.19535293729282, 
          533.1327500653156
        ], 
        [
          97.299916873321, 
          507.35391764444773
        ], 
        [
          183.19583692624792, 
          389.54806302130623
        ], 
        [
          242.8785368887754, 
          412.62307597888787
        ], 
        [
          171.99260255155446, 
          540.9791060387776
        ], 
        [
          104.46499539775708, 
          516.4921681061857
        ], 
        [
          185.88234582076356, 
          402.128239349987
        ], 
        [
          243.15958900625816, 
          424.17112917625144
        ]
      ], 
      "projected_cuboid_centroid": [
        177.8800874495964, 
        461.3995891740776
      ], 
      "quaternion_xyzw": [
        0.9162351702451277, 
        0.17303655844282648, 
        0.10861838266732533, 
        0.3446351559941281
      ], 
      "visibility": 0.40954764690615014
    }, 
    {
      "bounding_box": {
        "bottom_right": [
          420, 
          184
        ], 
        "top_left": [
          332, 
          56
        ]
      }, 
      "class": "024_bowl", 
      "cuboid": [
        [
          -54.2764041019312, 
          8.097169752975327, 
          64.17553285596071
        ], 
        [
          -51.79156245830524, 
          19.74735255234617, 
          75.03081471011402
        ], 
        [
          -50.40614666046261, 
          15.963056429010585, 
          78.77509360417537
        ], 
        [
          -52.89098830408857, 
          4.312873629639741, 
          67.91981175002205
        ], 
        [
          -38.85015062682802, 
          9.141685933523187, 
          59.523364247273
        ], 
        [
          -36.365308983202056, 
          20.79186873289403, 
          70.37864610142631
        ], 
        [
          -34.97989318535944, 
          17.007572609558444, 
          74.12292499548767
        ], 
        [
          -37.46473482898539, 
          5.357389810187599, 
          63.267643141334354
        ]
      ], 
      "cuboid_centroid": [
        -44.62814864364532, 
        12.552371181266885, 
        69.14922892572419
      ], 
      "location": [
        -44.62814864364532, 
        12.552371181266885, 
        69.14922892572419
      ],