{
  "camera_data": {
    "location_worldframe": [
      -8.711392863254545, 
      -13.136291862669141, 
      68.45343525136923
    ], 
    "quaternion_xyzw_worldframe": [
      -0.8290581917210652, 
      -0.06545341686016212, 
      -0.18625491470748945, 
      0.5231540605394038
    ]
  }, 
  "objects": [
    {
      "bounding_box": {
        "bottom_right": [
          386, 
          450
        ], 
        "top_left": [
          199, 
          299
        ]
      }, 
      "class": "003_cracker_box", 
      "cuboid": [
        [
          -2.939145097262412, 
          12.528033297777426, 
          66.7393493029589
        ], 
        [
          -13.598996381309378, 
          10.192050000533388, 
          54.49235504623798
        ], 
        [
          -17.518485313904463, 
          -9.52467572090756, 
          61.66465457143414
        ], 
        [
          -6.858634029857498, 
          -7.188692423663522, 
          73.91164882815507
        ], 
        [
          -8.234728500448018, 
          15.080364132420204, 
          70.86182444119558
        ], 
        [
          -18.894579784494987, 
          12.744380835176166, 
          58.61483018447466
        ], 
        [
          -22.81406871709007, 
          -6.972344886264784, 
          65.78712970967082
        ], 
        [
          -12.154217433043103, 
          -4.636361589020745, 
          78.03412396639175
        ]
      ], 
      "cuboid_centroid": [
        -12.87660690717624, 
        2.7778442057563217, 
        66.26323950631486
      ], 
      "location": [
        -12.87660690717624, 
        2.7778442057563217, 
        66.26323950631486
      ], 
      "pose_transform_permuted": [
        [
          0.7375464526175272, 
          -0.35547784062180954, 
          -0.5741608964899623, 
          0.0
        ], 
        [
          0.6498482548870506, 
          0.14240673989806565, 
          0.7466040222580239, 
          0.0
        ], 
        [
          0.1836368041857536, 
          0.9237726047347692, 
          -0.3360382402197452, 
          0.0
        ], 
        [
          -12.87660690717624, 
          2.7778442057563217, 
          66.26323950631486, 
          1.0
        ]
      ], 
      "projected_cuboid": [
        [
          457.9143917531437, 
          373.39907378089146
        ], 
        [
          347.39382304821055, 
          373.03667455255044
        ], 
        [
          328.82217537959934, 
          190.91040013361393
        ], 
        [
          431.69523832497816, 
          221.41554730921305
        ], 
        [
          419.10445451485344, 
          386.78422981472414
        ], 
        [
          308.2480189030434, 
          389.24401586543263
        ], 
        [
          295.10792889397266, 
          216.76350551477373
        ], 
        [
          397.8375486796351, 
          241.59960021107995
        ]
      ], 
      "projected_cuboid_centroid": [
        377.09605288617445, 
        295.644012879522
      ], 
      "quaternion_xyzw": [
        0.8870994527266634, 
        -0.011619346669913884, 
        0.41825932546619815, 
        0.19488121616918289
      ], 
      "visibility": 0.867662708040693
    }, 
    {
      "bounding_box": {
        "bottom_right": [
          371, 
          330
        ], 
        "top_left": [
          219, 
          231
        ]
      }, 
      "class": "004_sugar_box", 
      "cuboid": [
        [
          -17.053882363438426, 
          10.012263082414458, 
          62.40147433523976
        ], 
        [
          -23.93774895526529, 
          9.386879284720425, 
          56.228021670676995
        ], 
        [
          -27.900324538132942, 
          -6.687436658869802, 
          62.27494913192141
        ], 
        [
          -21.016457946306076, 
          -6.06205286117577, 
          68.44840179648418
        ], 
        [
          -19.900302230228878, 
          11.83836641283206, 
          65.39045808544218
        ], 
        [
          -26.784168822055744, 
          11.212982615138028, 
          59.21700542087942
        ], 
        [
          -30.746744404923398, 
          -4.8613333284522, 
          65.26393288212383
        ], 
        [
          -23.862877813096535, 
          -4.235949530758168, 
          71.4373855466866
        ]
      ], 
      "cuboid_centroid": [
        -23.90031338418091, 
        2.575464876981129, 
        63.8327036086818
      ], 
      "location": [
        -23.90031338418091, 
        2.575464876981129, 
        63.8327036086818
      ], 
      "pose_transform_permuted": [
        [
          0.6306597726132455, 
          -0.40459593630788704, 
          -0.6622465765645658, 
          0.0
        ], 
        [
          0.742780457584142, 
          0.06747993401969818, 
          0.6661256335941061, 
          0.0
        ], 
        [
          0.22482316361597254, 
          0.9120024306981961, 
          -0.34308225384294855, 
          0.0
        ], 
        [
          -23.90031338418091, 
          2.575464876981129, 
          63.8327036086818, 
          1.0
        ]
      ], 
      "projected_cuboid": [
        [
          334.6299598001265, 
          358.85720807532493
        ], 
        [
          252.6567707674063, 
          362.3205533826155
        ], 
        [
          240.6688815783254, 
          216.0156613110004
        ], 
        [
          316.48152850453033, 
          226.05371120636553
        ], 
        [
          317.9391471881459, 
          369.8393505105843
        ], 
        [
          238.3635226281449, 
          374.2727863049983
        ], 
        [
          228.24897810693577, 
          233.56100888914452
        ], 
        [
          301.962876844138, 
          241.662832539394
        ]
      ], 
      "projected_cuboid_centroid": [
        280.24685477201245, 
        294.8044398877033
      ], 
      "quaternion_xyzw": [
        0.9106356934645852, 
        -0.043195986805011355, 
        0.35601103040273696, 
        0.20526270700696866
      ], 
      "visibility": 0.6227916600350151
    }, 
    {
      "bounding_box": {
        "bottom_right": [
          254, 
          333
        ], 
        "top_left": [
          143, 
          147
        ]
      }, 
      "class": "024_bowl", 
      "cuboid": [
        [
          -28.463739796637853, 
          -7.453065149512643, 
          41.72569719185149
        ], 
        [
          -31.588556826611924, 
          -0.9166759940150426, 
          56.121859066561065
        ], 
        [
          -32.8108267919204, 
          -5.895175661741933, 
          58.11697703522006
        ], 
        [
          -29.68600976194633, 
          -12.431564817239533, 
          43.72081516051048
        ], 
        [
          -13.035479303957473, 
          -9.522307726703213, 
          46.01405310291556
        ], 
        [
          -16.160296333931544, 
          -2.9859185712056133, 
          60.410214977625145
        ], 
        [
          -17.38256629924002, 
          -7.964418238932504, 
          62.40533294628414
        ], 
        [
          -14.257749269265949, 
          -14.500807394430105, 
          48.00917107157456
        ]
      ], 
      "cuboid_centroid": [
        -22.92315304793894, 
        -7.7087416942225735, 
        52.065515069067814
      ], 
      "location": [
        -22.92315304793894, 
        -7.7087416942225735, 
        52.065515069067814
      ],