{
  "camera_data": {
    "location_worldframe": [
      -8.397018964529245, 
      -5.697785787948907, 
      76.8435721958834
    ], 
    "quaternion_xyzw_worldframe": [
      -0.8224512717372545, 
      -0.09406034463883403, 
      -0.20178463896035087, 
      0.5234617210489464
    ]
  }, 
  "objects": [
    {
      "bounding_box": {
        "bottom_right": [
          430, 
          450
        ], 
        "top_left": [
          261, 
          320
        ]
      }, 
      "class": "003_cracker_box", 
      "cuboid": [
        [
          -3.362114402691238, 
          20.1385736495037, 
          75.4126612675208
        ], 
        [
          -13.21202780614667, 
          17.457478109775508, 
          62.57252698713126
        ], 
        [
          -16.906332088493293, 
          -2.373269424530347, 
          69.5472753873571
        ], 
        [
          -7.056418685037863, 
          0.30782611519784564, 
          82.38740966774667
        ], 
        [
          -8.967453896588593, 
          22.520248703008917, 
          79.21531700168978
        ], 
        [
          -18.817367300044026, 
          19.839153163280727, 
          66.37518272130023
        ], 
        [
          -22.51167158239065, 
          0.008405628974869628, 
          73.3499311215261
        ], 
        [
          -12.661758178935218, 
          2.689501168703062, 
          86.19006540191563
        ]
      ], 
      "cuboid_centroid": [
        -12.936892992540944, 
        10.073489639239286, 
        74.38129619452344
      ], 
      "location": [
        -12.936892992540944, 
        10.073489639239286, 
        74.38129619452344
      ], 
      "pose_transform_permuted": [
        [
          0.7806879704611873, 
          -0.3317096254104383, 
          -0.5296178029364752, 
          0.0
        ], 
        [
          0.6004726393888291, 
          0.16344555015371312, 
          0.7827631579733191, 
          0.0
        ], 
        [
          0.1730864007442684, 
          0.9291147811465582, 
          -0.32678252911130024, 
          0.0
        ], 
        [
          -12.936892992540944, 
          10.073489639239286, 
          74.38129619452344, 
          1.0
        ]
      ], 
      "projected_cuboid": [
        [
          457.62199490794484, 
          415.70686268413107
        ], 
        [
          368.04958271144494, 
          422.0805119029241
        ], 
        [
          350.87135742112423, 
          255.0872475966758
        ], 
        [
          435.53799189169047, 
          275.2791931226586
        ], 
        [
          420.7202813895195, 
          424.90481214605217
        ], 
        [
          329.140945755234, 
          432.6926361903972
        ], 
        [
          316.5530564764161, 
          273.3476544197553
        ], 
        [
          402.59680475689873, 
          289.92840541177543
        ]
      ], 
      "projected_cuboid_centroid": [
        388.0655509715639, 
        345.5142292202107
      ], 
      "quaternion_xyzw": [
        0.8745291909753303, 
        -0.0027560116603435477, 
        0.44694080671305175, 
        0.18824190241933106
      ], 
      "visibility": 0.8234841827768014
    }, 
    {
      "bounding_box": {
        "bottom_right": [
          415, 
          346
        ], 
        "top_left": [
          277, 
          258
        ]
      }, 
      "class": "004_sugar_box", 
      "cuboid": [
        [
          -17.112995484213997, 
          17.168711638949436, 
          70.2681003990425
        ], 
        [
          -23.602990327090062, 
          16.320465046163328, 
          63.70679819541294
        ], 
        [
          -27.391881401319907, 
          0.12855437158777044, 
          69.54780009235128
        ], 
        [
          -20.901886558443838, 
          0.9768009643738764, 
          76.10910229598083
        ], 
        [
          -20.185407375091394, 
          18.903055849833507, 
          73.08290387732724
        ], 
        [
          -26.67540221796746, 
          18.0548092570474, 
          66.52160167369769
        ], 
        [
          -30.464293292197297, 
          1.8628985824718378, 
          72.36260357063603
        ], 
        [
          -23.974298449321235, 
          2.711145175257944, 
          78.92390577426558
        ]
      ], 
      "cuboid_centroid": [
        -23.788644388205647, 
        9.515805110710637, 
        71.31535198483925
      ], 
      "location": [
        -23.788644388205647, 
        9.515805110710637, 
        71.31535198483925
      ], 
      "pose_transform_permuted": [
        [
          0.6807311201983027, 
          -0.3842655605487194, 
          -0.623654767969167, 
          0.0
        ], 
        [
          0.700281052052011, 
          0.09152719390028817, 
          0.7079752328358863, 
          0.0
        ], 
        [
          0.2149688908364537, 
          0.9186743588145952, 
          -0.33139873238865414, 
          0.0
        ], 
        [
          -23.788644388205647, 
          9.515805110710637, 
          71.31535198483925, 
          1.0
        ]
      ], 
      "projected_cuboid": [
        [
          350.63076780401747, 
          403.5933213279631
        ], 
        [
          282.3586946956003, 
          409.91283002770206
        ], 
        [
          269.7949965883828, 
          274.27234290666627
        ], 
        [
          333.9106274459463, 
          280.1312788527063
        ], 
        [
          333.0673145970556, 
          411.2308359175995
        ], 
        [
          265.9517582093644, 
          418.0362599504765
        ], 
        [
          255.20111383152656, 
          287.01628575818825
        ], 
        [
          318.24333068572685, 
          291.6068022993283
        ]
      ], 
      "projected_cuboid_centroid": [
        302.2152581900261, 
        344.44884839477976
      ], 
      "quaternion_xyzw": [
        0.9003624518542205, 
        -0.03427555666108349, 
        0.3855964756677341, 
        0.19871560932586746
      ], 
      "visibility": 0.6109455701231625
    }, 
    {
      "bounding_box": {
        "bottom_right": [
          312, 
          361
        ], 
        "top_left": [
          226, 
          204
        ]
      }, 
      "class": "024_bowl", 
      "cuboid": [
        [
          -26.735764650959755, 
          -0.6603103385526637, 
          49.00218149695262
        ], 
        [
          -30.899856476160913, 
          5.7759857589107, 
          63.17866812809064
        ], 
        [
          -32.075457519800295, 
          0.7612643504270821, 
          65.11010021336003
        ], 
        [
          -27.911365694599134, 
          -5.675031747036282, 
          50.933613582222
        ], 
        [
          -11.524189078282278, 
          -2.2308224930174156, 
          54.1833438436292
        ], 
        [
          -15.688280903483436, 
          4.205473604445949, 
          68.35983047476722
        ], 
        [
          -16.863881947122813, 
          -0.80924780403767, 
          70.2912625600366
        ], 
        [
          -12.699790121921655, 
          -7.2455439015010334, 
          56.11477592889859
        ]
      ], 
      "cuboid_centroid": [
        -21.799823299041286, 
        -0.7347790712951668, 
        59.646722028494615
      ], 
      "location": [
        -21.799823299041286, 
        -0.7347790712951668, 
        59.646722028494615
      ],