{
  "camera_data": {
    "location_worldframe": [
      -10.707838328152716, 
      -16.515072086052754, 
      64.46445959728696
    ], 
    "quaternion_xyzw_worldframe": [
      -0.840066446647453, 
      -0.042465412920519065, 
      -0.1707075112686899, 
      0.513173236238752
    ]
  }, 
  "objects": [
    {
      "bounding_box": {
        "bottom_right": [
          365, 
          435
        ], 
        "top_left": [
          164, 
          271
        ]
      }, 
      "class": "003_cracker_box", 
      "cuboid": [
        [
          -4.358162186614151, 
          8.939195897913288, 
          61.88041686124104
        ], 
        [
          -15.708857844721793, 
          6.643423592102395, 
          50.2627900259513
        ], 
        [
          -19.76317028815686, 
          -12.804202265025125, 
          58.06701620659142
        ], 
        [
          -8.412474630049218, 
          -10.508429959214231, 
          69.68464304188116
        ], 
        [
          -9.358989136176914, 
          11.721771676648634, 
          66.21647490871513
        ], 
        [
          -20.70968479428456, 
          9.425999370837742, 
          54.59884807342539
        ], 
        [
          -24.763997237719625, 
          -10.021626486289778, 
          62.4030742540655
        ], 
        [
          -13.413301579611984, 
          -7.725854180478884, 
          74.02070108935524
        ]
      ], 
      "cuboid_centroid": [
        -14.561079712166888, 
        -0.5412152941882451, 
        62.14174555765327
      ], 
      "location": [
        -14.561079712166888, 
        -0.5412152941882451, 
        62.14174555765327
      ], 
      "pose_transform_permuted": [
        [
          0.6964940207693437, 
          -0.38754538234845703, 
          -0.6039078204932781, 
          0.0
        ], 
        [
          0.6919636652168116, 
          0.13995538838163177, 
          0.7082363837608624, 
          0.0
        ], 
        [
          0.18995358657385053, 
          0.911164675502368, 
          -0.3656454143899468, 
          0.0
        ], 
        [
          -14.561079712166888, 
          -0.5412152941882451, 
          62.14174555765327, 
          1.0
        ]
      ], 
      "projected_cuboid": [
        [
          443.72300608980856, 
          350.32946160702625
        ], 
        [
          313.5272403943684, 
          343.7774100388772
        ], 
        [
          298.56851772335017, 
          155.68566469862532
        ], 
        [
          416.67708158268226, 
          192.86205360453985
        ], 
        [
          405.5898879993645, 
          367.69582801440254
        ], 
        [
          277.619811413455, 
          365.35936062901527
        ], 
        [
          268.19113019111495, 
          187.63803870070046
        ], 
        [
          384.1487763493951, 
          217.6217135399577
        ]
      ], 
      "projected_cuboid_centroid": [
        355.5879803726839, 
        268.64166177926086
      ], 
      "quaternion_xyzw": [
        0.8954099844781241, 
        -0.013959582498222711, 
        0.3922031328891568, 
        0.21029215940041968
      ], 
      "visibility": 0.90268689453482
    }, 
    {
      "bounding_box": {
        "bottom_right": [
          348, 
          304
        ], 
        "top_left": [
          189, 
          201
        ]
      }, 
      "class": "004_sugar_box", 
      "cuboid": [
        [
          -18.744177960902697, 
          6.723636313321841, 
          58.343832164560375
        ], 
        [
          -25.959052353289657, 
          6.159818884280015, 
          52.55436419600983
        ], 
        [
          -30.019640789755414, 
          -9.66981187292737, 
          59.15628676947009
        ], 
        [
          -22.80476639736846, 
          -9.105994443885544, 
          64.94575473802064
        ], 
        [
          -21.379269275395888, 
          8.689322101238785, 
          61.436267521663204
        ], 
        [
          -28.594143667782845, 
          8.125504672196957, 
          55.64679955311266
        ], 
        [
          -32.65473210424861, 
          -7.704126085010428, 
          62.24872212657292
        ], 
        [
          -25.439857711861645, 
          -7.140308655968601, 
          68.03819009512347
        ]
      ], 
      "cuboid_centroid": [
        -25.699455032575653, 
        -0.49024488584429315, 
        60.29627714556665
      ], 
      "location": [
        -25.699455032575653, 
        -0.49024488584429315, 
        60.29627714556665
      ], 
      "pose_transform_permuted": [
        [
          0.5838372998314076, 
          -0.4355221682156874, 
          -0.6851675685255473, 
          0.0
        ], 
        [
          0.7784967403278931, 
          0.06083682220611755, 
          0.6246930572353638, 
          0.0
        ], 
        [
          0.23038408210449982, 
          0.898119819113348, 
          -0.3745708032246285, 
          0.0
        ], 
        [
          -25.699455032575653, 
          -0.49024488584429315, 
          60.29627714556665, 
          1.0
        ]
      ], 
      "projected_cuboid": [
        [
          308.82911613867606, 
          334.7471377223162
        ], 
        [
          215.97033179373, 
          335.7961333315278
        ], 
        [
          208.7015997161541, 
          186.10898984508847
        ], 
        [
          292.7689793683832, 
          198.5102084005157
        ], 
        [
          294.46002110807484, 
          348.71731898450344
        ], 
        [
          205.26668336827436, 
          351.16147058551303
        ], 
        [
          199.49425095845723, 
          207.2809852248471
        ], 
        [
          280.52411173755587, 
          217.3169945413397
        ]
      ], 
      "projected_cuboid_centroid": [
        252.3915053644744, 
        268.95033000064967
      ], 
      "quaternion_xyzw": [
        0.9167584370987252, 
        -0.04623553300336952, 
        0.3295661943650663, 
        0.22091233051642958
      ], 
      "visibility": 0.6025395474214372
    }, 
    {
      "bounding_box": {
        "bottom_right": [
          221, 
          294
        ], 
        "top_left": [
          94, 
          87
        ]
      }, 
      "class": "024_bowl", 
      "cuboid": [
        [
          -31.689173541944708, 
          -10.847310550164249, 
          38.68676355265755
        ], 
        [
          -33.87435499497775, 
          -3.9289567860156804, 
          53.0777226797337
        ], 
        [
          -35.120532028251844, 
          -8.829258141227232, 
          55.24428399859129
        ], 
        [
          -32.935350575218806, 
          -15.747611905375802, 
          40.85332487151516
        ], 
        [
          -16.115773507995762, 
          -13.251251987241872, 
          42.20716978531296
        ], 
        [
          -18.300954961028804, 
          -6.332898223093303, 
          56.5981289123891
        ], 
        [
          -19.547131994302894, 
          -11.233199578304855, 
          58.76469023124671
        ], 
        [
          -17.361950541269856, 
          -18.151553342453425, 
          44.37373110417057
        ]
      ], 
      "cuboid_centroid": [
        -25.618152768123803, 
        -11.040255064234552, 
        48.72572689195213
      ], 
      "location": [
        -25.618152768123803, 
        -11.040255064234552, 
        48.72572689195213
      ],