{
  "camera_data": {
    "location_worldframe": [
      -12.98632250482172, 
      -18.092002956364382, 
      62.679691650036695
    ], 
    "quaternion_xyzw_worldframe": [
      -0.8497737126185306, 
      -0.028659562719525942, 
      -0.15872579833560588, 
      0.5018673274367222
    ]
  }, 
  "objects": [
    {
      "bounding_box": {
        "bottom_right": [
          355, 
          415
        ], 
        "top_left": [
          147, 
          246
        ]
      }, 
      "class": "003_cracker_box", 
      "cuboid": [
        [
          -6.352100470794116, 
          7.184639359096182, 
          59.21663648811294
        ], 
        [
          -18.156522140463334, 
          4.781891368179715, 
          48.08287940328542
        ], 
        [
          -22.214081462807133, 
          -14.397254941442258, 
          56.523857209568895
        ], 
        [
          -10.409659793137914, 
          -11.994506950525793, 
          67.65761429439642
        ], 
        [
          -11.147143830987638, 
          10.154487884090718, 
          63.6596035651229
        ], 
        [
          -22.951565500656855, 
          7.751739893174252, 
          52.52584648029538
        ], 
        [
          -27.009124823000658, 
          -11.427406416447722, 
          60.966824286578856
        ], 
        [
          -15.204703153331437, 
          -9.024658425531255, 
          72.10058137140638
        ]
      ], 
      "cuboid_centroid": [
        -16.680612646897387, 
        -2.12138352867577, 
        60.0917303873459
      ], 
      "location": [
        -16.680612646897387, 
        -2.12138352867577, 
        60.0917303873459
      ], 
      "pose_transform_permuted": [
        [
          0.6678333530410467, 
          -0.413627938161348, 
          -0.6187976578319805, 
          0.0
        ], 
        [
          0.719623812525941, 
          0.14647686419107764, 
          0.6787386070516236, 
          0.0
        ], 
        [
          0.19010571009725657, 
          0.8985858094968676, 
          -0.39547864918257886, 
          0.0
        ], 
        [
          -16.680612646897387, 
          -2.12138352867577, 
          60.0917303873459, 
          1.0
        ]
      ], 
      "projected_cuboid": [
        [
          423.91174158126483, 
          337.9931659743533
        ], 
        [
          278.5326017230126, 
          326.3257141475999
        ], 
        [
          270.25385422599993, 
          137.4441099654146
        ], 
        [
          398.85781598673344, 
          178.7383409468315
        ], 
        [
          387.4316562201187, 
          358.357555430038
        ], 
        [
          246.6170182080083, 
          351.99359299728775
        ], 
        [
          243.36036163135614, 
          173.32299718587524
        ], 
        [
          368.19240437019306, 
          206.53219317285044
        ]
      ], 
      "projected_cuboid_centroid": [
        332.32139973929145, 
        254.45906584896792
      ], 
      "quaternion_xyzw": [
        0.8995842483968344, 
        -0.012124724833702543, 
        0.37422063650303483, 
        0.22485570106019828
      ], 
      "visibility": 0.9201304815711595
    }, 
    {
      "bounding_box": {
        "bottom_right": [
          335, 
          278
        ], 
        "top_left": [
          175, 
          176
        ]
      }, 
      "class": "004_sugar_box", 
      "cuboid": [
        [
          -20.890495595791155, 
          5.112528938206662, 
          56.264482267509585
        ], 
        [
          -28.321472119104534, 
          4.5201498864151075, 
          50.758129852430336
        ], 
        [
          -32.374904400701595, 
          -11.072515363112215, 
          57.9058180927315
        ], 
        [
          -24.943927877388223, 
          -10.48013631132066, 
          63.41217050781075
        ], 
        [
          -23.379845671392747, 
          7.196840968361223, 
          59.39969563384546
        ], 
        [
          -30.810822194706127, 
          6.604461916569669, 
          53.89334321876621
        ], 
        [
          -34.86425447630319, 
          -8.988203332957653, 
          61.041031459067376
        ], 
        [
          -27.433277952989815, 
          -8.3958242811661, 
          66.54738387414663
        ]
      ], 
      "cuboid_centroid": [
        -27.877375036047177, 
        -1.9378371973754958, 
        58.65275686328848
      ], 
      "location": [
        -27.877375036047177, 
        -1.9378371973754958, 
        58.65275686328848
      ], 
      "pose_transform_permuted": [
        [
          0.5515465132007668, 
          -0.4618052896302024, 
          -0.6946455692556992, 
          0.0
        ], 
        [
          0.8018145134940687, 
          0.06391866798746612, 
          0.5941444262368679, 
          0.0
        ], 
        [
          0.2299780660315542, 
          0.8846751960417188, 
          -0.40553570502805525, 
          0.0
        ], 
        [
          -27.877375036047177, 
          -1.9378371973754958, 
          58.65275686328848, 
          1.0
        ]
      ], 
      "projected_cuboid": [
        [
          281.9301319277861, 
          321.7471598940499
        ], 
        [
          181.54132074983616, 
          320.7801012845478
        ], 
        [
          180.93542160175872, 
          171.30733325533296
        ], 
        [
          270.0612271901244, 
          185.14475251074458
        ], 
        [
          269.9320157654041, 
          337.9033038493136
        ], 
        [
          174.15740129295662, 
          338.6431973765819
        ], 
        [
          174.44725334812742, 
          194.75600302143985
        ], 
        [
          259.91097243743314, 
          206.0012857996552
        ]
      ], 
      "projected_cuboid_centroid": [
        226.00040139538723, 
        255.66611258921114
      ], 
      "quaternion_xyzw": [
        0.9193931801454, 
        -0.04515461981614498, 
        0.31153454370208794, 
        0.23584604861901676
      ], 
      "visibility": 0.6158623017212285
    }, 
    {
      "bounding_box": {
        "bottom_right": [
          204, 
          258
        ], 
        "top_left": [
          67, 
          38
        ]
      }, 
      "class": "024_bowl", 
      "cuboid": [
        [
          -34.81504341827435, 
          -12.733864991529565, 
          37.54749008243039
        ], 
        [
          -36.36372235226045, 
          -5.424141064982097, 
          51.8271214174072
        ], 
        [
          -37.603163493698254, 
          -10.248190092676, 
          54.16212359167487
        ], 
        [
          -36.05448455971216, 
          -17.55791401922347, 
          39.88249225669807
        ], 
        [
          -19.160635921588362, 
          -15.298667267639427, 
          40.558187394579534
        ], 
        [
          -20.709314855574462, 
          -7.98894334109196, 
          54.83781872955633
        ], 
        [
          -21.94875599701227, 
          -12.812992368785864, 
          57.17282090382402
        ], 
        [
          -20.400077063026167, 
          -20.122716295333333, 
          42.89318956884722
        ]
      ], 
      "cuboid_centroid": [
        -28.38189970764331, 
        -12.773428680157714, 
        47.3601554931272
      ], 
      "location": [
        -28.38189970764331, 
        -12.773428680157714, 
        47.3601554931272
      ],