{
  "camera_data": {
    "location_worldframe": [
      -22.813825423981562, 
      -18.955168230245274, 
      66.18536036727701
    ], 
    "quaternion_xyzw_worldframe": [
      0.8987075670696417, 
      0.004613467970096016, 
      0.08924732169413295, 
      -0.4293492617165883
    ]
  }, 
  "objects": [
    {
      "bounding_box": {
        "bottom_right": [
          347, 
          325
        ], 
        "top_left": [
          140, 
          136
        ]
      }, 
      "class": "003_cracker_box", 
      "cuboid": [
        [
          -17.18938182356643, 
          5.314485256490814, 
          57.56765923180743
        ], 
        [
          -30.51215236038722, 
          1.1944256020711814, 
          48.93012431990116
        ], 
        [
          -32.929466392288575, 
          -16.254598683378852, 
          60.98175041364233
        ], 
        [
          -19.60669585546779, 
          -12.134539028959221, 
          69.6192853255486
        ], 
        [
          -21.298495656010605, 
          9.035404133204866, 
          62.13080987142823
        ], 
        [
          -34.62126619283139, 
          4.915344478785233, 
          53.493274959521955
        ], 
        [
          -37.038580224732755, 
          -12.533679806664802, 
          65.54490105326313
        ], 
        [
          -23.715809687911964, 
          -8.41362015224517, 
          74.1824359651694
        ]
      ], 
      "cuboid_centroid": [
        -27.11398102414959, 
        -3.609597275086994, 
        61.55628014253528
      ], 
      "location": [
        -27.11398102414959, 
        -3.609597275086994, 
        61.55628014253528
      ], 
      "pose_transform_permuted": [
        [
          0.5722999903462369, 
          -0.5182338392304715, 
          -0.6355363159774138, 
          0.0
        ], 
        [
          0.812185738141622, 
          0.2511680046101614, 
          0.5265633487240623, 
          0.0
        ], 
        [
          0.11325655746598429, 
          0.8175257312993859, 
          -0.564645579859046, 
          0.0
        ], 
        [
          -27.11398102414959, 
          -3.609597275086994, 
          61.55628014253528, 
          1.0
        ]
      ], 
      "projected_cuboid": [
        [
          321.0237340609277, 
          322.5211099543539
        ], 
        [
          146.25482596880275, 
          286.30531880571493
        ], 
        [
          191.21048570266387, 
          131.13096298346804
        ], 
        [
          330.1480059557461, 
          180.32971909660245
        ], 
        [
          297.2510961238885, 
          350.8448053865353
        ], 
        [
          133.551988208799, 
          322.29175350716196
        ], 
        [
          177.7135419844587, 
          171.30367153909916
        ], 
        [
          309.67619675748193, 
          212.79852172563892
        ]
      ], 
      "projected_cuboid_centroid": [
        244.72565092606348, 
        242.01322338692853
      ], 
      "quaternion_xyzw": [
        0.9034998319615812, 
        0.0381603411161568, 
        0.3040574276269, 
        0.29963464872441836
      ], 
      "visibility": 0.9268190249536276
    }, 
    {
      "bounding_box": {
        "bottom_right": [
          318, 
          203
        ], 
        "top_left": [
          170, 
          79
        ]
      }, 
      "class": "004_sugar_box", 
      "cuboid": [
        [
          -31.972792117233016, 
          2.9207366774201255, 
          57.261331569335724
        ], 
        [
          -40.14541411633271, 
          1.4863720137986598, 
          53.13324610247933
        ], 
        [
          -42.81298313942942, 
          -12.644345883293656, 
          63.324313624856934
        ], 
        [
          -34.64036114032972, 
          -11.209981219672192, 
          67.45239909171332
        ], 
        [
          -33.98848376689668, 
          5.526327178962694, 
          60.34656553163795
        ], 
        [
          -42.161105765996375, 
          4.091962515341228, 
          56.21848006478156
        ], 
        [
          -44.82867478909308, 
          -10.03875538175109, 
          66.40954758715915
        ], 
        [
          -36.65605278999339, 
          -8.604390718129624, 
          70.53763305401554
        ]
      ], 
      "cuboid_centroid": [
        -38.40073345316305, 
        -3.559009352165482, 
        61.835439578247446
      ], 
      "location": [
        -38.40073345316305, 
        -3.559009352165482, 
        61.835439578247446
      ], 
      "pose_transform_permuted": [
        [
          0.44660158969052316, 
          -0.5773010273002847, 
          -0.6835720098167176, 
          0.0
        ], 
        [
          0.8818392726205493, 
          0.15477029180841975, 
          0.4454271696169377, 
          0.0
        ], 
        [
          0.1513488624745815, 
          0.8017292378029683, 
          -0.5782067731177065, 
          0.0
        ], 
        [
          -38.40073345316305, 
          -3.559009352165482, 
          61.835439578247446, 
          1.0
        ]
      ], 
      "projected_cuboid": [
        [
          181.32781794757526, 
          300.48964389363766
        ], 
        [
          75.28349376649807, 
          288.205846719084
        ], 
        [
          118.01978715706889, 
          166.79541490508637
        ], 
        [
          205.42691004249014, 
          184.65362659598378
        ], 
        [
          178.71680690886907, 
          322.1260780876004
        ], 
        [
          78.30040211276234, 
          312.1051567082134
        ], 
        [
          118.58829785021408, 
          192.66763557548373
        ], 
        [
          202.13906388006788, 
          208.23062566126245
        ]
      ], 
      "projected_cuboid_centroid": [
        147.6375654490151, 
        242.5907202247388
      ], 
      "quaternion_xyzw": [
        0.9174884904237538, 
        0.0009322812682527513, 
        0.24306265653955664, 
        0.3148562114071602
      ], 
      "visibility": 0.5979474117911454
    }, 
    {
      "bounding_box": {
        "bottom_right": [
          186, 
          157
        ], 
        "top_left": [
          47, 
          0
        ]
      }, 
      "class": "024_bowl", 
      "cuboid": [
        [
          -48.299075204074086, 
          -17.67488956319064, 
          44.146916823367185
        ], 
        [
          -47.77102066687402, 
          -8.057076617966903, 
          57.068107710518156
        ], 
        [
          -48.563037320589345, 
          -12.40821713380235, 
          60.33922133590796
        ], 
        [
          -49.0910918577894, 
          -22.026030079026086, 
          47.41803044875698
        ], 
        [
          -32.329769960863395, 
          -19.853317789140416, 
          45.11579432169589
        ], 
        [
          -31.801715423663335, 
          -10.23550484391668, 
          58.03698520884686
        ], 
        [
          -32.593732077378654, 
          -14.586645359752124, 
          61.30809883423666
        ], 
        [
          -33.12178661457871, 
          -24.204458304975862, 
          48.38690794708569
        ]
      ], 
      "cuboid_centroid": [
        -40.446403640726366, 
        -16.130767461471383, 
        52.727507828801926
      ], 
      "location": [
        -40.446403640726366, 
        -16.130767461471383, 
        52.727507828801926
      ],