{
  "camera_data": {
    "location_worldframe": [
      -20.72813697650605, 
      -19.830774314190833, 
      63.245455600560895
    ], 
    "quaternion_xyzw_worldframe": [
      0.8856361756310748, 
      0.003933121852166011, 
      0.10882759165981551, 
      -0.4514301467742652
    ]
  }, 
  "objects": [
    {
      "bounding_box": {
        "bottom_right": [
          343, 
          337
        ], 
        "top_left": [
          128, 
          152
        ]
      }, 
      "class": "003_cracker_box", 
      "cuboid": [
        [
          -14.472372319864768, 
          4.7597252487460215, 
          56.09794733309966
        ], 
        [
          -27.51826628973508, 
          1.2840110820372632, 
          46.78117872776243
        ], 
        [
          -30.60785792687862, 
          -16.718190999758647, 
          57.82331126039719
        ], 
        [
          -17.561963957008302, 
          -13.242476833049889, 
          67.14007986573444
        ], 
        [
          -18.699029191834963, 
          8.304254228609441, 
          60.694041711207916
        ], 
        [
          -31.74492316170528, 
          4.828540061900681, 
          51.37727310587067
        ], 
        [
          -34.834514798848815, 
          -13.17366201989523, 
          62.419405638505445
        ], 
        [
          -21.7886208289785, 
          -9.697947853186472, 
          71.73617424384268
        ]
      ], 
      "cuboid_centroid": [
        -24.65344355935679, 
        -4.206968385574604, 
        59.25867648580255
      ], 
      "location": [
        -24.65344355935679, 
        -4.206968385574604, 
        59.25867648580255
      ], 
      "pose_transform_permuted": [
        [
          0.5886708876075556, 
          -0.49366700064163993, 
          -0.6401245805004052, 
          0.0
        ], 
        [
          0.7953067265065203, 
          0.21188726986296047, 
          0.5679709461262112, 
          0.0
        ], 
        [
          0.14475426369131741, 
          0.8434433456655568, 
          -0.5173485534875655, 
          0.0
        ], 
        [
          -24.65344355935679, 
          -4.206968385574604, 
          59.25867648580255, 
          1.0
        ]
      ], 
      "projected_cuboid": [
        [
          342.8625617606232, 
          318.53694029290506
        ], 
        [
          165.26614614657174, 
          287.92465257543233
        ], 
        [
          196.94016694028284, 
          119.09027247850351
        ], 
        [
          340.9330675513929, 
          168.09643039027483
        ], 
        [
          315.9191082326369, 
          346.2561619986041
        ], 
        [
          149.32413219016954, 
          323.4089913049417
        ], 
        [
          181.48609486237336, 
          160.7290429937869
        ], 
        [
          318.2605599646985, 
          201.18755080801705
        ]
      ], 
      "projected_cuboid_centroid": [
        257.87059311410746, 
        235.42442632346774
      ], 
      "quaternion_xyzw": [
        0.9053831582087887, 
        0.018537181071619193, 
        0.3193791002314613, 
        0.27916787079665806
      ], 
      "visibility": 0.9151690821256039
    }, 
    {
      "bounding_box": {
        "bottom_right": [
          316, 
          208
        ], 
        "top_left": [
          161, 
          89
        ]
      }, 
      "class": "004_sugar_box", 
      "cuboid": [
        [
          -29.264191269705776, 
          2.6053611660220106, 
          55.13153496942347
        ], 
        [
          -37.29612781163958, 
          1.5051056062834758, 
          50.640691503024506
        ], 
        [
          -40.52356934247152, 
          -13.084972987879137, 
          59.98757321871284
        ], 
        [
          -32.49163280053772, 
          -11.984717428140602, 
          64.47841668511181
        ], 
        [
          -31.358774662314758, 
          5.0801966485265995, 
          58.2713905451369
        ], 
        [
          -39.39071120424856, 
          3.979941088788065, 
          53.78054707873794
        ], 
        [
          -42.61815273508051, 
          -10.610137505374547, 
          63.12742879442628
        ], 
        [
          -34.586216193146704, 
          -9.509881945636014, 
          67.61827226082524
        ]
      ], 
      "cuboid_centroid": [
        -35.94117200239314, 
        -4.002388169676268, 
        59.129481881924875
      ], 
      "location": [
        -35.94117200239314, 
        -4.002388169676268, 
        59.129481881924875
      ], 
      "pose_transform_permuted": [
        [
          0.46408103790806804, 
          -0.5483306243261392, 
          -0.6956741085603303, 
          0.0
        ], 
        [
          0.866659081828765, 
          0.11871937336676379, 
          0.48456935072957785, 
          0.0
        ], 
        [
          0.18311413881526717, 
          0.8277918132659311, 
          -0.5303105198423984, 
          0.0
        ], 
        [
          -35.94117200239314, 
          -4.002388169676268, 
          59.129481881924875, 
          1.0
        ]
      ], 
      "projected_cuboid": [
        [
          196.1482949176265, 
          298.48972036777326
        ], 
        [
          85.5417438961632, 
          289.13747268922293
        ], 
        [
          118.31987188398917, 
          156.9545717880689
        ], 
        [
          210.60978530778186, 
          174.15748314724988
        ], 
        [
          192.19912443185757, 
          319.7822253791984
        ], 
        [
          87.72031861497506, 
          312.75397812127954
        ], 
        [
          118.54554798988563, 
          183.64889203545465
        ], 
        [
          206.5349895798253, 
          198.2800921543396
        ]
      ], 
      "projected_cuboid_centroid": [
        154.72342761779677, 
        237.1869152145161
      ], 
      "quaternion_xyzw": [
        0.9206146049861237, 
        -0.01748689546628309, 
        0.2576133333915403, 
        0.2929133261428098
      ], 
      "visibility": 0.6104987599889777
    }, 
    {
      "bounding_box": {
        "bottom_right": [
          180, 
          165
        ], 
        "top_left": [
          32, 
          0
        ]
      }, 
      "class": "024_bowl", 
      "cuboid": [
        [
          -45.35987697474094, 
          -17.04987481872278, 
          40.39001443384622
        ], 
        [
          -45.186032481748015, 
          -8.111581914191342, 
          53.79952745374457
        ], 
        [
          -46.15540238949002, 
          -12.61138633858633, 
          56.81150033587306
        ], 
        [
          -46.32924688248295, 
          -21.549679243117772, 
          43.40198731597473
        ], 
        [
          -29.46720918757533, 
          -19.512650170771565, 
          41.82557399908491
        ], 
        [
          -29.293364694582408, 
          -10.574357266240122, 
          55.23508701898325
        ], 
        [
          -30.262734602324414, 
          -15.074161690635112, 
          58.247059901111754
        ], 
        [
          -30.43657909531734, 
          -24.012454595166552, 
          44.837546881213406
        ]
      ], 
      "cuboid_centroid": [
        -37.81130578853268, 
        -16.062018254678947, 
        49.318537167478986
      ], 
      "location": [
        -37.81130578853268, 
        -16.062018254678947, 
        49.318537167478986
      ],