{
  "camera_data": {
    "location_worldframe": [
      -14.828239393127715, 
      -19.00865932586465, 
      61.953200047174604
    ], 
    "quaternion_xyzw_worldframe": [
      0.8586871718106249, 
      0.018540620067920153, 
      0.14641066134684674, 
      -0.4907933261062609
    ]
  }, 
  "objects": [
    {
      "bounding_box": {
        "bottom_right": [
          349, 
          398
        ], 
        "top_left": [
          136, 
          225
        ]
      }, 
      "class": "003_cracker_box", 
      "cuboid": [
        [
          -8.100241017289562, 
          6.110416873757139, 
          57.63104262830239
        ], 
        [
          -20.289639281085954, 
          3.5385179799870032, 
          46.95949064492446
        ], 
        [
          -24.224853021850716, 
          -15.384154010942547, 
          56.01488266761356
        ], 
        [
          -12.035454758054327, 
          -12.81225511717241, 
          66.68643465099149
        ], 
        [
          -12.719048590695095, 
          9.235259555794258, 
          62.15369365920378
        ], 
        [
          -24.908446854491483, 
          6.663360662024122, 
          51.48214167582586
        ], 
        [
          -28.84366059525625, 
          -12.25931132890543, 
          60.537533698514956
        ], 
        [
          -16.654262331459858, 
          -9.687412435135293, 
          71.20908568189289
        ]
      ], 
      "cuboid_centroid": [
        -18.471950806272904, 
        -3.0744472275741455, 
        59.08428816340867
      ], 
      "location": [
        -18.471950806272904, 
        -3.0744472275741455, 
        59.08428816340867
      ], 
      "pose_transform_permuted": [
        [
          0.6432879782497538, 
          -0.43521486862767417, 
          -0.6298957018147849, 
          0.0
        ], 
        [
          0.7430928423650631, 
          0.15678867962855297, 
          0.6505615555550032, 
          0.0
        ], 
        [
          0.1843735465438451, 
          0.8865694152550777, 
          -0.42426532649877613, 
          0.0
        ], 
        [
          -18.471950806272904, 
          -3.0744472275741455, 
          59.08428816340867, 
          1.0
        ]
      ], 
      "projected_cuboid": [
        [
          406.0124890579979, 
          329.8325387389108
        ], 
        [
          249.2470629514649, 
          313.4735355023346
        ], 
        [
          249.0293358133073, 
          126.81348985880986
        ], 
        [
          384.5423301480296, 
          170.82152250514054
        ], 
        [
          371.5497610468659, 
          352.53114094549704
        ], 
        [
          221.4123521793831, 
          342.3143720052556
        ], 
        [
          225.37449340199123, 
          165.28526326056692
        ], 
        [
          355.8257164806173, 
          200.73278009451073
        ]
      ], 
      "projected_cuboid_centroid": [
        313.4719923441012, 
        245.5352869321423
      ], 
      "quaternion_xyzw": [
        0.9027122962820057, 
        -0.00763944033688965, 
        0.35832278432833076, 
        0.23802716509633942
      ], 
      "visibility": 0.9344225315803042
    }, 
    {
      "bounding_box": {
        "bottom_right": [
          327, 
          257
        ], 
        "top_left": [
          167, 
          153
        ]
      }, 
      "class": "004_sugar_box", 
      "cuboid": [
        [
          -22.74604592349308, 
          4.099851701043303, 
          55.216241941160916
        ], 
        [
          -30.361441856609567, 
          3.4383982185674054, 
          49.9761593060798
        ], 
        [
          -34.3054561084004, 
          -11.931594744234927, 
          57.64812371755404
        ], 
        [
          -26.690060175283914, 
          -11.27014126175903, 
          62.88820635263516
        ], 
        [
          -25.111660007541747, 
          6.285239786458918, 
          58.37831914007145
        ], 
        [
          -32.72705594065823, 
          5.623786303983021, 
          53.13823650499033
        ], 
        [
          -36.671070192449065, 
          -9.746206658819311, 
          60.810200916464574
        ], 
        [
          -29.05567425933258, 
          -9.084753176343414, 
          66.05028355154569
        ]
      ], 
      "cuboid_centroid": [
        -29.708558057971075, 
        -2.8231774788880046, 
        58.01322142881274
      ], 
      "location": [
        -29.708558057971075, 
        -2.8231774788880046, 
        58.01322142881274
      ], 
      "pose_transform_permuted": [
        [
          0.5241312631853734, 
          -0.48419994853885323, 
          -0.7005975859418943, 
          0.0
        ], 
        [
          0.8217136692626582, 
          0.0713719119669467, 
          0.5654134817321219, 
          0.0
        ], 
        [
          0.22377005634108385, 
          0.8720415220829029, 
          -0.43528136538118883, 
          0.0
        ], 
        [
          -29.708558057971075, 
          -2.8231774788880046, 
          58.01322142881274, 
          1.0
        ]
      ], 
      "projected_cuboid": [
        [
          260.0679570947034, 
          312.8859587930493
        ], 
        [
          154.89547404398837, 
          309.9793357106856
        ], 
        [
          161.58249237438918, 
          162.90387979225412
        ], 
        [
          253.36740843131622, 
          177.71079511006317
        ], 
        [
          250.27579471411767, 
          330.70582501164535
        ], 
        [
          150.39614388847383, 
          329.7294228935485
        ], 
        [
          157.303089672423, 
          187.81004235331412
        ], 
        [
          245.0334195552962, 
          199.93217041934747
        ]
      ], 
      "projected_cuboid_centroid": [
        206.208232697473, 
        247.33287088321555
      ], 
      "quaternion_xyzw": [
        0.9211884684047361, 
        -0.04135911097488332, 
        0.2956899652696231, 
        0.2495366978248081
      ], 
      "visibility": 0.6163300558065373
    }, 
    {
      "bounding_box": {
        "bottom_right": [
          193, 
          231
        ], 
        "top_left": [
          49, 
          4
        ]
      }, 
      "class": "024_bowl", 
      "cuboid": [
        [
          -37.43784254974473, 
          -14.080868351167721, 
          37.430698108145805
        ], 
        [
          -38.44717596100737, 
          -6.400853679358834, 
          51.56353087767482
        ], 
        [
          -39.64864295972597, 
          -11.153042973764594, 
          54.0601430781664
        ], 
        [
          -38.63930954846332, 
          -18.833057645573483, 
          39.927310308637374
        ], 
        [
          -21.713853565384188, 
          -16.71444569541939, 
          39.98479753549225
        ], 
        [
          -22.72318697664683, 
          -9.0344310236105, 
          54.11763030502127
        ], 
        [
          -23.92465397536543, 
          -13.78662031801626, 
          56.614242505512834
        ], 
        [
          -22.915320564102785, 
          -21.46663498982515, 
          42.48140973598382
        ]
      ], 
      "cuboid_centroid": [
        -30.681248262555076, 
        -13.93374433459199, 
        47.02247030682932
      ], 
      "location": [
        -30.681248262555076, 
        -13.93374433459199, 
        47.02247030682932
      ],