{
  "camera_data": {
    "location_worldframe": [
      -26.357632466615456, 
      -15.496141354101061, 
      74.38745335844985
    ], 
    "quaternion_xyzw_worldframe": [
      0.9235813398165807, 
      0.005094907328622705, 
      0.039000131952762106, 
      -0.3813820235454321
    ]
  }, 
  "objects": [
    {
      "bounding_box": {
        "bottom_right": [
          364, 
          315
        ], 
        "top_left": [
          177, 
          126
        ]
      }, 
      "class": "003_cracker_box", 
      "cuboid": [
        [
          -22.527734669990334, 
          7.84209785079655, 
          62.743825421502805
        ], 
        [
          -36.4102706720706, 
          2.402658890515583, 
          55.90527194613401
        ], 
        [
          -37.00835070561159, 
          -13.686697213859023, 
          69.91699801990873
        ], 
        [
          -23.125814703531315, 
          -8.247258253578053, 
          76.75555149527753
        ], 
        [
          -26.347155139643952, 
          11.915083778126734, 
          67.25771625388941
        ], 
        [
          -40.229691141724224, 
          6.475644817845764, 
          60.419162778520615
        ], 
        [
          -40.82777117526521, 
          -9.61371128652884, 
          74.43088885229534
        ], 
        [
          -26.94523517318494, 
          -4.174272326247872, 
          81.26944232766414
        ]
      ], 
      "cuboid_centroid": [
        -31.67775292262777, 
        -0.8858067178661444, 
        68.58735713689907
      ], 
      "location": [
        -31.67775292262777, 
        -0.8858067178661444, 
        68.58735713689907
      ], 
      "pose_transform_permuted": [
        [
          0.5319527243689912, 
          -0.567268248566606, 
          -0.6286756184270099, 
          0.0
        ], 
        [
          0.8463102865102569, 
          0.33160030301672694, 
          0.4168934372068495, 
          0.0
        ], 
        [
          0.02802138439361712, 
          0.7538222424467123, 
          -0.6564806385639068, 
          0.0
        ], 
        [
          -31.67775292262777, 
          -0.8858067178661444, 
          68.58735713689907, 
          1.0
        ]
      ], 
      "projected_cuboid": [
        [
          288.51663405783364, 
          339.9440031404026
        ], 
        [
          131.35937656228086, 
          296.2071855945416
        ], 
        [
          196.9487012863032, 
          168.88583629503736
        ], 
        [
          319.57320518376605, 
          215.9822225486467
        ], 
        [
          270.93645206851426, 
          367.7671101437758
        ], 
        [
          123.53053275967623, 
          330.44701548884063
        ], 
        [
          186.61595836854002, 
          204.4014208597797
        ], 
        [
          303.2990826385708, 
          245.89344762280297
        ]
      ], 
      "projected_cuboid_centroid": [
        233.22540996922376, 
        266.39870778556354
      ], 
      "quaternion_xyzw": [
        0.8984442313499458, 
        0.08447350097817738, 
        0.2640247798547731, 
        0.34051887819786675
      ], 
      "visibility": 0.8618873509184295
    }, 
    {
      "bounding_box": {
        "bottom_right": [
          332, 
          208
        ], 
        "top_left": [
          202, 
          83
        ]
      }, 
      "class": "004_sugar_box", 
      "cuboid": [
        [
          -37.168681499905155, 
          4.9861036733433695, 
          64.10733596719453
        ], 
        [
          -45.62124629438294, 
          2.863469333683784, 
          60.95474753777058
        ], 
        [
          -46.772411485620324, 
          -10.14025582793751, 
          72.7965768157728
        ], 
        [
          -38.31984669114254, 
          -8.017621488277923, 
          75.94916524519674
        ], 
        [
          -38.99595107917347, 
          7.852068102651484, 
          67.07686742266304
        ], 
        [
          -47.44851587365127, 
          5.729433762991897, 
          63.924278993239106
        ], 
        [
          -48.59968106488864, 
          -7.274291398629396, 
          75.76610827124131
        ], 
        [
          -40.147116270410855, 
          -5.15165705896981, 
          78.91869670066527
        ]
      ], 
      "cuboid_centroid": [
        -42.8841812823969, 
        -1.1440938626430128, 
        69.93672211921792
      ], 
      "location": [
        -42.8841812823969, 
        -1.1440938626430128, 
        69.93672211921792
      ], 
      "pose_transform_permuted": [
        [
          0.4048543332659697, 
          -0.6349901138594619, 
          -0.6579366783950017, 
          0.0
        ], 
        [
          0.9120455578346183, 
          0.22903571489431548, 
          0.3401694447365151, 
          0.0
        ], 
        [
          0.06531322740127453, 
          0.7377874739521317, 
          -0.6718654232846272, 
          0.0
        ], 
        [
          -42.8841812823969, 
          -1.1440938626430128, 
          69.93672211921792, 
          1.0
        ]
      ], 
      "projected_cuboid": [
        [
          169.80779881723697, 
          314.76676317869476
        ], 
        [
          79.1105410270106, 
          298.34027592887406
        ], 
        [
          136.07917492719963, 
          198.99737154040204
        ], 
        [
          210.27039088324105, 
          216.98632011402663
        ], 
        [
          168.96142976014985, 
          335.7173259481772
        ], 
        [
          82.43567160724633, 
          321.0871432351715
        ], 
        [
          136.65181123581047, 
          222.08261389054948
        ], 
        [
          208.02850483672233, 
          238.47248617630322
        ]
      ], 
      "projected_cuboid_centroid": [
        151.84799123108766, 
        264.5619703516669
      ], 
      "quaternion_xyzw": [
        0.9093637487526308, 
        0.045010175443440034, 
        0.20482006760892704, 
        0.35927744506439124
      ], 
      "visibility": 0.46188850967007966
    }, 
    {
      "bounding_box": {
        "bottom_right": [
          213, 
          160
        ], 
        "top_left": [
          94, 
          0
        ]
      }, 
      "class": "024_bowl", 
      "cuboid": [
        [
          -53.78795881060069, 
          -17.40273028189568, 
          54.874148101234844
        ], 
        [
          -52.463835509468126, 
          -6.416562672464053, 
          66.59119380937464
        ], 
        [
          -52.776857872306216, 
          -10.405231255902594, 
          70.36643399383597
        ], 
        [
          -54.100981173438775, 
          -21.39139886533422, 
          58.64938828569617
        ], 
        [
          -37.72249895868723, 
          -18.981137386443255, 
          54.5385682268541
        ], 
        [
          -36.398375657554666, 
          -7.99496977701163, 
          66.2556139349939
        ], 
        [
          -36.711398020392764, 
          -11.983638360450172, 
          70.03085411945523
        ], 
        [
          -38.03552132152532, 
          -22.969805969881797, 
          58.31380841131543
        ]
      ], 
      "cuboid_centroid": [
        -45.249678415496724, 
        -14.693184321172925, 
        62.45250111034504
      ], 
      "location": [
        -45.249678415496724, 
        -14.693184321172925, 
        62.45250111034504
      ],