{
  "camera_data": {
    "location_worldframe": [
      -9.275508625475895, 
      -14.331439090091743, 
      66.90982927420866
    ], 
    "quaternion_xyzw_worldframe": [
      -0.8320300414698092, 
      -0.05870323891473355, 
      -0.18206090560157057, 
      0.5207095065094804
    ]
  }, 
  "objects": [
    {
      "bounding_box": {
        "bottom_right": [
          379, 
          446
        ], 
        "top_left": [
          187, 
          290
        ]
      }, 
      "class": "003_cracker_box", 
      "cuboid": [
        [
          -3.322539696979486, 
          11.275903255433109, 
          64.97569942661823
        ], 
        [
          -14.181281225412935, 
          8.963902680086083, 
          52.900083440448995
        ], 
        [
          -18.15288374920391, 
          -10.683155190341184, 
          60.233093571049835
        ], 
        [
          -7.2941422207704605, 
          -8.371154614994158, 
          72.30870955721906
        ], 
        [
          -8.535667060452031, 
          13.892406652207805, 
          69.1625372073094
        ], 
        [
          -19.394408588885483, 
          11.58040607686078, 
          57.086921221140166
        ], 
        [
          -23.366011112676453, 
          -8.066651793566487, 
          64.419931351741
        ], 
        [
          -12.507269584243009, 
          -5.754651218219461, 
          76.49554733791022
        ]
      ], 
      "cuboid_centroid": [
        -13.344275404827972, 
        1.604625730933311, 
        64.69781538917961
      ], 
      "location": [
        -13.344275404827972, 
        1.604625730933311, 
        64.69781538917961
      ], 
      "pose_transform_permuted": [
        [
          0.7260623242492206, 
          -0.36441552358367224, 
          -0.5831250530349881, 
          0.0
        ], 
        [
          0.6619730467612152, 
          0.14094469980417237, 
          0.7361564215292735, 
          0.0
        ], 
        [
          0.1860784422427642, 
          0.9205085104268995, 
          -0.34356789076419303, 
          0.0
        ], 
        [
          -13.344275404827972, 
          1.604625730933311, 
          64.69781538917961, 
          1.0
        ]
      ], 
      "projected_cuboid": [
        [
          454.09844558332475, 
          365.83898569856075
        ], 
        [
          337.4350513195961, 
          363.65737541710575
        ], 
        [
          319.52723138793397, 
          178.69508442534809
        ], 
        [
          427.35011529991675, 
          211.54431194437595
        ], 
        [
          415.2291364283499, 
          380.4123437162845
        ], 
        [
          298.8999668051473, 
          381.47344331373574
        ], 
        [
          286.5425300341783, 
          206.50435920757698
        ], 
        [
          393.670911601016, 
          233.16566433843917
        ]
      ], 
      "projected_cuboid_centroid": [
        370.6803230986252, 
        286.51385208499886
      ], 
      "quaternion_xyzw": [
        0.8896075834635042, 
        -0.01268360996397785, 
        0.410916783129716, 
        0.1989594703069744
      ], 
      "visibility": 0.8775427995971803
    }, 
    {
      "bounding_box": {
        "bottom_right": [
          364, 
          322
        ], 
        "top_left": [
          209, 
          221
        ]
      }, 
      "class": "004_sugar_box", 
      "cuboid": [
        [
          -17.519896805173154, 
          8.852883688705397, 
          60.860232504642816
        ], 
        [
          -24.499353691072148, 
          8.251860497051428, 
          54.792597491636805
        ], 
        [
          -28.501344052966154, 
          -7.758386883029765, 
          60.98186416853486
        ], 
        [
          -21.52188716706716, 
          -7.157363691375797, 
          67.04949918154087
        ], 
        [
          -20.306870137285138, 
          10.71743054366254, 
          63.88132965007887
        ], 
        [
          -27.286327023184132, 
          10.11640735200857, 
          57.813694637072864
        ], 
        [
          -31.288317385078134, 
          -5.893840028072623, 
          64.00296131397091
        ], 
        [
          -24.308860499179143, 
          -5.292816836418655, 
          70.07059632697693
        ]
      ], 
      "cuboid_centroid": [
        -24.404107095125646, 
        1.4795218303163868, 
        62.43159690930686
      ], 
      "location": [
        -24.404107095125646, 
        1.4795218303163868, 
        62.43159690930686
      ], 
      "pose_transform_permuted": [
        [
          0.6174886524702274, 
          -0.41311357796976006, 
          -0.669361699239252, 
          0.0
        ], 
        [
          0.7530948065658323, 
          0.06485138480827848, 
          0.6547077360222499, 
          0.0
        ], 
        [
          0.2270594251404823, 
          0.9083673966565216, 
          -0.35115810049890217, 
          0.0
        ], 
        [
          -24.404107095125646, 
          1.4795218303163868, 
          62.43159690930686, 
          1.0
        ]
      ], 
      "projected_cuboid": [
        [
          326.7903963361187, 
          350.86455640853893
        ], 
        [
          241.14723685516861, 
          353.6053949464775
        ], 
        [
          230.2600937475235, 
          205.435223251164
        ], 
        [
          308.9828563868533, 
          216.35602743200351
        ], 
        [
          310.6503443810764, 
          362.76206426620706
        ], 
        [
          227.78860825127737, 
          366.60833977998374
        ], 
        [
          218.70718208951914, 
          224.17474311260997
        ], 
        [
          295.03621225039893, 
          233.00198187707596
        ]
      ], 
      "projected_cuboid_centroid": [
        271.3885956248229, 
        285.9252979187022
      ], 
      "quaternion_xyzw": [
        0.9125272465057696, 
        -0.04443923207589896, 
        0.34853654873428314, 
        0.20938324893727708
      ], 
      "visibility": 0.6188340807174888
    }, 
    {
      "bounding_box": {
        "bottom_right": [
          242, 
          321
        ], 
        "top_left": [
          126, 
          128
        ]
      }, 
      "class": "024_bowl", 
      "cuboid": [
        [
          -29.375473862516117, 
          -8.624946344474443, 
          40.447475547211084
        ], 
        [
          -32.23372175867002, 
          -1.9894740692687887, 
          54.8536987870083
        ], 
        [
          -33.46638975553955, 
          -6.9475443094657505, 
          56.892808303754485
        ], 
        [
          -30.608141859385647, 
          -13.583016584671403, 
          42.48658506395728
        ], 
        [
          -13.902525765988779, 
          -10.7976713218053, 
          44.51811756884264
        ], 
        [
          -16.760773662142686, 
          -4.162199046599644, 
          58.924340808639855
        ], 
        [
          -17.99344165901222, 
          -9.120269286796606, 
          60.963450325386034
        ], 
        [
          -15.135193762858313, 
          -15.755741562002262, 
          46.55722708558883
        ]
      ], 
      "cuboid_centroid": [
        -23.684457760764165, 
        -8.872607815635526, 
        50.70546293629856
      ], 
      "location": [
        -23.684457760764165, 
        -8.872607815635526, 
        50.70546293629856
      ],