{
  "camera_data": {
    "location_worldframe": [
      -27.20015375882326, 
      -10.996728133984668, 
      82.7972867704343
    ], 
    "quaternion_xyzw_worldframe": [
      0.9387363772961712, 
      0.016982641030567805, 
      0.0036639693129708667, 
      -0.3442057008883141
    ]
  }, 
  "objects": [
    {
      "bounding_box": {
        "bottom_right": [
          384, 
          323
        ], 
        "top_left": [
          212, 
          145
        ]
      }, 
      "class": "003_cracker_box", 
      "cuboid": [
        [
          -25.14440582964344, 
          11.442934210248271, 
          69.11698354807466
        ], 
        [
          -39.104593385888776, 
          4.858354184105661, 
          63.56409376338301
        ], 
        [
          -38.15559352384672, 
          -10.02783294741875, 
          78.83021242837039
        ], 
        [
          -24.195405967601385, 
          -3.44325292127614, 
          84.38310221306205
        ], 
        [
          -28.901041888438726, 
          15.705408493606102, 
          73.50690336971319
        ], 
        [
          -42.861229444684064, 
          9.12082846746349, 
          67.95401358502153
        ], 
        [
          -41.912229582642006, 
          -5.76535866406092, 
          83.22013225000893
        ], 
        [
          -27.952042026396672, 
          0.8192213620816902, 
          88.77302203470056
        ]
      ], 
      "cuboid_centroid": [
        -33.52831770614272, 
        2.8387877730936752, 
        76.16855789904179
      ], 
      "location": [
        -33.52831770614272, 
        2.8387877730936752, 
        76.16855789904179
      ], 
      "pose_transform_permuted": [
        [
          0.5232083772437266, 
          -0.5936593851345706, 
          -0.6114094605284004, 
          0.0
        ], 
        [
          0.8510440980446587, 
          0.4014106505929049, 
          0.33851651772688024, 
          0.0
        ], 
        [
          -0.04446276155772666, 
          0.6974510907814422, 
          -0.7152517310726596, 
          0.0
        ], 
        [
          -33.52831770614272, 
          2.8387877730936752, 
          76.16855789904179, 
          1.0
        ]
      ], 
      "projected_cuboid": [
        [
          285.96126425711003, 
          361.58236036812343
        ], 
        [
          150.76495917828376, 
          314.0494164393617
        ], 
        [
          221.30720504894688, 
          205.44402528382236
        ], 
        [
          327.402468704986, 
          251.52442963785793
        ], 
        [
          270.16195630373534, 
          387.23504522862953
        ], 
        [
          142.40846581459522, 
          344.86901236106985
        ], 
        [
          210.76249617569633, 
          236.3390038161217
        ], 
        [
          312.270824686488, 
          278.2081547669889
        ]
      ], 
      "projected_cuboid_centroid": [
        244.88098390660258, 
        293.1632581612289
      ], 
      "quaternion_xyzw": [
        0.8888060318982007, 
        0.12541358748387174, 
        0.2423827202011227, 
        0.3681655696608577
      ], 
      "visibility": 0.8703262165384199
    }, 
    {
      "bounding_box": {
        "bottom_right": [
          349, 
          228
        ], 
        "top_left": [
          233, 
          111
        ]
      }, 
      "class": "004_sugar_box", 
      "cuboid": [
        [
          -39.53378777013045, 
          8.07581729634013, 
          71.56323242534192
        ], 
        [
          -48.035178679917244, 
          5.3343750296520005, 
          69.09319419739978
        ], 
        [
          -47.9056973972139, 
          -6.683172509165443, 
          81.98554680565333
        ], 
        [
          -39.40430648742711, 
          -3.9417302424773126, 
          84.45558503359545
        ], 
        [
          -41.33055780871674, 
          11.095413021068232, 
          74.39597709757028
        ], 
        [
          -49.83194871850353, 
          8.353970754380102, 
          71.92593886962815
        ], 
        [
          -49.70246743580019, 
          -3.6635767844373404, 
          84.8182914778817
        ], 
        [
          -41.201076526013395, 
          -0.9221345177492103, 
          87.28832970582383
        ]
      ], 
      "cuboid_centroid": [
        -44.618127602965316, 
        2.206120255951395, 
        78.1907619516118
      ], 
      "location": [
        -44.618127602965316, 
        2.206120255951395, 
        78.1907619516118
      ], 
      "pose_transform_permuted": [
        [
          0.39809678016716116, 
          -0.6690290407817565, 
          -0.627629862938432, 
          0.0
        ], 
        [
          0.9173139754873277, 
          0.2958061017203299, 
          0.2665211623042628, 
          0.0
        ], 
        [
          -0.007346330939977629, 
          0.6818350842981309, 
          -0.731468571191921, 
          0.0
        ], 
        [
          -44.618127602965316, 
          2.206120255951395, 
          78.1907619516118, 
          1.0
        ]
      ], 
      "projected_cuboid": [
        [
          184.51925650105528, 
          333.47095626834954
        ], 
        [
          107.73114808574572, 
          314.4617463408085
        ], 
        [
          167.37143649498014, 
          229.8122072521659
        ], 
        [
          230.69337613465606, 
          248.39532529189125
        ], 
        [
          182.8431889357857, 
          352.8257990862009
        ], 
        [
          109.02175926528753, 
          335.22992406118607
        ], 
        [
          166.47402053539216, 
          250.25073745365503
        ], 
        [
          227.76638490400993, 
          267.6524240249516
        ]
      ], 
      "projected_cuboid_centroid": [
        174.73187212392162, 
        288.333931125622
      ], 
      "quaternion_xyzw": [
        0.8981618621835223, 
        0.08438134745649109, 
        0.1849939221577697, 
        0.3898232798954874
      ], 
      "visibility": 0.42285027059530966
    }, 
    {
      "bounding_box": {
        "bottom_right": [
          241, 
          187
        ], 
        "top_left": [
          139, 
          53
        ]
      }, 
      "class": "024_bowl", 
      "cuboid": [
        [
          -55.53975540490315, 
          -15.70108042004269, 
          65.14582486725119
        ], 
        [
          -54.10268442546644, 
          -3.7363886585131705, 
          75.84719484671703
        ], 
        [
          -54.015129188937074, 
          -7.408995887533046, 
          79.94160429625003
        ], 
        [
          -55.452200168373764, 
          -19.373687649062564, 
          69.2402343167842
        ], 
        [
          -39.45982708356131, 
          -16.602055535319764, 
          63.99381266446038
        ], 
        [
          -38.0227561041246, 
          -4.637363773790243, 
          74.69518264392622
        ], 
        [
          -37.93520086759523, 
          -8.309971002810117, 
          78.78959209345922
        ], 
        [
          -39.37227184703194, 
          -20.274662764339638, 
          68.08822211399338
        ]
      ], 
      "cuboid_centroid": [
        -46.73747813624919, 
        -12.005525711426404, 
        71.96770848035521
      ], 
      "location": [
        -46.73747813624919, 
        -12.005525711426404, 
        71.96770848035521
      ],