{
  "camera_data": {
    "location_worldframe": [
      -9.943728549150462, 
      -15.515633940000303, 
      65.59847691054279
    ], 
    "quaternion_xyzw_worldframe": [
      -0.835814478603965, 
      -0.05031102393976738, 
      -0.1765723444546988, 
      0.517406063382146
    ]
  }, 
  "objects": [
    {
      "bounding_box": {
        "bottom_right": [
          371, 
          441
        ], 
        "top_left": [
          175, 
          281
        ]
      }, 
      "class": "003_cracker_box", 
      "cuboid": [
        [
          -3.7769711125708136, 
          10.017117269556152, 
          63.370322585664105
        ], 
        [
          -14.884166778647112, 
          7.729729537754728, 
          51.51805792919206
        ], 
        [
          -18.909404677739282, 
          -11.825475009724693, 
          59.06424783591635
        ], 
        [
          -7.802209011662983, 
          -9.538087277923267, 
          70.91651249238839
        ], 
        [
          -8.884079597186691, 
          12.714387601627516, 
          67.63583231101168
        ], 
        [
          -19.991275263262988, 
          10.42699986982609, 
          55.783567654539645
        ], 
        [
          -24.016513162355157, 
          -9.12820467765333, 
          63.32975756126393
        ], 
        [
          -12.90931749627886, 
          -6.840816945851904, 
          75.18202221773598
        ]
      ], 
      "cuboid_centroid": [
        -13.896742137462986, 
        0.444456295951412, 
        63.35004007346402
      ], 
      "location": [
        -13.896742137462986, 
        0.444456295951412, 
        63.35004007346402
      ], 
      "pose_transform_permuted": [
        [
          0.7112964633311987, 
          -0.3756644006348791, 
          -0.5940821486530004, 
          0.0
        ], 
        [
          0.6771193638593065, 
          0.13944424609241632, 
          0.722540427463049, 
          0.0
        ], 
        [
          0.18859137928149525, 
          0.9162049772443689, 
          -0.35355583905989807, 
          0.0
        ], 
        [
          -13.896742137462986, 
          0.444456295951412, 
          63.35004007346402, 
          1.0
        ]
      ], 
      "projected_cuboid": [
        [
          449.5454860041117, 
          357.589798384669
        ], 
        [
          326.2307829768151, 
          353.30539546179705
        ], 
        [
          309.43204869146444, 
          166.50862013665588
        ], 
        [
          422.4324666956493, 
          201.55643518121624
        ], 
        [
          410.960866732502, 
          373.54156056762713
        ], 
        [
          288.87743930576045, 
          372.9740168952851
        ], 
        [
          277.6610821378117, 
          196.4150876355608
        ], 
        [
          389.25895103691937, 
          224.75975545427985
        ]
      ], 
      "projected_cuboid_centroid": [
        363.6307998192894, 
        277.0282443200535
      ], 
      "quaternion_xyzw": [
        0.8926654594186832, 
        -0.013764152256177878, 
        0.40156053862775837, 
        0.20422551136056497
      ], 
      "visibility": 0.891666347662979
    }, 
    {
      "bounding_box": {
        "bottom_right": [
          355, 
          314
        ], 
        "top_left": [
          198, 
          211
        ]
      }, 
      "class": "004_sugar_box", 
      "cuboid": [
        [
          -18.072707257406005, 
          7.707175861114898, 
          59.540234801810584
        ], 
        [
          -25.17114863770553, 
          7.1336519072915285, 
          53.6095145930225
        ], 
        [
          -29.212633974820267, 
          -8.79263737005815, 
          59.986871110413766
        ], 
        [
          -22.114192594520738, 
          -8.219113416234782, 
          65.91759131920185
        ], 
        [
          -20.78363202844527, 
          9.62029439522129, 
          62.59991577384347
        ], 
        [
          -27.882073408744795, 
          9.046770441397921, 
          56.66919556505539
        ], 
        [
          -31.923558745859527, 
          -6.8795188359517585, 
          63.04655208244665
        ], 
        [
          -24.82511736556, 
          -6.305994882128389, 
          68.97727229123474
        ]
      ], 
      "cuboid_centroid": [
        -24.998133001632766, 
        0.41382851258156966, 
        61.29339344212862
      ], 
      "location": [
        -24.998133001632766, 
        0.41382851258156966, 
        61.29339344212862
      ], 
      "pose_transform_permuted": [
        [
          0.6006391466073537, 
          -0.4238752384279024, 
          -0.6779104265693306, 
          0.0
        ], 
        [
          0.7659334280029733, 
          0.06188417209627183, 
          0.6399344048470379, 
          0.0
        ], 
        [
          0.2293002367263733, 
          0.9036038972928997, 
          -0.3618296831853092, 
          0.0
        ], 
        [
          -24.998133001632766, 
          0.41382851258156966, 
          61.29339344212862, 
          1.0
        ]
      ], 
      "projected_cuboid": [
        [
          318.36540399241323, 
          342.32200334966245
        ], 
        [
          229.10200124556818, 
          344.2537215227676
        ], 
        [
          219.7147083947187, 
          195.11467119839875
        ], 
        [
          301.1866987798964, 
          206.78814121878221
        ], 
        [
          303.0554636302614, 
          355.2465747230009
        ], 
        [
          217.0093036969829, 
          358.4266179268539
        ], 
        [
          209.30079519425362, 
          215.09172800657944
        ], 
        [
          288.05426269448907, 
          224.5297453408621
        ]
      ], 
      "projected_cuboid_centroid": [
        262.2733265857585, 
        276.88729880474847
      ], 
      "quaternion_xyzw": [
        0.9148015839329864, 
        -0.04575201540161672, 
        0.33902803986215807, 
        0.21472003749579432
      ], 
      "visibility": 0.6092055115801818
    }, 
    {
      "bounding_box": {
        "bottom_right": [
          231, 
          308
        ], 
        "top_left": [
          109, 
          108
        ]
      }, 
      "class": "024_bowl", 
      "cuboid": [
        [
          -30.483119826011805, 
          -9.792824713251347, 
          39.479276553069056
        ], 
        [
          -33.00326178439326, 
          -3.029461638578695, 
          53.889139349623505
        ], 
        [
          -34.24585418161114, 
          -7.9607454220432565, 
          55.98635247656929
        ], 
        [
          -31.725712223229685, 
          -14.72410849671591, 
          41.57648968001484
        ], 
        [
          -14.95811744147359, 
          -12.091307723897856, 
          43.273253345706394
        ], 
        [
          -17.47825939985504, 
          -5.327944649225203, 
          57.68311614226085
        ], 
        [
          -18.72085179707292, 
          -10.259228432689765, 
          59.78032926920663
        ], 
        [
          -16.20070983869147, 
          -17.022591507362417, 
          45.37046647265218
        ]
      ], 
      "cuboid_centroid": [
        -24.601985811542367, 
        -10.026026572970556, 
        49.629802911137844
      ], 
      "location": [
        -24.601985811542367, 
        -10.026026572970556, 
        49.629802911137844
      ],