{
  "camera_data": {
    "location_worldframe": [
      -23.85745893141329, 
      -5.926482588021504, 
      90.98217399390856
    ], 
    "quaternion_xyzw_worldframe": [
      0.9480776865416304, 
      0.02898072846884238, 
      -0.039990005327927514, 
      -0.31418236316285636
    ]
  }, 
  "objects": [
    {
      "bounding_box": {
        "bottom_right": [
          403, 
          353
        ], 
        "top_left": [
          244, 
          190
        ]
      }, 
      "class": "003_cracker_box", 
      "cuboid": [
        [
          -23.999196302636644, 
          15.633184458009818, 
          75.81390931284739
        ], 
        [
          -37.94000544953921, 
          8.011036514341335, 
          71.7353290768309
        ], 
        [
          -35.10314237972933, 
          -5.766991794183202, 
          87.787484414948
        ], 
        [
          -21.16233323282676, 
          1.8551561494852826, 
          91.86606465096446
        ], 
        [
          -27.660766364666067, 
          19.985102209619697, 
          80.19638739026149
        ], 
        [
          -41.60157551156863, 
          12.362954265951215, 
          76.11780715424501
        ], 
        [
          -38.764712441758746, 
          -1.4150740425733221, 
          92.1699624923621
        ], 
        [
          -24.82390329485618, 
          6.207073901095161, 
          96.24854272837858
        ]
      ], 
      "cuboid_centroid": [
        -31.381954372197697, 
        7.1090552077182485, 
        83.99193590260474
      ], 
      "location": [
        -31.381954372197697, 
        7.1090552077182485, 
        83.99193590260474
      ], 
      "pose_transform_permuted": [
        [
          0.5099679874054633, 
          -0.606116692988399, 
          -0.6103730058762658, 
          0.0
        ], 
        [
          0.8498627470897229, 
          0.46466309967163155, 
          0.24863932696309515, 
          0.0
        ], 
        [
          -0.13291336626062414, 
          0.6455313766846333, 
          -0.7520793035211852, 
          0.0
        ], 
        [
          -31.381954372197697, 
          7.1090552077182485, 
          83.99193590260474, 
          1.0
        ]
      ], 
      "projected_cuboid": [
        [
          311.36571781996344, 
          383.25954286077285
        ], 
        [
          197.17975297846934, 
          332.8449551460295
        ], 
        [
          266.5640605765649, 
          238.251365481362
        ], 
        [
          357.717360213917, 
          284.05646818493284
        ], 
        [
          296.11533681299477, 
          406.1908585738289
        ], 
        [
          187.6864687860671, 
          359.90760422576574
        ], 
        [
          255.42503920104886, 
          265.0985483356323
        ], 
        [
          342.89988371713173, 
          307.680347714084
        ]
      ], 
      "projected_cuboid_centroid": [
        280.6719958888397, 
        318.42656623983123
      ], 
      "quaternion_xyzw": [
        0.8811593399678945, 
        0.1695426805423264, 
        0.21522989088335567, 
        0.38534347163563826
      ], 
      "visibility": 0.9171888686746176
    }, 
    {
      "bounding_box": {
        "bottom_right": [
          366, 
          269
        ], 
        "top_left": [
          260, 
          162
        ]
      }, 
      "class": "004_sugar_box", 
      "cuboid": [
        [
          -37.974481348607384, 
          11.72547736556839, 
          79.52793967949465
        ], 
        [
          -46.468267361452874, 
          8.408146765475864, 
          77.87229515008464
        ], 
        [
          -44.771866517203485, 
          -2.708791751648701, 
          91.44384156926444
        ], 
        [
          -36.27808050435799, 
          0.6085388484438237, 
          93.09948609867446
        ], 
        [
          -39.72703000224524, 
          14.832996449734024, 
          82.29247972235427
        ], 
        [
          -48.22081601509074, 
          11.515665849641499, 
          80.63683519294426
        ], 
        [
          -46.524415170841344, 
          0.3987273325169328, 
          94.20838161212406
        ], 
        [
          -38.030629157995854, 
          3.7160579326094583, 
          95.86402614153407
        ]
      ], 
      "cuboid_centroid": [
        -42.24944825972437, 
        6.062102349042661, 
        86.86816064580935
      ], 
      "location": [
        -42.24944825972437, 
        6.062102349042661, 
        86.86816064580935
      ], 
      "pose_transform_permuted": [
        [
          0.38829898157054604, 
          -0.6885095561186558, 
          -0.6125182778378961, 
          0.0
        ], 
        [
          0.9164933946764436, 
          0.35794539423819455, 
          0.17864675102971303, 
          0.0
        ], 
        [
          -0.09624805800901577, 
          0.6307375682498568, 
          -0.7700037355282252, 
          0.0
        ], 
        [
          -42.24944825972437, 
          6.062102349042661, 
          86.86816064580935, 
          1.0
        ]
      ], 
      "projected_cuboid": [
        [
          224.81549337516026, 
          351.9183587766118
        ], 
        [
          160.7003739410421, 
          330.8709371514208
        ], 
        [
          218.3021504821986, 
          257.48829872228885
        ], 
        [
          272.04654257671876, 
          276.77254739561755
        ], 
        [
          221.989297617573, 
          369.41594750270804
        ], 
        [
          160.01426266308917, 
          349.44937468222855
        ], 
        [
          216.024558444628, 
          275.5437585295219
        ], 
        [
          268.25839807170405, 
          293.9600538708378
        ]
      ], 
      "projected_cuboid_centroid": [
        220.0486159225588, 
        310.5042927249072
      ], 
      "quaternion_xyzw": [
        0.8887841752591286, 
        0.12775695857624503, 
        0.1594722735795121, 
        0.4102551924998119
      ], 
      "visibility": 0.4329501915708812
    }, 
    {
      "bounding_box": {
        "bottom_right": [
          267, 
          236
        ], 
        "top_left": [
          177, 
          127
        ]
      }, 
      "class": "024_bowl", 
      "cuboid": [
        [
          -53.08064664292501, 
          -13.188763031284651, 
          75.81345709341747
        ], 
        [
          -51.53964860332053, 
          -0.4857042011630536, 
          85.61121003917852
        ], 
        [
          -50.962461461292385, 
          -3.87048181084821, 
          89.90888779054255
        ], 
        [
          -52.50345950089685, 
          -16.573540640969807, 
          80.1111348447815
        ], 
        [
          -37.097865563801356, 
          -13.36498348238151, 
          73.52814783149223
        ], 
        [
          -35.55686752419689, 
          -0.6619246522599126, 
          83.32590077725327
        ], 
        [
          -34.97968038216873, 
          -4.046702261945068, 
          87.6235785286173
        ], 
        [
          -36.520678421773205, 
          -16.749761092066663, 
          77.82582558285625
        ]
      ], 
      "cuboid_centroid": [
        -44.03016351254687, 
        -8.61773264661486, 
        81.71851781101739
      ], 
      "location": [
        -44.03016351254687, 
        -8.61773264661486, 
        81.71851781101739
      ],