{
  "camera_data": {
    "location_worldframe": [
      -25.550908965489082, 
      -16.91819665876884, 
      71.79681532205194
    ], 
    "quaternion_xyzw_worldframe": [
      0.9177963129090344, 
      -0.0015481240153858412, 
      0.04957954456150613, 
      -0.3939416707610839
    ]
  }, 
  "objects": [
    {
      "bounding_box": {
        "bottom_right": [
          357, 
          316
        ], 
        "top_left": [
          164, 
          126
        ]
      }, 
      "class": "003_cracker_box", 
      "cuboid": [
        [
          -21.101184751485896, 
          6.658737628821491, 
          60.876982441037775
        ], 
        [
          -34.98041310220092, 
          1.685397351957356, 
          53.6859447852898
        ], 
        [
          -36.09657536668546, 
          -14.776485341374363, 
          67.22530027721487
        ], 
        [
          -22.217347015970436, 
          -9.803145064510227, 
          74.41633793296285
        ], 
        [
          -24.909735960779265, 
          10.677047695519358, 
          65.44869103072361
        ], 
        [
          -38.78896431149429, 
          5.703707418655221, 
          58.25765337497564
        ], 
        [
          -39.90512657597883, 
          -10.758175274676498, 
          71.79700886690071
        ], 
        [
          -26.025898225263806, 
          -5.784834997812362, 
          78.98804652264869
        ]
      ], 
      "cuboid_centroid": [
        -30.50315566373236, 
        -2.049718822927503, 
        66.33699565396924
      ], 
      "location": [
        -30.50315566373236, 
        -2.049718822927503, 
        66.33699565396924
      ], 
      "pose_transform_permuted": [
        [
          0.530438899770089, 
          -0.559653226012355, 
          -0.6367282310567526, 
          0.0
        ], 
        [
          0.846108644722749, 
          0.3031858900992713, 
          0.4383816572008288, 
          0.0
        ], 
        [
          0.052294693192810104, 
          0.7712759445611383, 
          -0.6343490225461006, 
          0.0
        ], 
        [
          -30.50315566373236, 
          -2.049718822927503, 
          66.33699565396924, 
          1.0
        ]
      ], 
      "projected_cuboid": [
        [
          295.1972602106175, 
          331.62115041214565
        ], 
        [
          131.2035429986215, 
          290.02938225508103
        ], 
        [
          192.8450766337341, 
          156.06000317237724
        ], 
        [
          321.0450972020831, 
          203.03033638924413
        ], 
        [
          276.92437844313264, 
          360.29024327784447
        ], 
        [
          123.5443826727417, 
          325.5011172997641
        ], 
        [
          182.70521359906184, 
          193.37310365147582
        ], 
        [
          304.4083397521702, 
          234.22789650886116
        ]
      ], 
      "projected_cuboid_centroid": [
        234.32178349958858, 
        256.8077213349305
      ], 
      "quaternion_xyzw": [
        0.9019579841018981, 
        0.0695407106896115, 
        0.2685326184943072, 
        0.3309473028689227
      ], 
      "visibility": 0.8901488884356517
    }, 
    {
      "bounding_box": {
        "bottom_right": [
          326, 
          205
        ], 
        "top_left": [
          192, 
          80
        ]
      }, 
      "class": "004_sugar_box", 
      "cuboid": [
        [
          -35.81286197376098, 
          4.05169738067562, 
          61.94611295586927
        ], 
        [
          -44.25594659242985, 
          2.183753413857069, 
          58.612143938480465
        ], 
        [
          -45.83342930287854, 
          -11.122562192936675, 
          70.06223054498622
        ], 
        [
          -37.39034468420967, 
          -9.254618226118124, 
          73.39619956237502
        ], 
        [
          -37.6296233749984, 
          6.86821215277763, 
          64.96892718104104
        ], 
        [
          -46.07270799366727, 
          5.000268185959079, 
          61.63495816365223
        ], 
        [
          -47.650190704115964, 
          -8.306047420834664, 
          73.08504477015798
        ], 
        [
          -39.207106085447094, 
          -6.438103454016113, 
          76.41901378754679
        ]
      ], 
      "cuboid_centroid": [
        -41.73152633893847, 
        -2.127175020079522, 
        67.51557886301363
      ], 
      "location": [
        -41.73152633893847, 
        -2.127175020079522, 
        67.51557886301363
      ], 
      "pose_transform_permuted": [
        [
          0.4025261155476822, 
          -0.6240339264279259, 
          -0.6697421396403042, 
          0.0
        ], 
        [
          0.9110226313685986, 
          0.20155420734944968, 
          0.35974070666151825, 
          0.0
        ], 
        [
          0.08950104448377885, 
          0.7549554344719924, 
          -0.6496392663603292, 
          0.0
        ], 
        [
          -41.73152633893847, 
          -2.127175020079522, 
          67.51557886301363, 
          1.0
        ]
      ], 
      "projected_cuboid": [
        [
          170.69994212667908, 
          308.1692683916055
        ], 
        [
          75.55057338142315, 
          293.1567966372051
        ], 
        [
          129.80168803096927, 
          188.62066042671876
        ], 
        [
          207.64307549569116, 
          206.03960742930403
        ], 
        [
          170.12728910298478, 
          329.66659844084927
        ], 
        [
          79.61343348912338, 
          316.55323311894057
        ], 
        [
          130.98418948445527, 
          212.67526296326537
        ], 
        [
          205.69491005507768, 
          228.35574811211987
        ]
      ], 
      "projected_cuboid_centroid": [
        149.2039584676575, 
        256.483540597044
      ], 
      "quaternion_xyzw": [
        0.9131977066168222, 
        0.030676041467734522, 
        0.20868066594067988, 
        0.3486849516702434
      ], 
      "visibility": 0.5064590337993276
    }, 
    {
      "bounding_box": {
        "bottom_right": [
          204, 
          156
        ], 
        "top_left": [
          79, 
          0
        ]
      }, 
      "class": "024_bowl", 
      "cuboid": [
        [
          -52.715499362705444, 
          -17.740482086286573, 
          51.840940801908985
        ], 
        [
          -51.35859935433915, 
          -7.115709882459942, 
          63.88300787404626
        ], 
        [
          -51.80455595234098, 
          -11.201987608406206, 
          67.53860024432663
        ], 
        [
          -53.16145596070728, 
          -21.826759812232837, 
          55.49653317218935
        ], 
        [
          -36.67986566919413, 
          -19.621933927070856, 
          51.69405951803261
        ], 
        [
          -35.32296566082784, 
          -8.997161723244224, 
          63.73612659016988
        ], 
        [
          -35.76892225882967, 
          -13.083439449190488, 
          67.39171896045025
        ], 
        [
          -37.125822267195964, 
          -23.70821165301712, 
          55.34965188831298
        ]
      ], 
      "cuboid_centroid": [
        -44.24221081076756, 
        -15.411960767738531, 
        59.61632988117962
      ], 
      "location": [
        -44.24221081076756, 
        -15.411960767738531, 
        59.61632988117962
      ],