{
  "camera_data": {
    "location_worldframe": [
      -11.214903944098575, 
      -16.960340466263077, 
      63.9046370430462
    ], 
    "quaternion_xyzw_worldframe": [
      -0.8421120746184332, 
      -0.038602690877576326, 
      -0.16818647097100933, 
      0.5109512906196332
    ]
  }, 
  "objects": [
    {
      "bounding_box": {
        "bottom_right": [
          362, 
          431
        ], 
        "top_left": [
          160, 
          265
        ]
      }, 
      "class": "003_cracker_box", 
      "cuboid": [
        [
          -4.765506709173387, 
          8.450320812545705, 
          61.14459931477935
        ], 
        [
          -16.228023327990883, 
          6.155048681206981, 
          49.63718629996197
        ], 
        [
          -20.307720111762798, 
          -13.235708548250688, 
          57.56865245491159
        ], 
        [
          -8.845203492945297, 
          -10.940436416911965, 
          69.07606546972897
        ], 
        [
          -9.714866452160544, 
          11.277530084045809, 
          65.51073300542426
        ], 
        [
          -21.177383070978046, 
          8.982257952707084, 
          54.00331999060688
        ], 
        [
          -25.257079854749954, 
          -10.408499276750586, 
          61.93478614555651
        ], 
        [
          -13.794563235932458, 
          -8.11322714541186, 
          73.44219916037389
        ]
      ], 
      "cuboid_centroid": [
        -15.011293281961672, 
        -0.9790892321024397, 
        61.53969273016793
      ], 
      "location": [
        -15.011293281961672, 
        -0.9790892321024397, 
        61.53969273016793
      ], 
      "pose_transform_permuted": [
        [
          0.6893258859774081, 
          -0.3937617463918923, 
          -0.6080966288344873, 
          0.0
        ], 
        [
          0.698780519808943, 
          0.1399248966328055, 
          0.7015175040138638, 
          0.0
        ], 
        [
          0.191142899572557, 
          0.9085002533740457, 
          -0.3716068911663095, 
          0.0
        ], 
        [
          -15.011293281961672, 
          -0.9790892321024397, 
          61.53969273016793, 
          1.0
        ]
      ], 
      "projected_cuboid": [
        [
          439.68465061778863, 
          346.9925009595916
        ], 
        [
          305.7843835579452, 
          339.4185700676684
        ], 
        [
          291.8972812045347, 
          150.6701093364119
        ], 
        [
          412.7362830080427, 
          188.81807629502308
        ], 
        [
          401.849745632982, 
          365.0963433018148
        ], 
        [
          270.7130973503868, 
          361.992455841794
        ], 
        [
          262.296259546211, 
          183.65909529247645
        ], 
        [
          380.5894762673981, 
          214.37023415568467
        ]
      ], 
      "projected_cuboid_centroid": [
        350.42102596910144, 
        264.80148649699305
      ], 
      "quaternion_xyzw": [
        0.89657367265851, 
        -0.014281593499137797, 
        0.3878218356186946, 
        0.21341487623898753
      ], 
      "visibility": 0.9081818506481911
    }, 
    {
      "bounding_box": {
        "bottom_right": [
          345, 
          299
        ], 
        "top_left": [
          185, 
          195
        ]
      }, 
      "class": "004_sugar_box", 
      "cuboid": [
        [
          -19.192317875552316, 
          6.288015464785706, 
          57.74384850356154
        ], 
        [
          -26.46004647487658, 
          5.732004567112354, 
          52.02010717132806
        ], 
        [
          -30.539083259485157, 
          -10.046468295652684, 
          58.73220245183825
        ], 
        [
          -23.27135466016089, 
          -9.490457397979334, 
          64.45594378407172
        ], 
        [
          -21.79083899153054, 
          8.281010267721282, 
          60.84972084731343
        ], 
        [
          -29.0585675908548, 
          7.724999370047931, 
          55.12597951507995
        ], 
        [
          -33.13760437546338, 
          -8.053473492717107, 
          61.83807479559014
        ], 
        [
          -25.86987577613911, 
          -7.497462595043756, 
          67.56181612782362
        ]
      ], 
      "cuboid_centroid": [
        -26.164961125507848, 
        -0.8827290139657009, 
        59.790961649575834
      ], 
      "location": [
        -26.164961125507848, 
        -0.8827290139657009, 
        59.790961649575834
      ], 
      "pose_transform_permuted": [
        [
          0.5757347168818738, 
          -0.4415728206169312, 
          -0.6881447002704368, 
          0.0
        ], 
        [
          0.78419979565159, 
          0.05999448471095074, 
          0.6176010457403965, 
          0.0
        ], 
        [
          0.23143077910906643, 
          0.8952172928568931, 
          -0.38082163075463016, 
          0.0
        ], 
        [
          -26.164961125507848, 
          -0.8827290139657009, 
          59.790961649575834, 
          1.0
        ]
      ], 
      "projected_cuboid": [
        [
          302.86048954172617, 
          331.3623655121616
        ], 
        [
          208.06320540615164, 
          332.0520894709636
        ], 
        [
          201.97499757976703, 
          182.05927150571816
        ], 
        [
          287.4412403657446, 
          194.7608584793282
        ], 
        [
          289.01887868839935, 
          345.8657525237494
        ], 
        [
          198.12542473972843, 
          348.0225060362851
        ], 
        [
          193.4216799210267, 
          203.8297326003912
        ], 
        [
          275.683594073021, 
          214.10305454065653
        ]
      ], 
      "projected_cuboid_centroid": [
        246.2676107172628, 
        265.41282836391144
      ], 
      "quaternion_xyzw": [
        0.9175458828825565, 
        -0.046710550828132025, 
        0.32514334838310605, 
        0.22407447592373586
      ], 
      "visibility": 0.604021223122033
    }, 
    {
      "bounding_box": {
        "bottom_right": [
          217, 
          286
        ], 
        "top_left": [
          87, 
          75
        ]
      }, 
      "class": "024_bowl", 
      "cuboid": [
        [
          -32.392725565740825, 
          -11.312224222733992, 
          38.28379546138942
        ], 
        [
          -34.41897834025841, 
          -4.315652430653783, 
          52.660186671905066
        ], 
        [
          -35.66978895585231, 
          -9.19958868353259, 
          54.86076341454588
        ], 
        [
          -33.64353618133473, 
          -16.196160475612796, 
          40.48437220403023
        ], 
        [
          -16.80096776863765, 
          -13.775149776063156, 
          41.679980027700445
        ], 
        [
          -18.827220543155235, 
          -6.778577983982946, 
          56.056371238216094
        ], 
        [
          -20.078031158749138, 
          -11.662514236861753, 
          58.25694798085691
        ], 
        [
          -18.051778384231554, 
          -18.659086028941964, 
          43.880556770341265
        ]
      ], 
      "cuboid_centroid": [
        -26.235378362244983, 
        -11.487369229797872, 
        48.27037172112316
      ], 
      "location": [
        -26.235378362244983, 
        -11.487369229797872, 
        48.27037172112316
      ],