{
  "camera_data": {
    "location_worldframe": [
      -20.883940501176824, 
      -19.464253190897416, 
      64.29518390761821
    ], 
    "quaternion_xyzw_worldframe": [
      0.8891923269846654, 
      0.0077559905708372125, 
      0.1056785774897194, 
      -0.44509764716423217
    ]
  }, 
  "objects": [
    {
      "bounding_box": {
        "bottom_right": [
          345, 
          336
        ], 
        "top_left": [
          133, 
          153
        ]
      }, 
      "class": "003_cracker_box", 
      "cuboid": [
        [
          -14.850687933716046, 
          5.064450768916028, 
          56.75476629967686
        ], 
        [
          -27.893445872390522, 
          1.3399644685233894, 
          47.53019135887402
        ], 
        [
          -30.804002132684865, 
          -16.515929811020865, 
          58.85490984896443
        ], 
        [
          -17.76124419401039, 
          -12.791443510628225, 
          68.07948478976726
        ], 
        [
          -19.093548832272955, 
          8.644144304185794, 
          61.30848160961745
        ], 
        [
          -32.13630677094743, 
          4.919658003793155, 
          52.08390666881462
        ], 
        [
          -35.04686303124178, 
          -12.936236275751101, 
          63.40862515890502
        ], 
        [
          -22.0041050925673, 
          -9.21174997535846, 
          72.63320009970786
        ]
      ], 
      "cuboid_centroid": [
        -24.94877548247891, 
        -3.935892753417536, 
        60.08169572929094
      ], 
      "location": [
        -24.94877548247891, 
        -3.935892753417536, 
        60.08169572929094
      ], 
      "pose_transform_permuted": [
        [
          0.5909277158769322, 
          -0.49856457114958863, 
          -0.634222203177166, 
          0.0
        ], 
        [
          0.7951155470664338, 
          0.2270529727073272, 
          0.5623506151841671, 
          0.0
        ], 
        [
          0.1363660567066356, 
          0.8365884985936589, 
          -0.5305883362825554, 
          0.0
        ], 
        [
          -24.94877548247891, 
          -3.935892753417536, 
          60.08169572929094, 
          1.0
        ]
      ], 
      "projected_cuboid": [
        [
          340.8835020957194, 
          320.8767396361721
        ], 
        [
          166.00626050589818, 
          288.321808645954
        ], 
        [
          200.13739148441198, 
          123.62580746461637
        ], 
        [
          341.2999139640365, 
          173.08120678200078
        ], 
        [
          314.119042163219, 
          348.4815406326902
        ], 
        [
          149.7911322409332, 
          323.66198260027244
        ], 
        [
          184.36712871098382, 
          164.4819688696239
        ], 
        [
          318.6823696673802, 
          205.6479560328101
        ]
      ], 
      "projected_cuboid_centroid": [
        258.29189136704997, 
        238.34929699348453
      ], 
      "quaternion_xyzw": [
        0.903593693099567, 
        0.02509062333359458, 
        0.3190810039590491, 
        0.28473884758476875
      ], 
      "visibility": 0.9439537817916196
    }, 
    {
      "bounding_box": {
        "bottom_right": [
          317, 
          210
        ], 
        "top_left": [
          164, 
          91
        ]
      }, 
      "class": "004_sugar_box", 
      "cuboid": [
        [
          -29.626906587076707, 
          2.7745161088240864, 
          55.864455863998685
        ], 
        [
          -37.66199753758572, 
          1.539989771819704, 
          51.41434349571226
        ], 
        [
          -40.743206247137515, 
          -12.931353043263622, 
          60.992305702902684
        ], 
        [
          -32.7081152966285, 
          -11.696826706259241, 
          65.44241807118911
        ], 
        [
          -31.733029521669458, 
          5.2798568582972925, 
          58.97223597266261
        ], 
        [
          -39.768120472178474, 
          4.04533052129291, 
          54.52212360437618
        ], 
        [
          -42.84932918173027, 
          -10.426012293790416, 
          64.10008581156661
        ], 
        [
          -34.81423823122125, 
          -9.191485956786034, 
          68.55019817985304
        ]
      ], 
      "cuboid_centroid": [
        -36.238117884403486, 
        -3.825748092483165, 
        59.98227083778265
      ], 
      "location": [
        -36.238117884403486, 
        -3.825748092483165, 
        59.98227083778265
      ], 
      "pose_transform_permuted": [
        [
          0.46663776715537886, 
          -0.555089446155059, 
          -0.6885673893472196, 
          0.0
        ], 
        [
          0.8669994476702081, 
          0.13320740971193615, 
          0.4801743986644332, 
          0.0
        ], 
        [
          0.17481738211822487, 
          0.8210551459320822, 
          -0.5434212469598951, 
          0.0
        ], 
        [
          -36.238117884403486, 
          -3.825748092483165, 
          59.98227083778265, 
          1.0
        ]
      ], 
      "projected_cuboid": [
        [
          196.4016961959874, 
          299.7739305779372
        ], 
        [
          87.67456151622046, 
          289.2608098937705
        ], 
        [
          122.36765420098207, 
          160.21418015869997
        ], 
        [
          212.82265617305015, 
          177.96385695486688
        ], 
        [
          192.22561875363945, 
          321.0352965697267
        ], 
        [
          89.35511605082401, 
          312.8567866214255
        ], 
        [
          122.1150632552884, 
          186.5409984043543
        ], 
        [
          208.4856102556612, 
          201.77690577971157
        ]
      ], 
      "projected_cuboid_centroid": [
        156.70847118430837, 
        239.2707138136761
      ], 
      "quaternion_xyzw": [
        0.9187793509528702, 
        -0.011322079768971415, 
        0.2576277331542848, 
        0.2989049253163133
      ], 
      "visibility": 0.6100234925606891
    }, 
    {
      "bounding_box": {
        "bottom_right": [
          182, 
          169
        ], 
        "top_left": [
          37, 
          0
        ]
      }, 
      "class": "024_bowl", 
      "cuboid": [
        [
          -45.60135815163087, 
          -17.235037127489427, 
          41.471736150961206
        ], 
        [
          -45.463700805817204, 
          -8.091565967834846, 
          54.74261882670937
        ], 
        [
          -46.38760669636177, 
          -12.55256003348936, 
          57.82577116970674
        ], 
        [
          -46.52526404217543, 
          -21.69603119314394, 
          44.55488849395858
        ], 
        [
          -29.68502102892867, 
          -19.545386371701255, 
          42.898439364485505
        ], 
        [
          -29.547363683115012, 
          -10.401915212046672, 
          56.16932204023367
        ], 
        [
          -30.471269573659576, 
          -14.862909277701187, 
          59.252474383231046
        ], 
        [
          -30.60892691947324, 
          -24.006380437355766, 
          45.98159170748289
        ]
      ], 
      "cuboid_centroid": [
        -38.03631386264522, 
        -16.048973202595306, 
        50.362105267096126
      ], 
      "location": [
        -38.03631386264522, 
        -16.048973202595306, 
        50.362105267096126
      ],