{
  "camera_data": {
    "location_worldframe": [
      -8.129545013180618, 
      -11.009696361395319, 
      71.07171395909994
    ], 
    "quaternion_xyzw_worldframe": [
      -0.8254683370482984, 
      -0.07503211713881595, 
      -0.19144976830677649, 
      0.5256590629574418
    ]
  }, 
  "objects": [
    {
      "bounding_box": {
        "bottom_right": [
          399, 
          453
        ], 
        "top_left": [
          218, 
          309
        ]
      }, 
      "class": "003_cracker_box", 
      "cuboid": [
        [
          -2.6306426291267337, 
          14.729443060702907, 
          69.5973579541004
        ], 
        [
          -13.019687629127908, 
          12.330753889850522, 
          57.1317191843966
        ], 
        [
          -16.844171094910774, 
          -7.467439245737352, 
          64.12874869214559
        ], 
        [
          -6.4551260949095965, 
          -5.068750074884966, 
          76.5943874618494
        ], 
        [
          -8.03606130867968, 
          17.197886994233137, 
          73.62732457687788
        ], 
        [
          -18.425106308680856, 
          14.79919782338075, 
          61.161685807174095
        ], 
        [
          -22.24958977446372, 
          -4.998995312207123, 
          68.15871531492309
        ], 
        [
          -11.860544774462543, 
          -2.600306141354737, 
          80.62435408462689
        ]
      ], 
      "cuboid_centroid": [
        -12.440116201795226, 
        4.865223874247892, 
        68.87803663451174
      ], 
      "location": [
        -12.440116201795226, 
        4.865223874247892, 
        68.87803663451174
      ], 
      "pose_transform_permuted": [
        [
          0.75284384523498, 
          -0.34379442793126097, 
          -0.561276701828275, 
          0.0
        ], 
        [
          0.6333393012055886, 
          0.14622942948816672, 
          0.7599330783035978, 
          0.0
        ], 
        [
          0.17918558602807896, 
          0.927589534910233, 
          -0.3278264487267487, 
          0.0
        ], 
        [
          -12.440116201795226, 
          4.865223874247892, 
          68.87803663451174, 
          1.0
        ]
      ], 
      "projected_cuboid": [
        [
          461.2706516804819, 
          386.1572081390281
        ], 
        [
          359.04659048692463, 
          388.3930430648165
        ], 
        [
          340.3470165188188, 
          211.18441269265244
        ], 
        [
          436.27606505783064, 
          237.9933034936888
        ], 
        [
          422.9027644902588, 
          397.85944587804056
        ], 
        [
          319.5943534044446, 
          402.33304659658774
        ], 
        [
          306.0504975912481, 
          234.171039928656
        ], 
        [
          402.48729782274995, 
          256.0858521195797
        ]
      ], 
      "projected_cuboid_centroid": [
        384.4710882010141, 
        310.9577506847906
      ], 
      "quaternion_xyzw": [
        0.8834881914808053, 
        -0.009325579237418773, 
        0.4280693670062041, 
        0.19004806264934704
      ], 
      "visibility": 0.8508926910916869
    }, 
    {
      "bounding_box": {
        "bottom_right": [
          384, 
          339
        ], 
        "top_left": [
          237, 
          243
        ]
      }, 
      "class": "004_sugar_box", 
      "cuboid": [
        [
          -16.626701927806238, 
          12.069598895115341, 
          64.97035352138867
        ], 
        [
          -23.38023531025023, 
          11.394732582267851, 
          58.65968127018727
        ], 
        [
          -27.269066013104137, 
          -4.7560804975965345, 
          64.54858631694019
        ], 
        [
          -20.51553263066014, 
          -4.081214184749045, 
          70.85925856814158
        ], 
        [
          -19.552727414387864, 
          13.846603109739435, 
          67.91168216053778
        ], 
        [
          -26.30626079683186, 
          13.171736796891947, 
          61.601009909336376
        ], 
        [
          -30.195091499685763, 
          -2.9790762829724398, 
          67.48991495608928
        ], 
        [
          -23.441558117241765, 
          -2.30420997012495, 
          73.80058720729069
        ]
      ], 
      "cuboid_centroid": [
        -23.410896713746, 
        4.545261306071451, 
        66.23013423873898
      ], 
      "location": [
        -23.410896713746, 
        4.545261306071451, 
        66.23013423873898
      ], 
      "pose_transform_permuted": [
        [
          0.6482973891370667, 
          -0.3937174156921777, 
          -0.6516879931836008, 
          0.0
        ], 
        [
          0.7287172912498677, 
          0.0728191782885715, 
          0.6809318512907087, 
          0.0
        ], 
        [
          0.22063912803647354, 
          0.9163426200081681, 
          -0.33411659542072986, 
          0.0
        ], 
        [
          -23.410896713746, 
          4.545261306071451, 
          66.23013423873898, 
          1.0
        ]
      ], 
      "projected_cuboid": [
        [
          343.9767307911126, 
          372.36177927078336
        ], 
        [
          267.2582079621431, 
          376.88468068410117
        ], 
        [
          254.41436319828304, 
          233.99038893717787
        ], 
        [
          325.9008978720222, 
          242.5694306926339
        ], 
        [
          326.7672530931507, 
          382.02577641416565
        ], 
        [
          251.94887792663263, 
          387.3227394738683
        ], 
        [
          241.000622443519, 
          249.7452470714731
        ], 
        [
          310.7850613083093, 
          256.6351758811018
        ]
      ], 
      "projected_cuboid_centroid": [
        291.5093088632323, 
        309.8873525958209
      ], 
      "quaternion_xyzw": [
        0.9078474409890733, 
        -0.040706164679733106, 
        0.3660387143294744, 
        0.20042850215008415
      ], 
      "visibility": 0.6291913214990138
    }, 
    {
      "bounding_box": {
        "bottom_right": [
          272, 
          347
        ], 
        "top_left": [
          171, 
          172
        ]
      }, 
      "class": "024_bowl", 
      "cuboid": [
        [
          -27.420199558598625, 
          -5.422893786400619, 
          43.988753512033384
        ], 
        [
          -30.90431172639368, 
          1.002245837451081, 
          58.35248856256941
        ], 
        [
          -32.10615357762776, 
          -4.000497055714593, 
          60.29877688345626
        ], 
        [
          -28.622041409832704, 
          -10.425636679566292, 
          45.93504183292023
        ], 
        [
          -12.055483981448445, 
          -7.331908261286098, 
          48.56960082024776
        ], 
        [
          -15.5395961492435, 
          -0.9067686374343985, 
          62.93333587078379
        ], 
        [
          -16.741438000477583, 
          -5.9095115306000725, 
          64.87962419167063
        ], 
        [
          -13.257325832682525, 
          -12.334651154451771, 
          50.51588914113459
        ]
      ], 
      "cuboid_centroid": [
        -22.080818779538102, 
        -5.666202658500345, 
        54.43418885185201
      ], 
      "location": [
        -22.080818779538102, 
        -5.666202658500345, 
        54.43418885185201
      ],