{
  "camera_data": {
    "location_worldframe": [
      -16.007378558852185, 
      0.7162897313463562, 
      86.30276908659566
    ], 
    "quaternion_xyzw_worldframe": [
      0.8947214784416736, 
      0.023917871909479364, 
      -0.017634010551783895, 
      -0.44563509168330456
    ]
  }, 
  "objects": [
    {
      "bounding_box": {
        "bottom_right": [
          331, 
          576
        ], 
        "top_left": [
          224, 
          408
        ]
      }, 
      "class": "003_cracker_box", 
      "cuboid": [
        [
          -8.427046204740316, 
          9.57571468822633, 
          78.81638949578304
        ], 
        [
          -9.315908688122619, 
          0.007120663393481337, 
          65.52240410536213
        ], 
        [
          11.993035216993169, 
          -0.9777531264843358, 
          64.80652673245832
        ], 
        [
          12.881897700375472, 
          8.590840898348514, 
          78.10051212287924
        ], 
        [
          -8.555074490182072, 
          3.753246994876505, 
          83.01577948159849
        ], 
        [
          -9.443936973564375, 
          -5.815347029956345, 
          69.72179409117757
        ], 
        [
          11.865006931551413, 
          -6.800220819834163, 
          69.00591671827377
        ], 
        [
          12.753869414933716, 
          2.7683732049986878, 
          82.29990210869468
        ]
      ], 
      "cuboid_centroid": [
        1.7189803634055492, 
        1.3877469341960844, 
        73.91115310702841
      ], 
      "location": [
        1.7189803634055492, 
        1.3877469341960844, 
        73.91115310702841
      ], 
      "pose_transform_permuted": [
        [
          0.017831237953020995, 
          0.8109286674867628, 
          -0.5848732710606679, 
          0.0
        ], 
        [
          0.05418703490967153, 
          0.5833227840679217, 
          0.8104309315635394, 
          0.0
        ], 
        [
          -0.9983715802248982, 
          0.04614353514189601, 
          0.03354045264822511, 
          0.0
        ], 
        [
          1.7189803634055492, 
          1.3877469341960844, 
          73.91115310702841, 
          1.0
        ]
      ], 
      "projected_cuboid": [
        [
          424.09935506007145, 
          338.08164213123797
        ], 
        [
          405.13832870721774, 
          273.34449661840483
        ], 
        [
          581.1151752284209, 
          265.24020505553045
        ], 
        [
          570.2958609182991, 
          331.95022100297945
        ], 
        [
          426.1785539845271, 
          297.3985819247146
        ], 
        [
          408.75600761071945, 
          228.80348222478023
        ], 
        [
          574.0612243997424, 
          220.7303064931679
        ], 
        [
          564.9334022525721, 
          291.22614186823125
        ]
      ], 
      "projected_cuboid_centroid": [
        494.10405551160557, 
        283.3000824247314
      ], 
      "quaternion_xyzw": [
        0.6490770064314856, 
        0.6092090570996749, 
        0.31901537156207554, 
        -0.32525767812117345
      ], 
      "visibility": 0.9902517275419546
    }, 
    {
      "bounding_box": {
        "bottom_right": [
          361, 
          448
        ], 
        "top_left": [
          305, 
          380
        ]
      }, 
      "class": "005_tomato_soup_can", 
      "cuboid": [
        [
          -16.891066406161386, 
          12.30302551821287, 
          87.73449484367102
        ], 
        [
          -11.401482891278022, 
          9.938730687944076, 
          84.56400963063348
        ], 
        [
          -5.460683663435156, 
          14.326924852348583, 
          91.5779293416722
        ], 
        [
          -10.950267178318517, 
          16.691219682617376, 
          94.74841455470974
        ], 
        [
          -17.153443310897696, 
          6.669004351819652, 
          91.48160179674836
        ], 
        [
          -11.663859796014334, 
          4.3047095215508575, 
          88.31111658371084
        ], 
        [
          -5.7230605681714675, 
          8.692903685955363, 
          95.32503629474955
        ], 
        [
          -11.21264408305483, 
          11.057198516224158, 
          98.49552150778709
        ]
      ], 
      "cuboid_centroid": [
        -11.307063487166426, 
        10.497964602084117, 
        91.52976556921028
      ], 
      "location": [
        -11.307063487166426, 
        10.497964602084117, 
        91.52976556921028
      ], 
      "pose_transform_permuted": [
        [
          0.03874780779629981, 
          0.8320319560713131, 
          -0.5533725621008383, 
          0.0
        ], 
        [
          -0.8113604110786475, 
          0.3494427619503606, 
          0.4685976957622738, 
          0.0
        ], 
        [
          -0.5832604332918669, 
          -0.43082755897623004, 
          -0.6886180954511484, 
          0.0
        ], 
        [
          -11.307063487166426, 
          10.497964602084117, 
          91.52976556921028, 
          1.0
        ]
      ], 
      "projected_cuboid": [
        [
          378.064157083178, 
          348.07404833079903
        ], 
        [
          409.0921432455095, 
          335.9671006805871
        ], 
        [
          449.5308364689086, 
          356.72181158181724
        ], 
        [
          419.44658667682353, 
          367.23802377238167
        ], 
        [
          380.76253611456275, 
          312.1655098317667
        ], 
        [
          410.57085689344746, 
          299.2831053052123
        ], 
        [
          449.3111538334986, 
          321.92114595583564
        ], 
        [
          420.37848332527165, 
          333.1574885936116
        ]
      ], 
      "projected_cuboid_centroid": [
        415.1647795357763, 
        334.4553836668907
      ], 
      "quaternion_xyzw": [
        0.27891959034324415, 
        0.835996491044627, 
        0.4547417566377341, 
        -0.12854416632444568
      ], 
      "visibility": 0.7281361297981797
    }, 
    {
      "bounding_box": {
        "bottom_right": [
          366, 
          555
        ], 
        "top_left": [
          300, 
          489
        ]
      }, 
      "class": "010_potted_meat_can", 
      "cuboid": [
        [
          11.947575992433002, 
          12.197018688828095, 
          81.7978254661462
        ], 
        [
          2.1817590660052533, 
          10.113085780703765, 
          79.89859770956899
        ], 
        [
          2.6234703064057308, 
          3.4580930983881673, 
          84.92953047306628
        ], 
        [
          12.389287232833478, 
          5.542026006512497, 
          86.82875822964348
        ], 
        [
          10.379097775898313, 
          15.47270977100326, 
          86.26866928325437
        ], 
        [
          0.6132808494705662, 
          13.388776862878931, 
          84.36944152667716
        ], 
        [
          1.0549920898710436, 
          6.733784180563333, 
          89.40037429017445
        ], 
        [
          10.82080901629879, 
          8.817717088687663, 
          91.29960204675166
        ]
      ], 
      "cuboid_centroid": [
        6.501284041152022, 
        9.465401434695714, 
        85.59909987816032
      ], 
      "location": [
        6.501284041152022, 
        9.465401434695714, 
        85.59909987816032
      ],