{
  "camera_data": {
    "location_worldframe": [
      -11.782560790801714, 
      3.60425613029305, 
      82.3953851761838
    ], 
    "quaternion_xyzw_worldframe": [
      0.91800565440555, 
      0.014700767837212513, 
      0.06375140575166728, 
      -0.3911340994023804
    ]
  }, 
  "objects": [
    {
      "bounding_box": {
        "bottom_right": [
          342, 
          626
        ], 
        "top_left": [
          215, 
          454
        ]
      }, 
      "class": "003_cracker_box", 
      "cuboid": [
        [
          -2.4465694111473537, 
          10.865919585631614, 
          75.17707304321696
        ], 
        [
          -2.4447170878714535, 
          -0.13141098282167443, 
          63.00592549566759
        ], 
        [
          18.572233071570366, 
          -2.890280328905897, 
          65.50192090294915
        ], 
        [
          18.570380748294465, 
          8.107050239547393, 
          77.67306845049853
        ], 
        [
          -3.6981070092652306, 
          5.619964115773757, 
          79.91690451529574
        ], 
        [
          -3.696254685989331, 
          -5.377366452679532, 
          67.74575696774636
        ], 
        [
          17.32069547345249, 
          -8.136235798763755, 
          70.24175237502791
        ], 
        [
          17.318843150176587, 
          2.8610947696895352, 
          82.4128999225773
        ]
      ], 
      "cuboid_centroid": [
        7.437063031152567, 
        1.3648418934339304, 
        72.70941270912245
      ], 
      "location": [
        7.437063031152567, 
        1.3648418934339304, 
        72.70941270912245
      ], 
      "pose_transform_permuted": [
        [
          0.17430886184400785, 
          0.7306344840222255, 
          -0.6601436748467886, 
          0.0
        ], 
        [
          -0.000112921748742556, 
          0.6704217430331928, 
          0.7419802380906204, 
          0.0
        ], 
        [
          -0.9846910215551501, 
          0.12925918623413685, 
          -0.11694295550721887, 
          0.0
        ], 
        [
          7.437063031152567, 
          1.3648418934339304, 
          72.70941270912245, 
          1.0
        ]
      ], 
      "projected_cuboid": [
        [
          464.0960286567415, 
          350.37131222968065
        ], 
        [
          460.7310811360474, 
          272.174197355832
        ], 
        [
          634.0731879682818, 
          249.75374567533282
        ], 
        [
          610.1677920575778, 
          328.9512457206233
        ], 
        [
          456.7123604766472, 
          310.7909550736613
        ], 
        [
          452.25629767419764, 
          230.9539261181281
        ], 
        [
          614.202627411811, 
          211.51111612676223
        ], 
        [
          594.6066912168678, 
          291.8015747222544
        ]
      ], 
      "projected_cuboid_centroid": [
        536.6021193178782, 
        283.2975789537051
      ], 
      "quaternion_xyzw": [
        0.6688217137870494, 
        0.6186674006203563, 
        0.34250125296708434, 
        -0.2293927947704177
      ], 
      "visibility": 0.9757715442127157
    }, 
    {
      "bounding_box": {
        "bottom_right": [
          384, 
          471
        ], 
        "top_left": [
          325, 
          403
        ]
      }, 
      "class": "005_tomato_soup_can", 
      "cuboid": [
        [
          -11.736846308417606, 
          15.312388290511207, 
          82.42485444320668
        ], 
        [
          -6.121461249154097, 
          12.153842974516651, 
          80.35883512567513
        ], 
        [
          -0.7894603285346087, 
          16.86669324222781, 
          87.64603086475043
        ], 
        [
          -6.404845387798118, 
          20.025238558222362, 
          89.71205018228198
        ], 
        [
          -13.041730031602006, 
          10.209188238435159, 
          86.68002475222674
        ], 
        [
          -7.426344972338496, 
          7.050642922440605, 
          84.6140054346952
        ], 
        [
          -2.094344051719007, 
          11.76349319015176, 
          91.9012011737705
        ], 
        [
          -7.709729110982516, 
          14.922038506146315, 
          93.96722049130204
        ]
      ], 
      "cuboid_centroid": [
        -6.915595180068307, 
        13.537940740331484, 
        87.1630278084886
      ], 
      "location": [
        -6.915595180068307, 
        13.537940740331484, 
        87.1630278084886
      ], 
      "pose_transform_permuted": [
        [
          0.19270516112416, 
          0.7536403212113377, 
          -0.6284033323746014, 
          0.0
        ], 
        [
          -0.829953878595058, 
          0.4668329790498377, 
          0.30535764292939144, 
          0.0
        ], 
        [
          -0.5234893569029757, 
          -0.46270189982215737, 
          -0.7154480030793817, 
          0.0
        ], 
        [
          -6.915595180068307, 
          13.537940740331484, 
          87.1630278084886, 
          1.0
        ]
      ], 
      "projected_cuboid": [
        [
          405.0224282404363, 
          372.363407399228
        ], 
        [
          440.6320452726812, 
          353.948265580642
        ], 
        [
          476.75322901805686, 
          375.91911267613557
        ], 
        [
          443.20428483568895, 
          392.3324393856945
        ], 
        [
          400.686003826268, 
          336.1010103053847
        ], 
        [
          434.3989594146372, 
          317.7265325800453
        ], 
        [
          469.3419205632352, 
          341.552253822796
        ], 
        [
          437.4751414677261, 
          357.977936902811
        ]
      ], 
      "projected_cuboid_centroid": [
        438.93037494657784, 
        356.1203850168191
      ], 
      "quaternion_xyzw": [
        0.28971861869753174, 
        0.8545553099115084, 
        0.4297815212343738, 
        -0.03295646299854392
      ], 
      "visibility": 0.9229351032448377
    }, 
    {
      "bounding_box": {
        "bottom_right": [
          372, 
          592
        ], 
        "top_left": [
          307, 
          520
        ]
      }, 
      "class": "010_potted_meat_can", 
      "cuboid": [
        [
          17.49521470145454, 
          12.194864843832793, 
          80.78459189853551
        ], 
        [
          7.921051621181141, 
          10.682463972888161, 
          77.72369863098841
        ], 
        [
          7.039269273216023, 
          4.667363327148048, 
          83.4539119782238
        ], 
        [
          16.613432353489422, 
          6.17976419809268, 
          86.51480524577092
        ], 
        [
          15.658501365052008, 
          16.09926254001479, 
          84.60046442896547
        ], 
        [
          6.08433828477861, 
          14.586861669070162, 
          81.53957116141837
        ], 
        [
          5.202555936813492, 
          8.571761023330048, 
          87.26978450865377
        ], 
        [
          14.77671901708689, 
          10.08416189427468, 
          90.33067777620087
        ]
      ], 
      "cuboid_centroid": [
        11.348885319134014, 
        10.38331293358142, 
        84.02718820359463
      ], 
      "location": [
        11.348885319134014, 
        10.38331293358142, 
        84.02718820359463
      ],