{
  "camera_data": {
    "location_worldframe": [
      -16.575337427217324, 
      0.21205422626092568, 
      89.89175840884285
    ], 
    "quaternion_xyzw_worldframe": [
      0.8829999364886801, 
      0.03261284442110229, 
      0.0020853126312636917, 
      -0.46823605867792617
    ]
  }, 
  "objects": [
    {
      "bounding_box": {
        "bottom_right": [
          327, 
          572
        ], 
        "top_left": [
          230, 
          414
        ]
      }, 
      "class": "003_cracker_box", 
      "cuboid": [
        [
          -8.679942954566284, 
          9.423871709182594, 
          83.19838857340183
        ], 
        [
          -9.02647243336658, 
          0.5634128917867461, 
          69.39801529755486
        ], 
        [
          12.292646513324513, 
          -0.45385611234188583, 
          69.51582130958948
        ], 
        [
          12.63917599212481, 
          8.406602705053961, 
          83.31619458543645
        ], 
        [
          -8.989249473160944, 
          3.3911214042281577, 
          87.07945167139053
        ], 
        [
          -9.33577895196124, 
          -5.469337413167691, 
          73.27907839554358
        ], 
        [
          11.983339994729853, 
          -6.486606417296323, 
          73.39688440757818
        ], 
        [
          12.32986947353015, 
          2.3738524000995254, 
          87.19725768342515
        ]
      ], 
      "cuboid_centroid": [
        1.6516985200817846, 
        1.4686326459431358, 
        78.29763649049
      ], 
      "location": [
        1.6516985200817846, 
        1.4686326459431358, 
        78.29763649049
      ], 
      "pose_transform_permuted": [
        [
          0.04307890334117581, 
          0.8402159399981979, 
          -0.5405380488549041, 
          0.0
        ], 
        [
          0.02112520813515506, 
          0.5401532860594739, 
          0.8413014638881826, 
          0.0
        ], 
        [
          -0.9988483036318219, 
          0.0476613232306593, 
          -0.005519474588637913, 
          0.0
        ], 
        [
          1.6516985200817846, 
          1.4686326459431358, 
          78.29763649049, 
          1.0
        ]
      ], 
      "projected_cuboid": [
        [
          425.49308587183987, 
          333.6955845745129
        ], 
        [
          411.65109065549177, 
          277.6163322459053
        ], 
        [
          576.6911477600385, 
          269.8045917410841
        ], 
        [
          563.1765759235354, 
          327.09847541872784
        ], 
        [
          426.083456870074, 
          294.0555187119363
        ], 
        [
          413.0857544360343, 
          233.48111447886114
        ], 
        [
          569.3965597132262, 
          226.15328077861915
        ], 
        [
          557.6379942930628, 
          287.8055951876524
        ]
      ], 
      "projected_cuboid_centroid": [
        492.94126891289534, 
        283.29003981971954
      ], 
      "quaternion_xyzw": [
        0.6342957867234966, 
        0.6065788319520162, 
        0.3485678076933526, 
        -0.3289854996992997
      ], 
      "visibility": 0.9835263650097116
    }, 
    {
      "bounding_box": {
        "bottom_right": [
          352, 
          444
        ], 
        "top_left": [
          300, 
          380
        ]
      }, 
      "class": "005_tomato_soup_can", 
      "cuboid": [
        [
          -17.504237856732335, 
          11.711418699794871, 
          91.88799779207521
        ], 
        [
          -11.890344645201012, 
          9.497107137138649, 
          88.82884414924948
        ], 
        [
          -6.241184791635811, 
          13.494354240111328, 
          96.30235883442896
        ], 
        [
          -11.855078003167135, 
          15.708665802767548, 
          99.36151247725469
        ], 
        [
          -17.928763791906654, 
          5.89085879185085, 
          95.32204886183314
        ], 
        [
          -12.31487058037533, 
          3.676547229194629, 
          92.2628952190074
        ], 
        [
          -6.665710726810127, 
          7.673794332167308, 
          99.73640990418689
        ], 
        [
          -12.279603938341452, 
          9.88810589482353, 
          102.79556354701262
        ]
      ], 
      "cuboid_centroid": [
        -12.084974291771232, 
        9.692606515981089, 
        95.81220384813105
      ], 
      "location": [
        -12.084974291771232, 
        9.692606515981089, 
        95.81220384813105
      ], 
      "pose_transform_permuted": [
        [
          0.06269396827137123, 
          0.8595799878290556, 
          -0.5071404853540186, 
          0.0
        ], 
        [
          -0.8297333835090519, 
          0.3272752358830136, 
          0.4521428903424879, 
          0.0
        ], 
        [
          -0.5546276346931631, 
          -0.39244485259284906, 
          -0.7337405703026407, 
          0.0
        ], 
        [
          -12.084974291771232, 
          9.692606515981089, 
          95.81220384813105, 
          1.0
        ]
      ], 
      "projected_cuboid": [
        [
          379.15551520262045, 
          341.25982164630176
        ], 
        [
          409.613699616945, 
          330.30622869361355
        ], 
        [
          446.74553846921503, 
          348.01786819602836
        ], 
        [
          417.4350588912145, 
          357.6022744193704
        ], 
        [
          380.45106808546944, 
          306.24544300815995
        ], 
        [
          409.8185468026556, 
          294.5385768550123
        ], 
        [
          445.65653961106545, 
          314.320547512199
        ], 
        [
          417.3576318848632, 
          324.5875896242684
        ]
      ], 
      "projected_cuboid_centroid": [
        413.7678775273723, 
        327.2385050517115
      ], 
      "quaternion_xyzw": [
        0.2669092552308752, 
        0.8260324935279362, 
        0.48222090856460076, 
        -0.11786731306652455
      ], 
      "visibility": 0.7501099868015838
    }, 
    {
      "bounding_box": {
        "bottom_right": [
          357, 
          548
        ], 
        "top_left": [
          295, 
          485
        ]
      }, 
      "class": "010_potted_meat_can", 
      "cuboid": [
        [
          11.556163034129813, 
          11.818505969929259, 
          87.15464915570259
        ], 
        [
          1.8753275490119028, 
          9.86885135543403, 
          84.74606162943769
        ], 
        [
          2.0997126254085328, 
          2.959517322406973, 
          89.43701840284173
        ], 
        [
          11.780548110526443, 
          4.909171936902203, 
          91.84560592910663
        ], 
        [
          9.806983645470497, 
          14.86219424953201, 
          91.72138251133639
        ], 
        [
          0.1261481603525877, 
          12.91253963503678, 
          89.31279498507149
        ], 
        [
          0.35053323674921755, 
          6.003205602009724, 
          94.00375175847554
        ], 
        [
          10.031368721867127, 
          7.952860216504954, 
          96.41233928474044
        ]
      ], 
      "cuboid_centroid": [
        5.953348135439515, 
        8.910855785969492, 
        90.57920045708906
      ], 
      "location": [
        5.953348135439515, 
        8.910855785969492, 
        90.57920045708906
      ],