{
  "camera_data": {
    "location_worldframe": [
      -12.908745594496263, 
      -1.1106338033906198, 
      95.1377029889325
    ], 
    "quaternion_xyzw_worldframe": [
      0.9486253800806455, 
      -0.014175154669138292, 
      0.12155347898232438, 
      -0.2917822098465213
    ]
  }, 
  "objects": [
    {
      "bounding_box": {
        "bottom_right": [
          289, 
          589
        ], 
        "top_left": [
          167, 
          451
        ]
      }, 
      "class": "003_cracker_box", 
      "cuboid": [
        [
          -2.286403831392979, 
          3.527239436987613, 
          87.54460043106968
        ], 
        [
          -2.735626773454353, 
          -9.663460868889096, 
          77.80387459178922
        ], 
        [
          17.572877560237227, 
          -13.997723106585585, 
          82.73665978168995
        ], 
        [
          18.022100502298603, 
          -0.8070228007088787, 
          92.4773856209704
        ], 
        [
          -4.486580603841762, 
          -0.48412841005403967, 
          93.07818405297691
        ], 
        [
          -4.935803545903136, 
          -13.674828715930747, 
          83.33745821369646
        ], 
        [
          15.372700787788446, 
          -18.009090953627236, 
          88.27024340359716
        ], 
        [
          15.821923729849818, 
          -4.8183906477505305, 
          98.01096924287764
        ]
      ], 
      "cuboid_centroid": [
        6.5431484781977325, 
        -7.240925758319813, 
        87.90742191733342
      ], 
      "location": [
        6.5431484781977325, 
        -7.240925758319813, 
        87.90742191733342
      ], 
      "pose_transform_permuted": [
        [
          0.30643131268122636, 
          0.5586863430287631, 
          -0.7706941161846298, 
          0.0
        ], 
        [
          0.02738563017203577, 
          0.8041344429767465, 
          0.5938163225093747, 
          0.0
        ], 
        [
          -0.9514987534771345, 
          0.2030698592396823, 
          -0.23111199536119822, 
          0.0
        ], 
        [
          6.5431484781977325, 
          -7.240925758319813, 
          87.90742191733342, 
          1.0
        ]
      ], 
      "projected_cuboid": [
        [
          467.5522770298288, 
          294.7743951081603
        ], 
        [
          462.6889921954634, 
          207.04674016125728
        ], 
        [
          595.8156182627381, 
          183.05737146386903
        ], 
        [
          586.3971465685597, 
          268.63241567041194
        ], 
        [
          455.67561784320384, 
          270.51257795548145
        ], 
        [
          449.7470750849919, 
          185.7742223068209
        ], 
        [
          575.2513406075265, 
          164.4774930492185
        ], 
        [
          568.4083856476742, 
          247.0676146133165
        ]
      ], 
      "projected_cuboid_centroid": [
        521.6240627163817, 
        229.3570559994494
      ], 
      "quaternion_xyzw": [
        0.7073099754697986, 
        0.6205317531708009, 
        0.3181941674838717, 
        -0.11578175023262909
      ], 
      "visibility": 0.9632462132462133
    }, 
    {
      "bounding_box": {
        "bottom_right": [
          349, 
          471
        ], 
        "top_left": [
          293, 
          411
        ]
      }, 
      "class": "005_tomato_soup_can", 
      "cuboid": [
        [
          -11.469233635791273, 
          10.289213734711296, 
          92.88931342739734
        ], 
        [
          -6.138700447283189, 
          6.216022393736639, 
          92.01072255365264
        ], 
        [
          -0.8113355949743564, 
          11.744059027270465, 
          98.70433203670751
        ], 
        [
          -6.141868783482439, 
          15.817250368245123, 
          99.58292291045221
        ], 
        [
          -13.670959995015291, 
          6.323390787187547, 
          97.91688700212488
        ], 
        [
          -8.340426806507208, 
          2.2501994462128887, 
          97.03829612838018
        ], 
        [
          -3.013061954198374, 
          7.778236079746714, 
          103.73190561143504
        ], 
        [
          -8.343595142706457, 
          11.851427420721372, 
          104.61049648517975
        ]
      ], 
      "cuboid_centroid": [
        -7.2411477949948235, 
        9.033724907229006, 
        98.31060951941619
      ], 
      "location": [
        -7.2411477949948235, 
        9.033724907229006, 
        98.31060951941619
      ], 
      "pose_transform_permuted": [
        [
          0.3251508354860651, 
          0.5856725289111896, 
          -0.7424718069263009, 
          0.0
        ], 
        [
          -0.7878527737797221, 
          0.6020176561400588, 
          0.12985572595056816, 
          0.0
        ], 
        [
          -0.5230341933621897, 
          -0.5427359044582638, 
          -0.6571704273518663, 
          0.0
        ], 
        [
          -7.2411477949948235, 
          9.033724907229006, 
          98.31060951941619, 
          1.0
        ]
      ], 
      "projected_cuboid": [
        [
          415.1982452401767, 
          332.36157016416377
        ], 
        [
          445.71894398184105, 
          309.31632211965933
        ], 
        [
          477.17672523682813, 
          336.7420777325367
        ], 
        [
          448.4299764239747, 
          357.9963368782974
        ], 
        [
          406.5155321056587, 
          307.72787126011616
        ], 
        [
          435.3763334931687, 
          285.65356706775106
        ], 
        [
          465.976838352948, 
          313.2769883583537
        ], 
        [
          438.7057207461452, 
          333.7068451625377
        ]
      ], 
      "projected_cuboid_centroid": [
        441.9876235870537, 
        322.2930737516631
      ], 
      "quaternion_xyzw": [
        0.3208905947137891, 
        0.8765073424056822, 
        0.35448732033776253, 
        0.05570264505699562
      ], 
      "visibility": 0.968533086534012
    }, 
    {
      "bounding_box": {
        "bottom_right": [
          319, 
          575
        ], 
        "top_left": [
          267, 
          509
        ]
      }, 
      "class": "010_potted_meat_can", 
      "cuboid": [
        [
          17.224813066812843, 
          3.918145810841668, 
          94.61877323713468
        ], 
        [
          7.779148801894201, 
          2.8039916279154755, 
          91.03281315250928
        ], 
        [
          5.783399890272773, 
          -1.7920117970868157, 
          97.71772599349157
        ], 
        [
          15.229064155191413, 
          -0.6778576141606228, 
          101.30368607811695
        ], 
        [
          15.601688155975118, 
          8.686642452147675, 
          97.41262823054996
        ], 
        [
          6.156023891056477, 
          7.572488269221483, 
          93.82666814592457
        ], 
        [
          4.160274979435048, 
          2.976484844219192, 
          100.51158098690685
        ], 
        [
          13.60593924435369, 
          4.090639027145384, 
          104.09754107153223
        ]
      ], 
      "cuboid_centroid": [
        10.692544023123945, 
        3.44731532753043, 
        97.56517711202076
      ], 
      "location": [
        10.692544023123945, 
        3.44731532753043, 
        97.56517711202076
      ],