{
  "camera_data": {
    "location_worldframe": [
      -16.2743211008707, 
      2.77716691082502, 
      83.01683448219707
    ], 
    "quaternion_xyzw_worldframe": [
      0.9106656066339757, 
      0.021621560453494514, 
      -0.04001500989700233, 
      -0.41063328877051236
    ]
  }, 
  "objects": [
    {
      "bounding_box": {
        "bottom_right": [
          345, 
          574
        ], 
        "top_left": [
          231, 
          395
        ]
      }, 
      "class": "003_cracker_box", 
      "cuboid": [
        [
          -9.152512463110154, 
          11.134416480531643, 
          74.56507819381864
        ], 
        [
          -10.390679020941707, 
          0.5429249713054283, 
          62.100513746064635
        ], 
        [
          10.88803007233931, 
          -0.18074660058930542, 
          60.60171892156505
        ], 
        [
          12.126196630170865, 
          10.410744908636909, 
          73.06628336931905
        ], 
        [
          -9.011948602386074, 
          5.65712314938827, 
          79.20532571961006
        ], 
        [
          -10.250115160217629, 
          -4.934368359837944, 
          66.74076127185606
        ], 
        [
          11.02859393306339, 
          -5.658039931732678, 
          65.24196644735648
        ], 
        [
          12.266760490894944, 
          4.933451577493536, 
          77.70653089511048
        ]
      ], 
      "cuboid_centroid": [
        0.9380407349766182, 
        2.738188274399482, 
        69.90352232058756
      ], 
      "location": [
        0.9380407349766182, 
        2.738188274399482, 
        69.90352232058756
      ], 
      "pose_transform_permuted": [
        [
          -0.019577139844668356, 
          0.7628542426317524, 
          -0.6462740441130511, 
          0.0
        ], 
        [
          0.07548138856969783, 
          0.6456808908978156, 
          0.7598675852469259, 
          0.0
        ], 
        [
          -0.996955011811011, 
          0.033905628266397925, 
          0.07022188260626608, 
          0.0
        ], 
        [
          0.9380407349766182, 
          2.738188274399482, 
          69.90352232058756, 
          1.0
        ]
      ], 
      "projected_cuboid": [
        [
          415.58906650589137, 
          352.9243858868015
        ], 
        [
          391.61821126429265, 
          277.9491808795895
        ], 
        [
          578.2146387497243, 
          271.69589495346025
        ], 
        [
          570.8452410491647, 
          349.27581619764163
        ], 
        [
          420.41050564277424, 
          311.3780997870149
        ], 
        [
          399.0067149253673, 
          233.85643220001717
        ], 
        [
          572.5014563878539, 
          227.03496614397065
        ], 
        [
          566.4885490360937, 
          307.1460644407414
        ]
      ], 
      "projected_cuboid_centroid": [
        488.81336576869484, 
        294.17717954953207
      ], 
      "quaternion_xyzw": [
        0.662506803917731, 
        0.6198562388322304, 
        0.2793520160942323, 
        -0.31436512059635713
      ], 
      "visibility": 0.9850159404888417
    }, 
    {
      "bounding_box": {
        "bottom_right": [
          382, 
          445
        ], 
        "top_left": [
          321, 
          373
        ]
      }, 
      "class": "005_tomato_soup_can", 
      "cuboid": [
        [
          -17.307899832670866, 
          14.426113659239226, 
          83.5797629449554
        ], 
        [
          -11.905438509164327, 
          11.902167821954398, 
          80.38281084086108
        ], 
        [
          -5.7736422148434485, 
          16.912792516870855, 
          86.78898969994671
        ], 
        [
          -11.176103538349992, 
          19.43673835415568, 
          89.98594180404103
        ], 
        [
          -17.322650540143293, 
          9.099300089325723, 
          87.76027562515635
        ], 
        [
          -11.92018921663675, 
          6.575354252040897, 
          84.56332352106203
        ], 
        [
          -5.788392922315873, 
          11.585978946957354, 
          90.96950238014766
        ], 
        [
          -11.190854245822415, 
          14.109924784242182, 
          94.16645448424198
        ]
      ], 
      "cuboid_centroid": [
        -11.54814637749337, 
        13.00604630309829, 
        87.27463266255154
      ], 
      "location": [
        -11.54814637749337, 
        13.00604630309829, 
        87.27463266255154
      ], 
      "pose_transform_permuted": [
        [
          0.002178383720836086, 
          0.78666355402418, 
          -0.6173778975905528, 
          0.0
        ], 
        [
          -0.7984837517076916, 
          0.37303917984444196, 
          0.47250950210415454, 
          0.0
        ], 
        [
          -0.6020122926762633, 
          -0.49193703044583026, 
          -0.6289508387328913, 
          0.0
        ], 
        [
          -11.54814637749337, 
          13.00604630309829, 
          87.27463266255154, 
          1.0
        ]
      ], 
      "projected_cuboid": [
        [
          370.23559323799924, 
          365.3390714229577
        ], 
        [
          401.94923918225885, 
          352.25440580338284
        ], 
        [
          445.8222888548044, 
          377.2158899250628
        ], 
        [
          414.8076770981955, 
          388.48223399158036
        ], 
        [
          375.4499759298571, 
          328.583024873932
        ], 
        [
          405.7929429265441, 
          314.7556411680862
        ], 
        [
          447.3791240475498, 
          341.21072466984583
        ], 
        [
          417.68854908151263, 
          353.19927596996723
        ]
      ], 
      "projected_cuboid_centroid": [
        410.4403377066839, 
        352.7641476998582
      ], 
      "quaternion_xyzw": [
        0.2859008057551876, 
        0.8526134352307725, 
        0.41508095411782775, 
        -0.13790866380612932
      ], 
      "visibility": 0.7194092827004219
    }, 
    {
      "bounding_box": {
        "bottom_right": [
          388, 
          556
        ], 
        "top_left": [
          316, 
          485
        ]
      }, 
      "class": "010_potted_meat_can", 
      "cuboid": [
        [
          11.273248029577873, 
          14.28099850528583, 
          76.50740419074211
        ], 
        [
          1.4792634710692385, 
          11.911136573617878, 
          75.17224743217594
        ], 
        [
          2.236477006792913, 
          5.677419782658737, 
          80.68239475541799
        ], 
        [
          12.030461565301549, 
          8.04728171432669, 
          82.01755151398416
        ], 
        [
          9.822943928054439, 
          17.872986282343373, 
          80.77037994027832
        ], 
        [
          0.028959369545804997, 
          15.50312435067542, 
          79.43522318171213
        ], 
        [
          0.7861729052694798, 
          9.269407559716281, 
          84.94537050495418
        ], 
        [
          10.580157463778114, 
          11.639269491384233, 
          86.28052726352037
        ]
      ], 
      "cuboid_centroid": [
        6.029710467423676, 
        11.775203032501055, 
        80.72638734784815
      ], 
      "location": [
        6.029710467423676, 
        11.775203032501055, 
        80.72638734784815
      ],