{
  "camera_data": {
    "location_worldframe": [
      -10.136087521113916, 
      4.671814257787557, 
      86.86248236546633
    ], 
    "quaternion_xyzw_worldframe": [
      0.9404156434880345, 
      -0.034870732357324574, 
      0.1711550286345096, 
      -0.29173332269762875
    ]
  }, 
  "objects": [
    {
      "bounding_box": {
        "bottom_right": [
          324, 
          616
        ], 
        "top_left": [
          184, 
          469
        ]
      }, 
      "class": "003_cracker_box", 
      "cuboid": [
        [
          1.3782987571429066, 
          8.610205545772006, 
          80.23647553132218
        ], 
        [
          0.8547442926764487, 
          -4.46533943173487, 
          70.34536184523567
        ], 
        [
          20.3339528124594, 
          -10.211347798343919, 
          76.91022059771993
        ], 
        [
          20.857507276925862, 
          2.8641971791629555, 
          86.80133428380645
        ], 
        [
          -1.5475975369255546, 
          4.7294640950798925, 
          85.52148964711972
        ], 
        [
          -2.0711520013920124, 
          -8.346080882426982, 
          75.6303759610332
        ], 
        [
          17.40805651839094, 
          -14.092089249036032, 
          82.19523471351746
        ], 
        [
          17.9316109828574, 
          -1.0165442715291562, 
          92.08634839960398
        ]
      ], 
      "cuboid_centroid": [
        9.393177637766923, 
        -2.740941851632013, 
        81.21585512241982
      ], 
      "location": [
        9.393177637766923, 
        -2.740941851632013, 
        81.21585512241982
      ], 
      "pose_transform_permuted": [
        [
          0.40750645738462143, 
          0.5404932511802127, 
          -0.7360744069851083, 
          0.0
        ], 
        [
          0.031917045182518256, 
          0.7971143179123308, 
          0.602984300298089, 
          0.0
        ], 
        [
          -0.9126443937353982, 
          0.269213316178458, 
          -0.3075782843042476, 
          0.0
        ], 
        [
          9.393177637766923, 
          -2.740941851632013, 
          81.21585512241982, 
          1.0
        ]
      ], 
      "projected_cuboid": [
        [
          490.83475649017055, 
          330.5172575797359
        ], 
        [
          488.1312699870993, 
          239.43280687561102
        ], 
        [
          623.7741175991478, 
          202.47785079909977
        ], 
        [
          610.8164757948767, 
          290.8845675314964
        ], 
        [
          471.8656872911911, 
          302.7798949168503
        ], 
        [
          466.8703008281744, 
          214.43282582189292
        ], 
        [
          595.4896378087428, 
          181.8507364960909
        ], 
        [
          586.3137327228238, 
          267.3992053139009
        ]
      ], 
      "projected_cuboid_centroid": [
        543.7932122062929, 
        255.28761445098291
      ], 
      "quaternion_xyzw": [
        0.7136534117388644, 
        0.5989457499690877, 
        0.3539851211600677, 
        -0.0815924659802481
      ], 
      "visibility": 0.9717829253888051
    }, 
    {
      "bounding_box": {
        "bottom_right": [
          385, 
          488
        ], 
        "top_left": [
          327, 
          424
        ]
      }, 
      "class": "005_tomato_soup_can", 
      "cuboid": [
        [
          -7.740532698788197, 
          15.957834705183965, 
          84.8699300376226
        ], 
        [
          -2.6443308196600994, 
          11.532882548763407, 
          84.39462117176294
        ], 
        [
          2.464166157823264, 
          16.645394669835255, 
          91.57166036950223
        ], 
        [
          -2.632035721304834, 
          21.070346826255815, 
          92.04696923536189
        ], 
        [
          -10.622263824548096, 
          12.125380802836764, 
          89.65111916445252
        ], 
        [
          -5.526061945419997, 
          7.700428646416207, 
          89.17581029859288
        ], 
        [
          -0.41756496793663445, 
          12.812940767488056, 
          96.35284949633215
        ], 
        [
          -5.513766847064732, 
          17.237892923908614, 
          96.82815836219181
        ]
      ], 
      "cuboid_centroid": [
        -4.079048833362416, 
        14.38538773633601, 
        90.61138976697738
      ], 
      "location": [
        -4.079048833362416, 
        14.38538773633601, 
        90.61138976697738
      ], 
      "pose_transform_permuted": [
        [
          0.42557390443255055, 
          0.5659765951792529, 
          -0.7060857643333809, 
          0.0
        ], 
        [
          -0.7532186076373053, 
          0.6540079025854868, 
          0.07025064756691585, 
          0.0
        ], 
        [
          -0.501546011956213, 
          -0.5019402138639587, 
          -0.7046329680032157, 
          0.0
        ], 
        [
          -4.079048833362416, 
          14.38538773633601, 
          90.61138976697738, 
          1.0
        ]
      ], 
      "projected_cuboid": [
        [
          432.5504873281995, 
          373.56499643556634
        ], 
        [
          464.74734638643895, 
          346.1669186060503
        ], 
        [
          496.0681389622043, 
          370.23044957171055
        ], 
        [
          466.21998373315085, 
          395.3680000871227
        ], 
        [
          417.8803935548026, 
          345.4184097955287
        ], 
        [
          448.27281598900646, 
          319.33926665521824
        ], 
        [
          479.2665577028103, 
          344.20703763488274
        ], 
        [
          450.9747226425909, 
          368.2310874227211
        ]
      ], 
      "projected_cuboid_centroid": [
        457.3885706499574, 
        357.9559047247101
      ], 
      "quaternion_xyzw": [
        0.33575545519116384, 
        0.8604133579034332, 
        0.36918579642886984, 
        0.10324202129179223
      ], 
      "visibility": 0.9724696356275304
    }, 
    {
      "bounding_box": {
        "bottom_right": [
          345, 
          599
        ], 
        "top_left": [
          292, 
          525
        ]
      }, 
      "class": "010_potted_meat_can", 
      "cuboid": [
        [
          20.206003527463643, 
          7.621208178420264, 
          88.92122633248856
        ], 
        [
          11.041926705932548, 
          7.1781468538064646, 
          84.54579317117441
        ], 
        [
          8.18258729495612, 
          2.693854209077331, 
          90.9885890317978
        ], 
        [
          17.34666411648722, 
          3.13691553369113, 
          95.36402219311195
        ], 
        [
          18.6814928621559, 
          12.474696951231504, 
          91.62275078770239
        ], 
        [
          9.517416040624802, 
          12.031635626617705, 
          87.24731762638824
        ], 
        [
          6.658076629648374, 
          7.547342981888572, 
          93.69011348701164
        ], 
        [
          15.82215345117947, 
          7.99040430650237, 
          98.06554664832578
        ]
      ], 
      "cuboid_centroid": [
        13.43204007855601, 
        7.584275580154418, 
        91.3056699097501
      ], 
      "location": [
        13.43204007855601, 
        7.584275580154418, 
        91.3056699097501
      ],