{
  "camera_data": {
    "location_worldframe": [
      -8.809944455756748, 
      8.241226347971578, 
      83.68925422657128
    ], 
    "quaternion_xyzw_worldframe": [
      0.9359635101547251, 
      -0.04135552090992201, 
      0.18610259011577057, 
      -0.296021582621025
    ]
  }, 
  "objects": [
    {
      "bounding_box": {
        "bottom_right": [
          349, 
          630
        ], 
        "top_left": [
          202, 
          479
        ]
      }, 
      "class": "003_cracker_box", 
      "cuboid": [
        [
          2.949538661319093, 
          12.025972581813193, 
          77.41334686488368
        ], 
        [
          2.4297616410285148, 
          -0.9211317492288438, 
          67.35449817442975
        ], 
        [
          21.613431997158482, 
          -7.129512227652332, 
          74.35423750163801
        ], 
        [
          22.13320901744906, 
          5.817592103389703, 
          84.41308619209195
        ], 
        [
          -0.1896777672033445, 
          8.143317176043329, 
          82.57306630976473
        ], 
        [
          -0.7094547874939225, 
          -4.803787154998707, 
          72.5142176193108
        ], 
        [
          18.474215568636048, 
          -11.012167633422196, 
          79.51395694651906
        ], 
        [
          18.993992588926623, 
          1.9349366976198399, 
          89.57280563697299
        ]
      ], 
      "cuboid_centroid": [
        10.71187711497757, 
        0.5069024741954982, 
        78.46365190570137
      ], 
      "location": [
        10.71187711497757, 
        0.5069024741954982, 
        78.46365190570137
      ], 
      "pose_transform_permuted": [
        [
          0.4372167832278093, 
          0.5407598187461613, 
          -0.7186238952981912, 
          0.0
        ], 
        [
          0.031686763779877836, 
          0.7892842902939669, 
          0.6132097994131434, 
          0.0
        ], 
        [
          -0.89879777117274, 
          0.29087648156007423, 
          -0.3279534098163136, 
          0.0
        ], 
        [
          10.71187711497757, 
          0.5069024741954982, 
          78.46365190570137, 
          1.0
        ]
      ], 
      "projected_cuboid": [
        [
          502.0865044019736, 
          356.1364203893694
        ], 
        [
          500.9964918348265, 
          265.9929256190922
        ], 
        [
          637.9153425654691, 
          222.14878689655114
        ], 
        [
          622.5994177516236, 
          310.04192669662956
        ], 
        [
          480.36177674721813, 
          325.88226581435305
        ], 
        [
          476.3357662989336, 
          237.95617316116378
        ], 
        [
          606.5407742450492, 
          199.42523265087965
        ], 
        [
          595.6304043062077, 
          284.807218010366
        ]
      ], 
      "projected_cuboid_centroid": [
        555.0127454923331, 
        276.7319679312325
      ], 
      "quaternion_xyzw": [
        0.7143506038070772, 
        0.5907750523588143, 
        0.3676159077359157, 
        -0.07447547737613439
      ], 
      "visibility": 0.9807015338194619
    }, 
    {
      "bounding_box": {
        "bottom_right": [
          409, 
          496
        ], 
        "top_left": [
          351, 
          431
        ]
      }, 
      "class": "005_tomato_soup_can", 
      "cuboid": [
        [
          -6.142097147129211, 
          19.499637014220287, 
          81.89640485803271
        ], 
        [
          -1.1228953192302773, 
          14.979878942571798, 
          81.5004330383424
        ], 
        [
          3.894565641496963, 
          19.90619729500922, 
          88.86934654041079
        ], 
        [
          -1.1246361864019705, 
          24.42595536665771, 
          89.2653183601011
        ], 
        [
          -9.222997480542444, 
          15.670221000650491, 
          86.55424478571334
        ], 
        [
          -4.203795652643511, 
          11.150462929002003, 
          86.15827296602302
        ], 
        [
          0.8136653080837288, 
          16.076781281439427, 
          93.52718646809141
        ], 
        [
          -4.205536519815205, 
          20.596539353087913, 
          93.92315828778173
        ]
      ], 
      "cuboid_centroid": [
        -2.664215919522741, 
        17.788209147829857, 
        87.71179566306206
      ], 
      "location": [
        -2.664215919522741, 
        17.788209147829857, 
        87.71179566306206
      ], 
      "pose_transform_permuted": [
        [
          0.454987202774677, 
          0.5655279599208575, 
          -0.6878695609473852, 
          0.0
        ], 
        [
          -0.741838000520392, 
          0.6680202162962577, 
          0.05852463261164593, 
          0.0
        ], 
        [
          -0.492608206697707, 
          -0.48365993641223354, 
          -0.7234709535315037, 
          0.0
        ], 
        [
          -2.664215919522741, 
          17.788209147829857, 
          87.71179566306206, 
          1.0
        ]
      ], 
      "projected_cuboid": [
        [
          441.2656425279029, 
          400.27060159741666
        ], 
        [
          474.1878729133693, 
          371.3113274920395
        ], 
        [
          505.16376953813733, 
          392.74690600686466
        ], 
        [
          474.82188603412646, 
          419.2204860591412
        ], 
        [
          424.29431990290533, 
          369.8414296907566
        ], 
        [
          455.3587293364218, 
          342.3078871420178
        ], 
        [
          486.27549408770096, 
          364.96108327181616
        ], 
        [
          457.51795744744214, 
          390.2389273900215
        ]
      ], 
      "projected_cuboid_centroid": [
        465.2626702247555, 
        381.4453120250607
      ], 
      "quaternion_xyzw": [
        0.3399895517070563, 
        0.8534294783226104, 
        0.3775938569598772, 
        0.11613805833795028
      ], 
      "visibility": 0.9625482625482625
    }, 
    {
      "bounding_box": {
        "bottom_right": [
          367, 
          610
        ], 
        "top_left": [
          310, 
          533
        ]
      }, 
      "class": "010_potted_meat_can", 
      "cuboid": [
        [
          21.519613052629243, 
          10.56179500848456, 
          86.57268668748168
        ], 
        [
          12.466700467139695, 
          10.351998618839357, 
          81.95513518567942
        ], 
        [
          9.351765146664425, 
          5.851221736285253, 
          88.26659351914903
        ], 
        [
          18.404677732153974, 
          6.061018125930457, 
          92.88414502095128
        ], 
        [
          20.02010379603698, 
          15.413067767399735, 
          89.29212505349807
        ], 
        [
          10.967191210547433, 
          15.203271377754533, 
          84.67457355169581
        ], 
        [
          7.852255890072164, 
          10.702494495200428, 
          90.9860318851654
        ], 
        [
          16.905168475561712, 
          10.91229088484563, 
          95.60358338696766
        ]
      ], 
      "cuboid_centroid": [
        14.685934471350704, 
        10.632144751842494, 
        88.77935928632354
      ], 
      "location": [
        14.685934471350704, 
        10.632144751842494, 
        88.77935928632354
      ],