{
  "camera_data": {
    "location_worldframe": [
      -11.14635917242049, 
      4.280591870531855, 
      81.88727035286483
    ], 
    "quaternion_xyzw_worldframe": [
      0.9228030794735391, 
      0.007419372290803253, 
      0.0790465299272388, 
      -0.3770032304343054
    ]
  }, 
  "objects": [
    {
      "bounding_box": {
        "bottom_right": [
          344, 
          632
        ], 
        "top_left": [
          212, 
          460
        ]
      }, 
      "class": "003_cracker_box", 
      "cuboid": [
        [
          -1.4585251581508432, 
          11.078435544644725, 
          74.68093917292525
        ], 
        [
          -1.494718179592229, 
          -0.25871278509078577, 
          62.82573468283186
        ], 
        [
          19.37873094028934, 
          -3.5105531188703805, 
          65.87174903435992
        ], 
        [
          19.41492396173073, 
          7.826595210865128, 
          77.72695352445331
        ], 
        [
          -2.9573121302142638, 
          6.005897979220081, 
          79.53638949134799
        ], 
        [
          -2.9935051516556497, 
          -5.331250350515428, 
          67.68118500125459
        ], 
        [
          17.87994396822592, 
          -8.583090684295023, 
          70.72719935278265
        ], 
        [
          17.916136989667308, 
          2.7540576454404864, 
          82.58240384287605
        ]
      ], 
      "cuboid_centroid": [
        8.210709405037539, 
        1.2476724301748503, 
        72.70406926285395
      ], 
      "location": [
        8.210709405037539, 
        1.2476724301748503, 
        72.70406926285395
      ], 
      "pose_transform_permuted": [
        [
          0.2087447086207277, 
          0.706481571963822, 
          -0.6762465786223057, 
          0.0
        ], 
        [
          0.0022064071248323325, 
          0.6911377899333366, 
          0.7227196462624094, 
          0.0
        ], 
        [
          -0.9779676775796053, 
          0.15235597724273764, 
          -0.14271257060246417, 
          0.0
        ], 
        [
          8.210709405037539, 
          1.2476724301748503, 
          72.70406926285395, 
          1.0
        ]
      ], 
      "projected_cuboid": [
        [
          471.09449164020697, 
          352.4010575936943
        ], 
        [
          468.80285893693, 
          271.09035841581266
        ], 
        [
          639.8012213312943, 
          244.86393263844496
        ], 
        [
          615.9217408296915, 
          326.9883274667865
        ], 
        [
          461.60199436055535, 
          313.5582051683712
        ], 
        [
          457.8120340551359, 
          231.27692756067796
        ], 
        [
          617.5446337711558, 
          208.5656047625765
        ], 
        [
          598.2642205079566, 
          291.07232293255146
        ]
      ], 
      "projected_cuboid_centroid": [
        542.328526425046, 
        282.4388199257824
      ], 
      "quaternion_xyzw": [
        0.6765369470675411, 
        0.6167828212293885, 
        0.3442030619763571, 
        -0.20832897737700154
      ], 
      "visibility": 0.9757720241725343
    }, 
    {
      "bounding_box": {
        "bottom_right": [
          389, 
          476
        ], 
        "top_left": [
          330, 
          408
        ]
      }, 
      "class": "005_tomato_soup_can", 
      "cuboid": [
        [
          -10.778375375935237, 
          15.97927463334375, 
          81.5898162393263
        ], 
        [
          -5.20855081584147, 
          12.612687041911308, 
          79.74034711106438
        ], 
        [
          0.09130466434149748, 
          17.38669314149366, 
          87.01116624327187
        ], 
        [
          -5.478519895752269, 
          20.7532807329261, 
          88.8606353715338
        ], 
        [
          -12.315972216554428, 
          11.036955424312534, 
          85.95572089392715
        ], 
        [
          -6.7461476564606615, 
          7.670367832880093, 
          84.10625176566523
        ], 
        [
          -1.4462921762776944, 
          12.444373932462444, 
          91.37707089787274
        ], 
        [
          -7.016116736371461, 
          15.810961523894884, 
          93.22654002613466
        ]
      ], 
      "cuboid_centroid": [
        -6.112333776106466, 
        14.211824282903097, 
        86.48344356859951
      ], 
      "location": [
        -6.112333776106466, 
        14.211824282903097, 
        86.48344356859951
      ], 
      "pose_transform_permuted": [
        [
          0.2270722223375063, 
          0.7298814465852617, 
          -0.644756574834435, 
          0.0
        ], 
        [
          -0.8232200370868473, 
          0.4975816261308735, 
          0.2733515262342711, 
          0.0
        ], 
        [
          -0.5203333567086766, 
          -0.46870610491771814, 
          -0.7138401677610623, 
          0.0
        ], 
        [
          -6.112333776106466, 
          14.211824282903097, 
          86.48344356859951, 
          1.0
        ]
      ], 
      "projected_cuboid": [
        [
          410.5560652785024, 
          377.7365843185234
        ], 
        [
          446.4709213644357, 
          357.6427420808641
        ], 
        [
          482.1613686737162, 
          379.8552042721599
        ], 
        [
          448.4423335097456, 
          397.84260247097126
        ], 
        [
          404.5447608513201, 
          341.76626690647925
        ], 
        [
          438.4631118524542, 
          321.9245082811764
        ], 
        [
          473.0854820777727, 
          345.91775994196803
        ], 
        [
          441.12559902430473, 
          363.7360538284759
        ]
      ], 
      "projected_cuboid_centroid": [
        443.5898733480051, 
        360.926945091813
      ], 
      "quaternion_xyzw": [
        0.2969976394528717, 
        0.8568376037556651, 
        0.4212354850027142, 
        -0.013502939090766664
      ], 
      "visibility": 0.9389619883040936
    }, 
    {
      "bounding_box": {
        "bottom_right": [
          373, 
          598
        ], 
        "top_left": [
          308, 
          524
        ]
      }, 
      "class": "010_potted_meat_can", 
      "cuboid": [
        [
          18.385349744417816, 
          12.029268503953599, 
          80.69770512049132
        ], 
        [
          8.842108606199083, 
          10.688526391169786, 
          77.46506195394215
        ], 
        [
          7.670045222615515, 
          4.865811792789809, 
          83.34014348725522
        ], 
        [
          17.21328636083425, 
          6.206553905573623, 
          86.57278665380439
        ], 
        [
          16.574292161648202, 
          16.08934709371257, 
          84.36029337136442
        ], 
        [
          7.031051023429466, 
          14.748604980928755, 
          81.12765020481525
        ], 
        [
          5.858987639845899, 
          8.92589038254878, 
          87.00273173812832
        ], 
        [
          15.402228778064634, 
          10.266632495332594, 
          90.23537490467749
        ]
      ], 
      "cuboid_centroid": [
        12.122168692131858, 
        10.477579443251189, 
        83.85021842930982
      ], 
      "location": [
        12.122168692131858, 
        10.477579443251189, 
        83.85021842930982
      ],