{
  "camera_data": {
    "location_worldframe": [
      -8.890391902632082, 
      8.487683767002634, 
      83.8415608497042
    ], 
    "quaternion_xyzw_worldframe": [
      0.9357263422708348, 
      -0.043519858998135263, 
      0.19309005784880495, 
      -0.29195728026677314
    ]
  }, 
  "objects": [
    {
      "bounding_box": {
        "bottom_right": [
          349, 
          628
        ], 
        "top_left": [
          203, 
          478
        ]
      }, 
      "class": "003_cracker_box", 
      "cuboid": [
        [
          2.9769706690866204, 
          12.112578569245283, 
          77.67532098368332
        ], 
        [
          2.4466666550260294, 
          -0.9019286823297847, 
          67.70438851281946
        ], 
        [
          21.486962252144004, 
          -7.24445111559851, 
          74.97027454992796
        ], 
        [
          22.017266266204594, 
          5.77005613597656, 
          84.94120702079184
        ], 
        [
          -0.2591909618350319, 
          8.298233281703693, 
          82.82609038843273
        ], 
        [
          -0.7894949758956229, 
          -4.716273969871376, 
          72.85515791756886
        ], 
        [
          18.250800621222353, 
          -11.0587964031401, 
          80.12104395467736
        ], 
        [
          18.78110463528294, 
          1.9557108484349688, 
          90.09197642554122
        ]
      ], 
      "cuboid_centroid": [
        10.613885645154486, 
        0.526891083052592, 
        78.89818246918034
      ], 
      "location": [
        10.613885645154486, 
        0.526891083052592, 
        78.89818246918034
      ], 
      "pose_transform_permuted": [
        [
          0.45071890087641775, 
          0.5312458744757645, 
          -0.7173773715731728, 
          0.0
        ], 
        [
          0.03232851274507095, 
          0.7933933223166024, 
          0.6078502310332007, 
          0.0
        ], 
        [
          -0.8920803437227196, 
          0.2971613315286896, 
          -0.3404229771734723, 
          0.0
        ], 
        [
          10.613885645154486, 
          0.526891083052592, 
          78.89818246918034, 
          1.0
        ]
      ], 
      "projected_cuboid": [
        [
          502.2073181281437, 
          356.45163175729
        ], 
        [
          501.0305108654682, 
          266.18188436183806
        ], 
        [
          635.7236909145277, 
          221.75134389992385
        ], 
        [
          620.9887022725077, 
          309.5149369087059
        ], 
        [
          479.91422289126547, 
          326.7191012486399
        ], 
        [
          475.7695889089744, 
          238.76212900851658
        ], 
        [
          604.0945227955707, 
          199.67450802044866
        ], 
        [
          593.7025272104711, 
          284.8638053017127
        ]
      ], 
      "projected_cuboid_centroid": [
        553.9405073354294, 
        276.84810713291694
      ], 
      "quaternion_xyzw": [
        0.7153438361807092, 
        0.5890431918160611, 
        0.36995116137486506, 
        -0.06668922259857385
      ], 
      "visibility": 0.9810516945380555
    }, 
    {
      "bounding_box": {
        "bottom_right": [
          410, 
          496
        ], 
        "top_left": [
          352, 
          431
        ]
      }, 
      "class": "005_tomato_soup_can", 
      "cuboid": [
        [
          -6.092307926719706, 
          19.70632815944902, 
          81.99893222069848
        ], 
        [
          -1.113237053450849, 
          15.135439345185143, 
          81.69360881182259
        ], 
        [
          3.86688944316331, 
          20.06659545781743, 
          89.08457983554608
        ], 
        [
          -1.112181430105547, 
          24.637484272081306, 
          89.38990324442196
        ], 
        [
          -9.263870119022869, 
          15.940988489827419, 
          86.64815334837496
        ], 
        [
          -4.284799245754012, 
          11.370099675563544, 
          86.34282993949908
        ], 
        [
          0.6953272508601467, 
          16.30125578819583, 
          93.73380096322256
        ], 
        [
          -4.283743622408711, 
          20.87214460245971, 
          94.03912437209846
        ]
      ], 
      "cuboid_centroid": [
        -2.6984903379297798, 
        18.003791973822423, 
        87.86636659196051
      ], 
      "location": [
        -2.6984903379297798, 
        18.003791973822423, 
        87.86636659196051
      ], 
      "pose_transform_permuted": [
        [
          0.46837614143241735, 
          0.5560651687423063, 
          -0.6865967370060762, 
          0.0
        ], 
        [
          -0.7359066456630774, 
          0.6755773397528371, 
          0.0451267980286367, 
          0.0
        ], 
        [
          -0.48894275447820457, 
          -0.4841349018165845, 
          -0.7256365341452371, 
          0.0
        ], 
        [
          -2.6984903379297798, 
          18.003791973822423, 
          87.86636659196051, 
          1.0
        ]
      ], 
      "projected_cuboid": [
        [
          441.6425977537335, 
          401.45614257511846
        ], 
        [
          474.2689703837044, 
          372.09507784261126
        ], 
        [
          504.93976217075453, 
          393.418533271567
        ], 
        [
          474.906255799764, 
          420.2791217684859
        ], 
        [
          424.1027564957998, 
          371.40335880448663
        ], 
        [
          454.91030357668035, 
          343.5169997793046
        ], 
        [
          485.5862594800337, 
          366.0362062205149
        ], 
        [
          457.10042266408436, 
          391.6577322433676
        ]
      ], 
      "projected_cuboid_centroid": [
        465.08163706769716, 
        382.5635594789592
      ], 
      "quaternion_xyzw": [
        0.3415242107940881, 
        0.8524432949595149, 
        0.37589060482563097, 
        0.12412829859371526
      ], 
      "visibility": 0.9591916051301982
    }, 
    {
      "bounding_box": {
        "bottom_right": [
          367, 
          609
        ], 
        "top_left": [
          310, 
          532
        ]
      }, 
      "class": "010_potted_meat_can", 
      "cuboid": [
        [
          21.425175376847584, 
          10.535553564550629, 
          87.05943775034658
        ], 
        [
          12.424418032491827, 
          10.379706883135155, 
          82.33893971334484
        ], 
        [
          9.193220897408032, 
          5.95545765945272, 
          88.64605512162558
        ], 
        [
          18.19397824176379, 
          6.111304340868194, 
          93.36655315862731
        ], 
        [
          19.94188355630954, 
          15.420824373404077, 
          89.72640136424337
        ], 
        [
          10.941126211953787, 
          15.264977691988605, 
          85.00590332724164
        ], 
        [
          7.709929076869992, 
          10.840728468306168, 
          91.31301873552238
        ], 
        [
          16.71068642122575, 
          10.996575149721641, 
          96.03351677252411
        ]
      ], 
      "cuboid_centroid": [
        14.567552226858787, 
        10.688141016428398, 
        89.18622824293448
      ], 
      "location": [
        14.567552226858787, 
        10.688141016428398, 
        89.18622824293448
      ],