{
  "camera_data": {
    "location_worldframe": [
      -9.24243052466288, 
      6.570611156613307, 
      81.8818112248843
    ], 
    "quaternion_xyzw_worldframe": [
      0.9342275570168531, 
      -0.01800741138668918, 
      0.14109029352093808, 
      -0.32709404556389077
    ]
  }, 
  "objects": [
    {
      "bounding_box": {
        "bottom_right": [
          348, 
          640
        ], 
        "top_left": [
          204, 
          477
        ]
      }, 
      "class": "003_cracker_box", 
      "cuboid": [
        [
          1.7140828287013854, 
          11.640967465257072, 
          75.0816139913848
        ], 
        [
          1.533247686044502, 
          -0.7703515601956274, 
          64.3575954168591
        ], 
        [
          21.590152040944627, 
          -5.707505556266562, 
          69.73334143614467
        ], 
        [
          21.77098718360151, 
          6.7038134691861355, 
          80.45736001067039
        ], 
        [
          -0.739988252925039, 
          7.249904114208516, 
          80.20494252939072
        ], 
        [
          -0.9208233955819225, 
          -5.161414911244182, 
          69.480923954865
        ], 
        [
          19.136080959318203, 
          -10.098568907315117, 
          74.85666997415059
        ], 
        [
          19.316916101975085, 
          2.312750118137581, 
          85.58068854867629
        ]
      ], 
      "cuboid_centroid": [
        10.425081894009795, 
        0.7711992789709767, 
        74.9691419827677
      ], 
      "location": [
        10.425081894009795, 
        0.7711992789709767, 
        74.9691419827677
      ], 
      "pose_transform_permuted": [
        [
          0.34179263792465464, 
          0.6115687264667526, 
          -0.7135555237459383, 
          0.0
        ], 
        [
          0.011024112695989907, 
          0.756621625820174, 
          0.6537600357015583, 
          0.0
        ], 
        [
          -0.9397107329384784, 
          0.2313166836807733, 
          -0.25186569883800575, 
          0.0
        ], 
        [
          10.425081894009795, 
          0.7711992789709767, 
          74.9691419827677, 
          1.0
        ]
      ], 
      "projected_cuboid": [
        [
          493.8740037667635, 
          355.9746367880504
        ], 
        [
          494.40869500545887, 
          266.90277596674775
        ], 
        [
          648.0942807515282, 
          229.63561832770807
        ], 
        [
          627.1108361400954, 
          317.72342982786546
        ], 
        [
          476.63554126019585, 
          321.4944877446758
        ], 
        [
          474.47013900098676, 
          233.66870487912607
        ], 
        [
          619.069064406748, 
          201.33884698564043
        ], 
        [
          602.9789204559692, 
          287.69907601894596
        ]
      ], 
      "projected_cuboid_centroid": [
        556.3776225148296, 
        278.77273759803523
      ], 
      "quaternion_xyzw": [
        0.6992668160514092, 
        0.6064682034882733, 
        0.3559273265846713, 
        -0.1286000634421289
      ], 
      "visibility": 0.9779500430663222
    }, 
    {
      "bounding_box": {
        "bottom_right": [
          403, 
          491
        ], 
        "top_left": [
          343, 
          424
        ]
      }, 
      "class": "005_tomato_soup_can", 
      "cuboid": [
        [
          -7.6123352244599385, 
          18.08955379073763, 
          80.56293335799461
        ], 
        [
          -2.287980699805837, 
          14.030779128830925, 
          79.58569703188716
        ], 
        [
          2.819000571273316, 
          18.97350060600828, 
          86.8817685706569
        ], 
        [
          -2.505353953380786, 
          23.032275267914986, 
          87.85900489676436
        ], 
        [
          -10.047468344791117, 
          13.782133139328712, 
          85.1854976549394
        ], 
        [
          -4.723113820137015, 
          9.723358477422007, 
          84.20826132883194
        ], 
        [
          0.38386745094213803, 
          14.666079954599365, 
          91.50433286760168
        ], 
        [
          -4.940487073711964, 
          18.724854616506068, 
          92.48156919370913
        ]
      ], 
      "cuboid_centroid": [
        -3.6142338867589006, 
        16.377816872668497, 
        86.03363311279814
      ], 
      "location": [
        -3.6142338867589006, 
        16.377816872668497, 
        86.03363311279814
      ], 
      "pose_transform_permuted": [
        [
          0.35962033396126947, 
          0.6361196602511302, 
          -0.6826600576146901, 
          0.0
        ], 
        [
          -0.7869395672985944, 
          0.5998868710589593, 
          0.1444355232271894, 
          0.0
        ], 
        [
          -0.5013972017473239, 
          -0.48527037522294364, 
          -0.716319418284145, 
          0.0
        ], 
        [
          -3.6142338867589006, 
          16.377816872668497, 
          86.03363311279814, 
          1.0
        ]
      ], 
      "projected_cuboid": [
        [
          430.7841231942617, 
          393.0378042934238
        ], 
        [
          466.13708396471935, 
          367.3095792517327
        ], 
        [
          499.0455752635681, 
          389.7544644632097
        ], 
        [
          466.2623949956241, 
          413.096492121035
        ], 
        [
          418.16882022881526, 
          359.57213474873686
        ], 
        [
          451.4346999481015, 
          334.86787701362846
        ], 
        [
          483.85302897853, 
          358.76563392172164
        ], 
        [
          452.8690079183434, 
          381.2683958378719
        ]
      ], 
      "projected_cuboid_centroid": [
        459.00584674647047, 
        374.8120710986177
      ], 
      "quaternion_xyzw": [
        0.32033188788897526, 
        0.8594867654792929, 
        0.3933856613199528, 
        0.06259107742458438
      ], 
      "visibility": 0.9628812936420433
    }, 
    {
      "bounding_box": {
        "bottom_right": [
          370, 
          612
        ], 
        "top_left": [
          311, 
          534
        ]
      }, 
      "class": "010_potted_meat_can", 
      "cuboid": [
        [
          20.931899092338423, 
          11.262989054607148, 
          82.9185873723099
        ], 
        [
          11.626370678698464, 
          10.535953188933155, 
          78.89371688117824
        ], 
        [
          9.325594595315748, 
          5.4725972643572405, 
          85.12775065455456
        ], 
        [
          18.631123008955708, 
          6.199633130031234, 
          89.15262114568624
        ], 
        [
          19.242123221763293, 
          15.82603952872192, 
          86.00111041301264
        ], 
        [
          9.936594808123333, 
          15.099003663047924, 
          81.97623992188096
        ], 
        [
          7.635818724740619, 
          10.035647738472012, 
          88.21027369525729
        ], 
        [
          16.94134713838058, 
          10.762683604146005, 
          92.23514418638896
        ]
      ], 
      "cuboid_centroid": [
        14.283858908539521, 
        10.649318396539579, 
        85.5644305337836
      ], 
      "location": [
        14.283858908539521, 
        10.649318396539579, 
        85.5644305337836
      ],