{
  "camera_data": {
    "location_worldframe": [
      -9.816121854227761, 
      5.767997069339914, 
      86.23139239059535
    ], 
    "quaternion_xyzw_worldframe": [
      0.9394834375019055, 
      -0.03706704738193077, 
      0.1767919690655082, 
      -0.29110710901092224
    ]
  }, 
  "objects": [
    {
      "bounding_box": {
        "bottom_right": [
          331, 
          619
        ], 
        "top_left": [
          190, 
          471
        ]
      }, 
      "class": "003_cracker_box", 
      "cuboid": [
        [
          1.7912881357634178, 
          9.6155964693953, 
          79.71522849966426
        ], 
        [
          1.2619776098735214, 
          -3.45863232363052, 
          69.82268143018042
        ], 
        [
          20.632482382651446, 
          -9.35236070106972, 
          76.57553696003971
        ], 
        [
          21.16179290854134, 
          3.7218680919560967, 
          86.46808402952354
        ], 
        [
          -1.2149742012877176, 
          5.759151070654047, 
          84.9728527903775
        ], 
        [
          -1.744284727177614, 
          -7.315077722371771, 
          75.08030572089368
        ], 
        [
          17.62622004560031, 
          -13.208806099810971, 
          81.83316125075295
        ], 
        [
          18.155530571490207, 
          -0.1345773067851535, 
          91.72570832023679
        ]
      ], 
      "cuboid_centroid": [
        9.708754090681863, 
        -1.7966048152078369, 
        80.77419487520861
      ], 
      "location": [
        9.708754090681863, 
        -1.7966048152078369, 
        80.77419487520861
      ], 
      "pose_transform_permuted": [
        [
          0.4186994998503717, 
          0.5371093998526726, 
          -0.7322596680242265, 
          0.0
        ], 
        [
          0.032267947495446536, 
          0.7970340803775535, 
          0.6030716825395956, 
          0.0
        ], 
        [
          -0.9075513805782457, 
          0.2761343283740897, 
          -0.31638635290402584, 
          0.0
        ], 
        [
          9.708754090681863, 
          -1.7966048152078369, 
          80.77419487520861, 
          1.0
        ]
      ], 
      "projected_cuboid": [
        [
          493.68121317070484, 
          337.61785832659916
        ], 
        [
          491.3166349591925, 
          246.86881366322285
        ], 
        [
          626.4919933223764, 
          208.15089141896271
        ], 
        [
          613.2069099797885, 
          296.24235065726924
        ], 
        [
          473.907914437536, 
          309.43300061695464
        ], 
        [
          469.10359889629507, 
          221.32518587583007
        ], 
        [
          597.4272138384256, 
          187.2026710542628
        ], 
        [
          588.0382320636514, 
          272.5040669111833
        ]
      ], 
      "projected_cuboid_centroid": [
        546.2342792512685, 
        261.4242776066928
      ], 
      "quaternion_xyzw": [
        0.7142586968133049, 
        0.5966274784475424, 
        0.35763344112876827, 
        -0.07725598859818293
      ], 
      "visibility": 0.9735553379040157
    }, 
    {
      "bounding_box": {
        "bottom_right": [
          392, 
          490
        ], 
        "top_left": [
          334, 
          426
        ]
      }, 
      "class": "005_tomato_soup_can", 
      "cuboid": [
        [
          -7.314722540538897, 
          17.03462024361301, 
          84.25926892787614
        ], 
        [
          -2.2484192855769867, 
          12.570421990803721, 
          83.83394671380616
        ], 
        [
          2.830208531823549, 
          17.64571872029472, 
          91.05844086930888
        ], 
        [
          -2.236094723138362, 
          22.10991697310401, 
          91.48376308337886
        ], 
        [
          -10.271612153347439, 
          13.22596683819154, 
          89.01351016243112
        ], 
        [
          -5.205308898385529, 
          8.761768585382251, 
          88.58818794836114
        ], 
        [
          -0.12668108098499442, 
          13.83706531487325, 
          95.81268210386386
        ], 
        [
          -5.192984335946905, 
          18.30126356768254, 
          96.23800431793384
        ]
      ], 
      "cuboid_centroid": [
        -3.7207018107619456, 
        15.435842779243131, 
        90.03597551587
      ], 
      "location": [
        -3.7207018107619456, 
        15.435842779243131, 
        90.03597551587
      ], 
      "pose_transform_permuted": [
        [
          0.4366733059341743, 
          0.562461739017422, 
          -0.7021061009882604, 
          0.0
        ], 
        [
          -0.7487995911621221, 
          0.6598084753999566, 
          0.0628626207276178, 
          0.0
        ], 
        [
          -0.49861349419491163, 
          -0.4982864520406602, 
          -0.7092920379642451, 
          0.0
        ], 
        [
          -3.7207018107619456, 
          15.435842779243131, 
          90.03597551587, 
          1.0
        ]
      ], 
      "projected_cuboid": [
        [
          434.9126552417649, 
          381.10727608419387
        ], 
        [
          467.1742841139688, 
          353.25476659540294
        ], 
        [
          498.31143734325406, 
          376.6356318470953
        ], 
        [
          468.45275538614993, 
          402.17992087931054
        ], 
        [
          419.54240559531536, 
          352.5291957342666
        ], 
        [
          449.99886293627844, 
          326.0342335604658
        ], 
        [
          480.88605126147274, 
          350.30742649012376
        ], 
        [
          452.57942539507684, 
          374.70616244888566
        ]
      ], 
      "projected_cuboid_centroid": [
        459.37417938716, 
        364.719292386037
      ], 
      "quaternion_xyzw": [
        0.3372758577997775, 
        0.8586606058552825, 
        0.37027254083553673, 
        0.10883540093067869
      ], 
      "visibility": 0.9698795180722891
    }, 
    {
      "bounding_box": {
        "bottom_right": [
          351, 
          601
        ], 
        "top_left": [
          297, 
          527
        ]
      }, 
      "class": "010_potted_meat_can", 
      "cuboid": [
        [
          20.526651215736013, 
          8.484435101612288, 
          88.5805463680216
        ], 
        [
          11.401837732450694, 
          8.110565005568397, 
          84.11747313044663
        ], 
        [
          8.446365778814574, 
          3.6504274116771236, 
          90.53359961511234
        ], 
        [
          17.571179262099896, 
          4.024297507721014, 
          94.99667285268731
        ], 
        [
          19.013709585837546, 
          13.350358610506927, 
          91.26615923078995
        ], 
        [
          9.888896102552225, 
          12.976488514463036, 
          86.80308599321498
        ], 
        [
          6.933424148916105, 
          8.516350920571762, 
          93.21921247788069
        ], 
        [
          16.05823763220143, 
          8.890221016615653, 
          97.68228571545566
        ]
      ], 
      "cuboid_centroid": [
        13.73003768232606, 
        8.500393011092026, 
        90.89987942295114
      ], 
      "location": [
        13.73003768232606, 
        8.500393011092026, 
        90.89987942295114
      ],