{
  "camera_data": {
    "location_worldframe": [
      -16.301246194558328, 
      2.257837138297393, 
      84.02167411334173
    ], 
    "quaternion_xyzw_worldframe": [
      0.9063853024306145, 
      0.01897722726795116, 
      -0.034200502968364035, 
      -0.42063836597830684
    ]
  }, 
  "objects": [
    {
      "bounding_box": {
        "bottom_right": [
          341, 
          573
        ], 
        "top_left": [
          228, 
          398
        ]
      }, 
      "class": "003_cracker_box", 
      "cuboid": [
        [
          -9.029839770679999, 
          10.72312304128687, 
          75.8080948857812
        ], 
        [
          -10.278466078667204, 
          0.41838379705895423, 
          63.106465181738194
        ], 
        [
          11.002809715006718, 
          -0.4914505189196262, 
          61.75256368700095
        ], 
        [
          12.251436022993921, 
          9.81328872530829, 
          74.45419339104396
        ], 
        [
          -8.980719411370297, 
          5.1451002526062055, 
          80.32867521292981
        ], 
        [
          -10.229345719357502, 
          -5.159638991621711, 
          67.62704550888681
        ], 
        [
          11.051930074316418, 
          -6.069473307600291, 
          66.27314401414957
        ], 
        [
          12.300556382303624, 
          4.235265936627625, 
          78.97477371819257
        ]
      ], 
      "cuboid_centroid": [
        1.0110451518182102, 
        2.32682486684329, 
        71.04061944996538
      ], 
      "location": [
        1.0110451518182102, 
        2.32682486684329, 
        71.04061944996538
      ], 
      "pose_transform_permuted": [
        [
          -0.006841275833437854, 
          0.7768834153261199, 
          -0.629607302956529, 
          0.0
        ], 
        [
          0.07611903821452709, 
          0.6281998347340275, 
          0.7743196107948166, 
          0.0
        ], 
        [
          -0.9970752674528971, 
          0.042627768313205805, 
          0.06343330672737663, 
          0.0
        ], 
        [
          1.0110451518182102, 
          2.32682486684329, 
          71.04061944996538, 
          1.0
        ]
      ], 
      "projected_cuboid": [
        [
          417.5416021714425, 
          348.7250715481806
        ], 
        [
          394.00874991177074, 
          276.82234483752285
        ], 
        [
          577.4135794979771, 
          269.0421767719487
        ], 
        [
          570.0861274169711, 
          343.5796781546396
        ], 
        [
          421.47522916867734, 
          307.4459799841838
        ], 
        [
          400.2542570348189, 
          232.59665576613617
        ], 
        [
          571.2763865800109, 
          224.4436918688882
        ], 
        [
          565.3554176373822, 
          301.8874463170659
        ]
      ], 
      "projected_cuboid_centroid": [
        489.250489185506, 
        290.75459045205207
      ], 
      "quaternion_xyzw": [
        0.6611267105261028, 
        0.6145853269540357, 
        0.29021605190881056, 
        -0.3177593298963825
      ], 
      "visibility": 0.9854237100260489
    }, 
    {
      "bounding_box": {
        "bottom_right": [
          376, 
          446
        ], 
        "top_left": [
          317, 
          375
        ]
      }, 
      "class": "005_tomato_soup_can", 
      "cuboid": [
        [
          -17.221170064767886, 
          13.901821413240148, 
          84.83080546781116
        ], 
        [
          -11.819912150999674, 
          11.39250981561091, 
          81.62032856361698
        ], 
        [
          -5.68755835229404, 
          16.199339021094374, 
          88.18028611529073
        ], 
        [
          -11.088816266062251, 
          18.70865061872361, 
          91.39076301948491
        ], 
        [
          -17.32225490699401, 
          8.485827335906135, 
          88.89388763166922
        ], 
        [
          -11.920996993225803, 
          5.976515738276898, 
          85.68341072747504
        ], 
        [
          -5.788643194520168, 
          10.783344943760362, 
          92.24336827914878
        ], 
        [
          -11.18990110828838, 
          13.292656541389597, 
          95.45384518334296
        ]
      ], 
      "cuboid_centroid": [
        -11.504906629644026, 
        12.342583178500256, 
        88.53708687347998
      ], 
      "location": [
        -11.504906629644026, 
        12.342583178500256, 
        88.53708687347998
      ], 
      "pose_transform_permuted": [
        [
          0.014928204300731862, 
          0.7998337267731088, 
          -0.6000357649769854, 
          0.0
        ], 
        [
          -0.7983058877554735, 
          0.3708762393097745, 
          0.47450846747903797, 
          0.0
        ], 
        [
          -0.6020670277778117, 
          -0.47192863748204783, 
          -0.644048643494519, 
          0.0
        ], 
        [
          -11.504906629644026, 
          12.342583178500256, 
          88.53708687347998, 
          1.0
        ]
      ], 
      "projected_cuboid": [
        [
          372.4276989141537, 
          360.6853733519447
        ], 
        [
          403.72034941493627, 
          347.7269218056577
        ], 
        [
          446.9117174738042, 
          371.2610979991082
        ], 
        [
          416.3479543041926, 
          382.46266716579254
        ], 
        [
          376.80600140887464, 
          324.19732631819676
        ], 
        [
          406.77881449760105, 
          310.4861878937323
        ], 
        [
          447.85020925154384, 
          335.63214762128763
        ], 
        [
          418.5558561783499, 
          347.5552490247091
        ]
      ], 
      "projected_cuboid_centroid": [
        411.717597889098, 
        347.6343796426301
      ], 
      "quaternion_xyzw": [
        0.2871416049630326, 
        0.8470936031830406, 
        0.42612834190994137, 
        -0.1356344391727745
      ], 
      "visibility": 0.7132433418460415
    }, 
    {
      "bounding_box": {
        "bottom_right": [
          381, 
          555
        ], 
        "top_left": [
          311, 
          486
        ]
      }, 
      "class": "010_potted_meat_can", 
      "cuboid": [
        [
          11.411063162835486, 
          13.616401814711256, 
          77.97240634056773
        ], 
        [
          1.6042376359527772, 
          11.3770212415642, 
          76.51214252491224
        ], 
        [
          2.2555613279460838, 
          5.017542580484342, 
          81.89053722035054
        ], 
        [
          12.062386854828791, 
          7.256923153631398, 
          83.35080103600603
        ], 
        [
          9.96418371202153, 
          17.129609475687474, 
          82.301682516123
        ], 
        [
          0.15735818513882074, 
          14.890228902540418, 
          80.8414187004675
        ], 
        [
          0.8086818771321274, 
          8.530750241460558, 
          86.2198133959058
        ], 
        [
          10.615507404014835, 
          10.770130814607615, 
          87.6800772115613
        ]
      ], 
      "cuboid_centroid": [
        6.109872519983806, 
        11.073576028085908, 
        82.09610986823677
      ], 
      "location": [
        6.109872519983806, 
        11.073576028085908, 
        82.09610986823677
      ],