{
  "camera_data": {
    "location_worldframe": [
      -19.984341065447246, 
      -4.397489933342199, 
      94.65128168337148
    ], 
    "quaternion_xyzw_worldframe": [
      0.9546910394624774, 
      0.020653700651077543, 
      -0.021534292802470132, 
      -0.2960998929092196
    ]
  }, 
  "objects": [
    {
      "bounding_box": {
        "bottom_right": [
          278, 
          536
        ], 
        "top_left": [
          163, 
          389
        ]
      }, 
      "class": "003_cracker_box", 
      "cuboid": [
        [
          -12.409783669313839, 
          1.6296973416417684, 
          84.73687032584694
        ], 
        [
          -13.305374111939575, 
          -11.661166250639823, 
          75.1645676552458
        ], 
        [
          8.003268782281616, 
          -12.823523854805105, 
          74.78481779943091
        ], 
        [
          8.898859224907351, 
          0.46733973747648677, 
          84.35712047003204
        ], 
        [
          -12.534454392737393, 
          -2.560276132685018, 
          90.56619078625239
        ], 
        [
          -13.43004483536313, 
          -15.851139724966611, 
          80.99388811565126
        ], 
        [
          7.878598058858059, 
          -17.013497329131894, 
          80.61413825983637
        ], 
        [
          8.774188501483795, 
          -3.7226337368502995, 
          90.1864409304375
        ]
      ], 
      "cuboid_centroid": [
        -2.2655928052278895, 
        -7.691899993745062, 
        82.67550429284165
      ], 
      "location": [
        -2.2655928052278895, 
        -7.691899993745062, 
        82.67550429284165
      ], 
      "pose_transform_permuted": [
        [
          0.017363610919807537, 
          0.5835617791785244, 
          -0.8118830918905879, 
          0.0
        ], 
        [
          0.05459718627640209, 
          0.8102406198022504, 
          0.5835488713665422, 
          0.0
        ], 
        [
          -0.9983574771926764, 
          0.054459047957713114, 
          0.01779212828792849, 
          0.0
        ], 
        [
          -2.2655928052278895, 
          -7.691899993745062, 
          82.67550429284165, 
          1.0
        ]
      ], 
      "projected_cuboid": [
        [
          402.84109073824783, 
          283.54357843616634
        ], 
        [
          386.403926055325, 
          190.54637838116096
        ], 
        [
          539.1471187450906, 
          181.837008541224
        ], 
        [
          538.3259648383072, 
          276.2411366282539
        ], 
        [
          407.16997333297473, 
          258.20977050305885
        ], 
        [
          392.4274411465614, 
          168.91170887290193
        ], 
        [
          534.1539361637157, 
          160.73021101792196
        ], 
        [
          533.9158302593366, 
          251.2726581525685
        ]
      ], 
      "projected_cuboid_centroid": [
        466.8604878194322, 
        223.6679607069881
      ], 
      "quaternion_xyzw": [
        0.6929897773641224, 
        0.6524620405924917, 
        0.2167825925845542, 
        -0.21694183922661225
      ], 
      "visibility": 0.9899154196486663
    }, 
    {
      "bounding_box": {
        "bottom_right": [
          339, 
          427
        ], 
        "top_left": [
          278, 
          363
        ]
      }, 
      "class": "005_tomato_soup_can", 
      "cuboid": [
        [
          -20.868776370929464, 
          7.0451834492771646, 
          92.33477624069575
        ], 
        [
          -15.38078406709746, 
          3.7970705070634145, 
          90.07444518416689
        ], 
        [
          -9.436350661621304, 
          10.182897272113827, 
          95.33080715967567
        ], 
        [
          -14.924342965453304, 
          13.431010214327577, 
          97.59113821620451
        ], 
        [
          -21.128097964172646, 
          2.8904898195105275, 
          97.67548029684421
        ], 
        [
          -15.640105660340645, 
          -0.35762312270322116, 
          95.41514924031537
        ], 
        [
          -9.695672254864487, 
          6.028203642347192, 
          100.67151121582414
        ], 
        [
          -15.183664558696488, 
          9.276316584560941, 
          102.931842272353
        ]
      ], 
      "cuboid_centroid": [
        -15.282224312896975, 
        6.536693545812177, 
        96.50314372825994
      ], 
      "location": [
        -15.282224312896975, 
        6.536693545812177, 
        96.50314372825994
      ], 
      "pose_transform_permuted": [
        [
          0.03829659955214232, 
          0.6135649415503976, 
          -0.7887149003169146, 
          0.0
        ], 
        [
          -0.8111252300946541, 
          0.4800710736760542, 
          0.3340769168055996, 
          0.0
        ], 
        [
          -0.5836172324260843, 
          -0.6269526949259528, 
          -0.516063217387563, 
          0.0
        ], 
        [
          -15.282224312896975, 
          6.536693545812177, 
          96.50314372825994, 
          1.0
        ]
      ], 
      "projected_cuboid": [
        [
          360.05589593799806, 
          313.9790533424758
        ], 
        [
          389.7704448026186, 
          295.7685200348143
        ], 
        [
          428.36632453921885, 
          330.2538362813652
        ], 
        [
          399.35830457065384, 
          346.6848085621466
        ], 
        [
          365.2738033708774, 
          289.06895155152347
        ], 
        [
          393.44873913844896, 
          271.28761625620615
        ], 
        [
          429.805021840908, 
          305.22168045600296
        ], 
        [
          402.27051399810176, 
          321.3498115518378
        ]
      ], 
      "projected_cuboid_centroid": [
        396.43683462742075, 
        309.41123343163315
      ], 
      "quaternion_xyzw": [
        0.2960730296616697, 
        0.8981637970517294, 
        0.3144271018955633, 
        -0.08232916930752829
      ], 
      "visibility": 0.858116744780571
    }, 
    {
      "bounding_box": {
        "bottom_right": [
          326, 
          527
        ], 
        "top_left": [
          266, 
          464
        ]
      }, 
      "class": "010_potted_meat_can", 
      "cuboid": [
        [
          7.9662699874156, 
          5.060042939660786, 
          86.72038841552738
        ], 
        [
          -1.8004052453131907, 
          2.4819242897136307, 
          85.5862006874082
        ], 
        [
          -1.3547173897662794, 
          -2.233894687293224, 
          92.46782365033785
        ], 
        [
          8.411957842962511, 
          0.3442239626539313, 
          93.60201137845704
        ], 
        [
          6.400044332468092, 
          9.584686302687386, 
          89.9224596286274
        ], 
        [
          -3.3666309002606996, 
          7.006567652740231, 
          88.7882719005082
        ], 
        [
          -2.9209430447137885, 
          2.2907486757333757, 
          95.66989486343786
        ], 
        [
          6.845732188015003, 
          4.868867325680531, 
          96.80408259155706
        ]
      ], 
      "cuboid_centroid": [
        2.5226634713509064, 
        3.6753958076970807, 
        91.19514163948263
      ], 
      "location": [
        2.5226634713509064, 
        3.6753958076970807, 
        91.19514163948263
      ],