{
  "camera_data": {
    "location_worldframe": [
      -17.56099331193146, 
      -4.8201469049236305, 
      94.64491203901943
    ], 
    "quaternion_xyzw_worldframe": [
      0.9530307250304905, 
      -0.00046807988825362646, 
      0.058422468794105765, 
      -0.29718589873858875
    ]
  }, 
  "objects": [
    {
      "bounding_box": {
        "bottom_right": [
          270, 
          558
        ], 
        "top_left": [
          150, 
          416
        ]
      }, 
      "class": "003_cracker_box", 
      "cuboid": [
        [
          -8.179539488539572, 
          0.5121936331333024, 
          85.95292457643468
        ], 
        [
          -8.880662841506362, 
          -12.655592977981112, 
          76.19608402760758
        ], 
        [
          12.089151869983821, 
          -15.683349467227552, 
          78.77544611036981
        ], 
        [
          12.790275222950612, 
          -2.515562856113139, 
          88.53228665919694
        ], 
        [
          -9.481893653301789, 
          -3.646563284049954, 
          91.65915030525488
        ], 
        [
          -10.18301700626858, 
          -16.814349895164366, 
          81.90230975642777
        ], 
        [
          10.786797705221602, 
          -19.84210638441081, 
          84.48167183919001
        ], 
        [
          11.487921058188395, 
          -6.6743197732963955, 
          94.23851238801713
        ]
      ], 
      "cuboid_centroid": [
        1.3036291083410159, 
        -9.664956375638752, 
        85.21729820781235
      ], 
      "location": [
        1.3036291083410159, 
        -9.664956375638752, 
        85.21729820781235
      ], 
      "pose_transform_permuted": [
        [
          0.18138637825894888, 
          0.5792140691660084, 
          -0.7947389784465438, 
          0.0
        ], 
        [
          0.04274203975696089, 
          0.802737573155816, 
          0.5947987110622599, 
          0.0
        ], 
        [
          -0.9824826206195792, 
          0.14185714900584295, 
          -0.12084887031502704, 
          0.0
        ], 
        [
          1.3036291083410159, 
          -9.664956375638752, 
          85.21729820781235, 
          1.0
        ]
      ], 
      "projected_cuboid": [
        [
          430.42182357643975, 
          276.46459034290734
        ], 
        [
          418.9206075598543, 
          184.7061908686484
        ], 
        [
          564.124191494226, 
          167.10830842408913
        ], 
        [
          559.2879325551199, 
          258.1327564121471
        ], 
        [
          425.9668214931178, 
          252.06897700492658
        ], 
        [
          414.73619356911234, 
          163.79729275683314
        ], 
        [
          550.2599109717997, 
          148.02642326312616
        ], 
        [
          547.151908935779, 
          235.51487383642723
        ]
      ], 
      "projected_cuboid_centroid": [
        489.8236245375669, 
        212.79986903010237
      ], 
      "quaternion_xyzw": [
        0.7034447681249302, 
        0.6344564188507632, 
        0.2758514685488996, 
        -0.16290020895058266
      ], 
      "visibility": 0.9785699424370622
    }, 
    {
      "bounding_box": {
        "bottom_right": [
          333, 
          444
        ], 
        "top_left": [
          273, 
          381
        ]
      }, 
      "class": "005_tomato_soup_can", 
      "cuboid": [
        [
          -17.11426235780976, 
          6.654359293448425, 
          92.3603210318326
        ], 
        [
          -11.667679242027285, 
          2.9356606436497583, 
          90.8492265899583
        ], 
        [
          -5.983812727926304, 
          8.779011245126615, 
          96.95605296714075
        ], 
        [
          -11.430395843708782, 
          12.49770989492528, 
          98.46714740901503
        ], 
        [
          -18.478051526864466, 
          2.5422180170175426, 
          97.56437905287243
        ], 
        [
          -13.031468411081987, 
          -1.176480632781124, 
          96.05328461099813
        ], 
        [
          -7.347601896981006, 
          4.66686996869573, 
          102.16011098818059
        ], 
        [
          -12.794185012763485, 
          8.385568618494398, 
          103.67120543005485
        ]
      ], 
      "cuboid_centroid": [
        -12.230932127395384, 
        5.660614631072078, 
        97.26021601000659
      ], 
      "location": [
        -12.230932127395384, 
        5.660614631072078, 
        97.26021601000659
      ], 
      "pose_transform_permuted": [
        [
          0.20140431434052924, 
          0.6072808121984218, 
          -0.7685350208803544, 
          0.0
        ], 
        [
          -0.8050049523454946, 
          0.5496236384778573, 
          0.22333974958459546, 
          0.0
        ], 
        [
          -0.5580350923576706, 
          -0.5736930458313458, 
          -0.5995607766207853, 
          0.0
        ], 
        [
          -12.230932127395384, 
          5.660614631072078, 
          97.26021601000659, 
          1.0
        ]
      ], 
      "projected_cuboid": [
        [
          381.9500087135578, 
          311.7110484747433
        ], 
        [
          412.53255085594327, 
          290.51998475440183
        ], 
        [
          448.40802029707675, 
          321.5766495796508
        ], 
        [
          419.1716230979756, 
          340.97686523412887
        ], 
        [
          379.7481020216981, 
          287.183153388901
        ], 
        [
          408.63907668295593, 
          266.7543286642339
        ], 
        [
          442.9197822563791, 
          297.64960026028007
        ], 
        [
          415.2309811586614, 
          316.4247260802104
        ]
      ], 
      "projected_cuboid_centroid": [
        413.9707006654347, 
        304.3261218872046
      ], 
      "quaternion_xyzw": [
        0.3121846390388971, 
        0.887022127550547, 
        0.3401385239824345, 
        -0.006182324702721756
      ], 
      "visibility": 0.9346491228070175
    }, 
    {
      "bounding_box": {
        "bottom_right": [
          309, 
          548
        ], 
        "top_left": [
          254, 
          485
        ]
      }, 
      "class": "010_potted_meat_can", 
      "cuboid": [
        [
          11.939482718778422, 
          2.142928493827123, 
          90.7955504680953
        ], 
        [
          2.2404303748301664, 
          0.4308778516716636, 
          88.28192979156782
        ], 
        [
          1.3077980974869723, 
          -4.300994682760237, 
          95.10350587379014
        ], 
        [
          11.006850441435228, 
          -2.5889440406047775, 
          97.61712655031761
        ], 
        [
          10.3405117345324, 
          6.789804188075384, 
          93.80030644692357
        ], 
        [
          0.641459390584146, 
          5.077753545919923, 
          91.2866857703961
        ], 
        [
          -0.29117288675904807, 
          0.3458810114880232, 
          98.10826185261841
        ], 
        [
          9.407879457189209, 
          2.057931653643483, 
          100.62188252914588
        ]
      ], 
      "cuboid_centroid": [
        5.824154916009687, 
        1.244404752657573, 
        94.45190616035686
      ], 
      "location": [
        5.824154916009687, 
        1.244404752657573, 
        94.45190616035686
      ],