{
  "camera_data": {
    "location_worldframe": [
      -17.196262547000906, 
      4.032808154759279, 
      81.34250056130054
    ], 
    "quaternion_xyzw_worldframe": [
      0.9191691509395593, 
      0.02784696722966128, 
      -0.0540898791514919, 
      -0.38913942329952833
    ]
  }, 
  "objects": [
    {
      "bounding_box": {
        "bottom_right": [
          357, 
          567
        ], 
        "top_left": [
          239, 
          382
        ]
      }, 
      "class": "003_cracker_box", 
      "cuboid": [
        [
          -10.438978412845135, 
          12.155635369018366, 
          72.37824429056163
        ], 
        [
          -11.643850379670038, 
          0.9700995122376932, 
          60.44048123262695
        ], 
        [
          9.615162141433101, 
          0.6842513273512916, 
          58.56265680282188
        ], 
        [
          10.820034108258005, 
          11.869787184131967, 
          70.50041986075655
        ], 
        [
          -10.078206405088386, 
          6.904705412832279, 
          77.26188798032744
        ], 
        [
          -11.28307837191329, 
          -4.280830443948394, 
          65.32412492239277
        ], 
        [
          9.97593414918985, 
          -4.566678628834796, 
          63.446300492587696
        ], 
        [
          11.180806116014754, 
          6.6188572279458775, 
          75.38406355052236
        ]
      ], 
      "cuboid_centroid": [
        -0.23152213182764253, 
        3.7944783700917855, 
        67.91227239157466
      ], 
      "location": [
        -0.23152213182764253, 
        3.7944783700917855, 
        67.91227239157466
      ], 
      "pose_transform_permuted": [
        [
          -0.05024679893902284, 
          0.7313273094326938, 
          -0.6801732321065852, 
          0.0
        ], 
        [
          0.07345167621383891, 
          0.6818951562095193, 
          0.7277526002697434, 
          0.0
        ], 
        [
          -0.9960321834447716, 
          0.013392625430908467, 
          0.08798026555034125, 
          0.0
        ], 
        [
          -0.23152213182764253, 
          3.7944783700917855, 
          67.91227239157466, 
          1.0
        ]
      ], 
      "projected_cuboid": [
        [
          404.03637350904563, 
          362.8554195110842
        ], 
        [
          377.9969051846254, 
          281.8465801410905
        ], 
        [
          569.8903349514453, 
          279.5178917589113
        ], 
        [
          564.1302657468711, 
          363.07876852239434
        ], 
        [
          411.44997704680986, 
          320.94800094787075
        ], 
        [
          388.7120351930913, 
          238.3369583168742
        ], 
        [
          566.1520138150813, 
          234.89975854909812
        ], 
        [
          561.3570997660813, 
          320.1129627139205
        ]
      ], 
      "projected_cuboid_centroid": [
        479.7637587605592, 
        303.0848285027864
      ], 
      "quaternion_xyzw": [
        0.6646460587695026, 
        0.6311356689456392, 
        0.25483706417556506, 
        -0.3081743900279293
      ], 
      "visibility": 0.9858142054969954
    }, 
    {
      "bounding_box": {
        "bottom_right": [
          395, 
          437
        ], 
        "top_left": [
          331, 
          363
        ]
      }, 
      "class": "005_tomato_soup_can", 
      "cuboid": [
        [
          -18.506465139339685, 
          15.667440884561879, 
          81.38906949000085
        ], 
        [
          -13.102919302982983, 
          13.127024174716157, 
          78.20703098738443
        ], 
        [
          -6.98015618878711, 
          18.574365157583244, 
          84.25539120043133
        ], 
        [
          -12.383702025143812, 
          21.114781867428967, 
          87.43742970304775
        ], 
        [
          -18.31306340717505, 
          10.541736408601315, 
          85.80965724011055
        ], 
        [
          -12.909517570818352, 
          8.001319698755593, 
          82.62761873749413
        ], 
        [
          -6.7867544566224804, 
          13.448660681622682, 
          88.67597895054104
        ], 
        [
          -12.190300292979183, 
          15.989077391468404, 
          91.85801745315746
        ]
      ], 
      "cuboid_centroid": [
        -12.646609797981082, 
        14.55805078309228, 
        85.03252422027094
      ], 
      "location": [
        -12.646609797981082, 
        14.55805078309228, 
        85.03252422027094
      ], 
      "pose_transform_permuted": [
        [
          -0.028561557858600067, 
          0.7569637733731049, 
          -0.6528321715665989, 
          0.0
        ], 
        [
          -0.79864404270054, 
          0.3754735747116667, 
          0.4703052718938006, 
          0.0
        ], 
        [
          -0.6011254260524895, 
          -0.5348133037495808, 
          -0.593820639827947, 
          0.0
        ], 
        [
          -12.646609797981082, 
          14.55805078309228, 
          85.03252422027094, 
          1.0
        ]
      ], 
      "projected_cuboid": [
        [
          359.3188429069531, 
          375.9508526648665
        ], 
        [
          391.4993062747474, 
          362.8040528742648
        ], 
        [
          437.04589221998344, 
          390.85851221802545
        ], 
        [
          405.4339273121682, 
          402.0749378981629
        ], 
        [
          366.8301900226197, 
          338.80497318044405
        ], 
        [
          397.5782610712795, 
          324.9310189886441
        ], 
        [
          440.4396735226893, 
          354.1701571285506
        ], 
        [
          410.2314437011388, 
          366.11771729637707
        ]
      ], 
      "projected_cuboid_centroid": [
        401.6171818901476, 
        364.59387769195337
      ], 
      "quaternion_xyzw": [
        0.28256627403913653, 
        0.8640441999713788, 
        0.39083197747458887, 
        -0.14434065692730927
      ], 
      "visibility": 0.6846280991735537
    }, 
    {
      "bounding_box": {
        "bottom_right": [
          404, 
          549
        ], 
        "top_left": [
          328, 
          476
        ]
      }, 
      "class": "010_potted_meat_can", 
      "cuboid": [
        [
          9.935087760849019, 
          15.874334880756082, 
          73.77584645345132
        ], 
        [
          0.1797269343911216, 
          13.212545038358787, 
          72.74200282023556
        ], 
        [
          1.1915014793045111, 
          7.261313418801849, 
          78.51724960050839
        ], 
        [
          10.946862305762409, 
          9.923103261199147, 
          79.55109323372416
        ], 
        [
          8.475025645813753, 
          19.624930898713604, 
          77.89652219280283
        ], 
        [
          -1.2803351806441452, 
          16.963141056316307, 
          76.86267855958707
        ], 
        [
          -0.26856063573075584, 
          11.011909436759368, 
          82.63792533985989
        ], 
        [
          9.486800190727141, 
          13.673699279156665, 
          83.67176897307567
        ]
      ], 
      "cuboid_centroid": [
        4.833263562559131, 
        13.443122158757726, 
        78.2068858966556
      ], 
      "location": [
        4.833263562559131, 
        13.443122158757726, 
        78.2068858966556
      ],