{
  "camera_data": {
    "location_worldframe": [
      -10.293988571371413, 
      3.907316800167339, 
      87.68971369823963
    ], 
    "quaternion_xyzw_worldframe": [
      0.9415301765382078, 
      -0.031049421912295625, 
      0.16617194546869501, 
      -0.29145230997500077
    ]
  }, 
  "objects": [
    {
      "bounding_box": {
        "bottom_right": [
          319, 
          615
        ], 
        "top_left": [
          182, 
          468
        ]
      }, 
      "class": "003_cracker_box", 
      "cuboid": [
        [
          1.1298872761238519, 
          7.946985883862362, 
          80.96865807496873
        ], 
        [
          0.6637121596059475, 
          -5.154670712740713, 
          71.10927721851618
        ], 
        [
          20.24877763785515, 
          -10.68996736845377, 
          77.53883772389592
        ], 
        [
          20.71495275437305, 
          2.4116892281493043, 
          87.39821858034847
        ], 
        [
          -1.7168283061614344, 
          4.0484988986314505, 
          86.28376928307172
        ], 
        [
          -2.183003422679339, 
          -9.053157697971626, 
          76.42438842661917
        ], 
        [
          17.40206205556986, 
          -14.588454353684682, 
          82.85394893199891
        ], 
        [
          17.868237172087763, 
          -1.4867977570816073, 
          92.71332978845146
        ]
      ], 
      "cuboid_centroid": [
        9.265974665846857, 
        -3.32073423491116, 
        81.91130350348382
      ], 
      "location": [
        9.265974665846857, 
        -3.32073423491116, 
        81.91130350348382
      ], 
      "pose_transform_permuted": [
        [
          0.39647850283361186, 
          0.54296477415557, 
          -0.740266202671045, 
          0.0
        ], 
        [
          0.028419072449378135, 
          0.7987061403167705, 
          0.6010497963907856, 
          0.0
        ], 
        [
          -0.9176040284959165, 
          0.2593410022470004, 
          -0.3012392594626186, 
          0.0
        ], 
        [
          9.265974665846857, 
          -3.32073423491116, 
          81.91130350348382, 
          1.0
        ]
      ], 
      "projected_cuboid": [
        [
          489.1013644234938, 
          325.6312760543354
        ], 
        [
          486.61639333338553, 
          234.62650734358274
        ], 
        [
          622.0307451716794, 
          199.75991431243077
        ], 
        [
          609.0568320633727, 
          288.0030975954333
        ], 
        [
          470.896928219668, 
          298.3102911510893
        ], 
        [
          466.23625673416404, 
          210.1100260162684
        ], 
        [
          594.545249981713, 
          179.38264450010035
        ], 
        [
          585.2379914618745, 
          264.73395593227536
        ]
      ], 
      "projected_cuboid_centroid": [
        542.4300378517019, 
        251.66543659205686
      ], 
      "quaternion_xyzw": [
        0.7120439377888529, 
        0.6025998108144962, 
        0.3502341099630993, 
        -0.08487029446651641
      ], 
      "visibility": 0.9610915609853263
    }, 
    {
      "bounding_box": {
        "bottom_right": [
          381, 
          486
        ], 
        "top_left": [
          322, 
          423
        ]
      }, 
      "class": "005_tomato_soup_can", 
      "cuboid": [
        [
          -8.027440898340444, 
          15.212520772655507, 
          85.65542814699147
        ], 
        [
          -2.8906018353692025, 
          10.838076472666675, 
          85.15093314718223
        ], 
        [
          2.220001114479849, 
          16.01737806579429, 
          92.27841416780723
        ], 
        [
          -2.9168379484913918, 
          20.391822365783124, 
          92.78290916761645
        ], 
        [
          -10.834279743005947, 
          11.361668734452909, 
          90.46629511057029
        ], 
        [
          -5.697440680034708, 
          6.987224434464075, 
          89.96180011076106
        ], 
        [
          -0.5868377301856554, 
          12.16652602759169, 
          97.08928113138604
        ], 
        [
          -5.723676793156897, 
          16.540970327580524, 
          97.59377613119528
        ]
      ], 
      "cuboid_centroid": [
        -4.30713931426305, 
        13.6895234001236, 
        91.37235463918876
      ], 
      "location": [
        -4.30713931426305, 
        13.6895234001236, 
        91.37235463918876
      ], 
      "pose_transform_permuted": [
        [
          0.4145138162125588, 
          0.568693630936084, 
          -0.7104685857380005, 
          0.0
        ], 
        [
          -0.7592247831693213, 
          0.6465428417031741, 
          0.07456435799229003, 
          0.0
        ], 
        [
          -0.5017527737583549, 
          -0.508497522892011, 
          -0.6997674065276878, 
          0.0
        ], 
        [
          -4.30713931426305, 
          13.6895234001236, 
          91.37235463918876, 
          1.0
        ]
      ], 
      "projected_cuboid": [
        [
          431.1989920244061, 
          368.0048227763258
        ], 
        [
          463.34170067727416, 
          341.167866032047
        ], 
        [
          494.5344036939173, 
          365.85836499625407
        ], 
        [
          464.69125629738915, 
          390.49948486772735
        ], 
        [
          417.19423490529385, 
          340.26618411573423
        ], 
        [
          447.53951815183314, 
          314.708826311856
        ], 
        [
          478.3466565832127, 
          340.118288243293
        ], 
        [
          450.0583014633018, 
          363.677787813726
        ]
      ], 
      "projected_cuboid_centroid": [
        456.24777662185915, 
        353.1891621656901
      ], 
      "quaternion_xyzw": [
        0.33269589732343297, 
        0.8628717882454108, 
        0.36751144687529363, 
        0.09849361830206899
      ], 
      "visibility": 0.9708897088970889
    }, 
    {
      "bounding_box": {
        "bottom_right": [
          341, 
          597
        ], 
        "top_left": [
          288, 
          524
        ]
      }, 
      "class": "010_potted_meat_can", 
      "cuboid": [
        [
          20.03149171698263, 
          7.166514648324145, 
          89.51298794341068
        ], 
        [
          10.83964929114893, 
          6.621686186160153, 
          85.20784945053043
        ], 
        [
          8.074289108893208, 
          2.1228720290970537, 
          91.68147093583553
        ], 
        [
          17.266131534726902, 
          2.6677004912610456, 
          95.9866094287158
        ], 
        [
          18.4785088451754, 
          12.010279400731322, 
          92.21574720789789
        ], 
        [
          9.286666419341705, 
          11.46545093856733, 
          87.91060871501763
        ], 
        [
          6.52130623708598, 
          6.9666367815042305, 
          94.38423020032275
        ], 
        [
          15.713148662919677, 
          7.511465243668222, 
          98.689368693203
        ]
      ], 
      "cuboid_centroid": [
        13.276398977034304, 
        7.066575714914188, 
        91.94860907186671
      ], 
      "location": [
        13.276398977034304, 
        7.066575714914188, 
        91.94860907186671
      ],