{
  "camera_data": {
    "location_worldframe": [
      -18.594278728448845, 
      -5.001903905657379, 
      95.44509001682727
    ], 
    "quaternion_xyzw_worldframe": [
      0.9538583035394701, 
      0.001970109329748281, 
      0.03858059126006831, 
      -0.29776188084283367
    ]
  }, 
  "objects": [
    {
      "bounding_box": {
        "bottom_right": [
          270, 
          549
        ], 
        "top_left": [
          152, 
          408
        ]
      }, 
      "class": "003_cracker_box", 
      "cuboid": [
        [
          -9.625257702509623, 
          0.4849512939244613, 
          86.42028310598188
        ], 
        [
          -10.464312749530816, 
          -12.692240723619491, 
          76.68705584838634
        ], 
        [
          10.632706750175206, 
          -15.373433209589384, 
          78.49827704652813
        ], 
        [
          11.471761797196397, 
          -2.1962411920454326, 
          88.23150430412366
        ], 
        [
          -10.649890093199454, 
          -3.6949630089314573, 
          92.1675296136299
        ], 
        [
          -11.488945140220647, 
          -16.87215502647541, 
          82.43430235603438
        ], 
        [
          9.608074359485375, 
          -19.553347512445303, 
          84.24552355417615
        ], 
        [
          10.447129406506567, 
          -6.376155494901351, 
          93.97875081177169
        ]
      ], 
      "cuboid_centroid": [
        -0.008591671512124532, 
        -9.534198109260421, 
        85.332903330079
      ], 
      "location": [
        -0.008591671512124532, 
        -9.534198109260421, 
        85.332903330079
      ], 
      "pose_transform_permuted": [
        [
          0.142706464510727, 
          0.5821607803329303, 
          -0.8004521789769845, 
          0.0
        ], 
        [
          0.05115066275614022, 
          0.803310947660945, 
          0.5933591922837993, 
          0.0
        ], 
        [
          -0.9884424488489234, 
          0.12561985197503106, 
          -0.08485975549879421, 
          0.0
        ], 
        [
          -0.008591671512124532, 
          -9.534198109260421, 
          85.332903330079, 
          1.0
        ]
      ], 
      "projected_cuboid": [
        [
          421.70236535620256, 
          276.27928473762125
        ], 
        [
          408.21661649016414, 
          185.01844035605208
        ], 
        [
          554.437994003485, 
          168.8389844843324
        ], 
        [
          551.5165470170648, 
          260.0112521714185
        ], 
        [
          419.45883333219206, 
          251.9059483093789
        ], 
        [
          406.6483994070569, 
          164.12990744363694
        ], 
        [
          542.9282408256545, 
          149.5033064815233
        ], 
        [
          541.3775007089887, 
          237.10252232468272
        ]
      ], 
      "projected_cuboid_centroid": [
        481.5429247927725, 
        213.69903582141498
      ], 
      "quaternion_xyzw": [
        0.7030687544095805, 
        0.6371188398261768, 
        0.2617331705391515, 
        -0.17683228763727277
      ], 
      "visibility": 0.9879341609708467
    }, 
    {
      "bounding_box": {
        "bottom_right": [
          332, 
          438
        ], 
        "top_left": [
          273, 
          375
        ]
      }, 
      "class": "005_tomato_soup_can", 
      "cuboid": [
        [
          -18.42052962086215, 
          6.47850090758028, 
          93.15307543187558
        ], 
        [
          -12.972051910663666, 
          2.8503005177114167, 
          91.44203882506956
        ], 
        [
          -7.166482361078791, 
          8.786468016006243, 
          97.34133461694766
        ], 
        [
          -12.614960071277281, 
          12.414668405875107, 
          99.05237122375368
        ], 
        [
          -19.525627015927366, 
          2.344199654883567, 
          98.40075678278447
        ], 
        [
          -14.077149305728875, 
          -1.284000734985296, 
          96.68972017597845
        ], 
        [
          -8.271579756144003, 
          4.652166763309531, 
          102.58901596785654
        ], 
        [
          -13.720057466342492, 
          8.280367153178394, 
          104.30005257466257
        ]
      ], 
      "cuboid_centroid": [
        -13.346054688503079, 
        5.565333835444906, 
        97.87104569986607
      ], 
      "location": [
        -13.346054688503079, 
        5.565333835444906, 
        97.87104569986607
      ], 
      "pose_transform_permuted": [
        [
          0.16320072646337783, 
          0.6105533963535779, 
          -0.7749773119916848, 
          0.0
        ], 
        [
          -0.8052849733889917, 
          0.5362479961947091, 
          0.25289120038066076, 
          0.0
        ], 
        [
          -0.5699837481675799, 
          -0.5828056957255108, 
          -0.5791856764930751, 
          0.0
        ], 
        [
          -13.346054688503079, 
          5.565333835444906, 
          97.87104569986607, 
          1.0
        ]
      ], 
      "projected_cuboid": [
        [
          375.2570693415014, 
          310.37722326032747
        ], 
        [
          405.30936987578264, 
          289.9104136468322
        ], 
        [
          442.0057036996605, 
          321.4263696190754
        ], 
        [
          413.1093435851322, 
          340.12982196978993
        ], 
        [
          374.8887471574932, 
          285.991801880698
        ], 
        [
          403.3034888125324, 
          266.2042676477589
        ], 
        [
          438.23806111414865, 
          297.47130684429555
        ], 
        [
          410.85738062359917, 
          315.6267079969386
        ]
      ], 
      "projected_cuboid_centroid": [
        408.2655956346071, 
        303.61319383867226
      ], 
      "quaternion_xyzw": [
        0.3110010520610343, 
        0.8892508056091638, 
        0.33447792943849114, 
        -0.025215179269880518
      ], 
      "visibility": 0.9041942604856512
    }, 
    {
      "bounding_box": {
        "bottom_right": [
          310, 
          540
        ], 
        "top_left": [
          254, 
          479
        ]
      }, 
      "class": "010_potted_meat_can", 
      "cuboid": [
        [
          10.627314031655729, 
          2.4474740734364007, 
          90.52725695855752
        ], 
        [
          0.8726277300217501, 
          0.57560548846696, 
          88.36780660378241
        ], 
        [
          0.2675460489774788, 
          -4.171284516981191, 
          95.21581597350743
        ], 
        [
          10.02223235061146, 
          -2.29941593201175, 
          97.37526632828254
        ], 
        [
          9.062514012312112, 
          7.067198534606672, 
          93.59128489917545
        ], 
        [
          -0.6921722893218691, 
          5.195329949637231, 
          91.43183454440035
        ], 
        [
          -1.2972539703661405, 
          0.4484399441890802, 
          98.27984391412538
        ], 
        [
          8.457432331267839, 
          2.3203085291585213, 
          100.43929426890048
        ]
      ], 
      "cuboid_centroid": [
        4.665030030644795, 
        1.4479570088127405, 
        94.40355043634145
      ], 
      "location": [
        4.665030030644795, 
        1.4479570088127405, 
        94.40355043634145
      ],