{
  "camera_data": {
    "location_worldframe": [
      -16.029798043530956, 
      0.2609068489185809, 
      87.49227856973609
    ], 
    "quaternion_xyzw_worldframe": [
      0.8902518784755424, 
      0.03141470957016752, 
      -0.009759919608354919, 
      -0.45428408347900856
    ]
  }, 
  "objects": [
    {
      "bounding_box": {
        "bottom_right": [
          328, 
          577
        ], 
        "top_left": [
          226, 
          412
        ]
      }, 
      "class": "003_cracker_box", 
      "cuboid": [
        [
          -8.357933695297675, 
          9.315463058755812, 
          80.34004790361557
        ], 
        [
          -8.916643672494093, 
          0.011625546896765378, 
          66.84173073437326
        ], 
        [
          12.40835540776106, 
          -0.828481826613153, 
          66.53811753557167
        ], 
        [
          12.967065384957479, 
          8.475355685245892, 
          80.03643470481398
        ], 
        [
          -8.532561681351801, 
          3.408829427588722, 
          84.41847673695266
        ], 
        [
          -9.09127165854822, 
          -5.895008084270324, 
          70.92015956771034
        ], 
        [
          12.233727421706934, 
          -6.735115457780243, 
          70.61654636890876
        ], 
        [
          12.792437398903353, 
          2.568722054078804, 
          84.11486353815107
        ]
      ], 
      "cuboid_centroid": [
        1.93789686320463, 
        1.2901738004877843, 
        75.47829713626216
      ], 
      "location": [
        1.93789686320463, 
        1.2901738004877843, 
        75.47829713626216
      ], 
      "pose_transform_permuted": [
        [
          0.024321447107128025, 
          0.8226509432290366, 
          -0.5680263134881971, 
          0.0
        ], 
        [
          0.03406020346760752, 
          0.5671826378931349, 
          0.8228874514855176, 
          0.0
        ], 
        [
          -0.9991238010128476, 
          0.03936090543878734, 
          0.01422495598160109, 
          0.0
        ], 
        [
          1.93789686320463, 
          1.2901738004877843, 
          75.47829713626216, 
          1.0
        ]
      ], 
      "projected_cuboid": [
        [
          425.65241731807214, 
          335.1251726994794
        ], 
        [
          409.85969674719456, 
          273.3792963788765
        ], 
        [
          581.8819480057999, 
          266.6460498101554
        ], 
        [
          568.7226539374489, 
          329.76173178477273
        ], 
        [
          427.242799408808, 
          294.82205437185786
        ], 
        [
          412.6609752789085, 
          228.95607858234231
        ], 
        [
          574.7601980066054, 
          222.4207118648755
        ], 
        [
          563.381812547539, 
          289.5731931282094
        ]
      ], 
      "projected_cuboid_centroid": [
        495.4041003081366, 
        282.40273402189825
      ], 
      "quaternion_xyzw": [
        0.6405949231758304, 
        0.6112702357758396, 
        0.33063362974861726, 
        -0.3266010504195536
      ], 
      "visibility": 0.9903595622720167
    }, 
    {
      "bounding_box": {
        "bottom_right": [
          356, 
          447
        ], 
        "top_left": [
          302, 
          380
        ]
      }, 
      "class": "005_tomato_soup_can", 
      "cuboid": [
        [
          -17.017490780990656, 
          11.81081846062994, 
          89.1376855446371
        ], 
        [
          -11.449909981947634, 
          9.54446777080603, 
          86.03235266485324
        ], 
        [
          -5.680228864423041, 
          13.826530073176682, 
          93.25171104656874
        ], 
        [
          -11.247809663466063, 
          16.092880763000593, 
          96.35704392635259
        ], 
        [
          -17.318591355031327, 
          6.100899661464858, 
          92.76508301562922
        ], 
        [
          -11.751010555988305, 
          3.8345489716409484, 
          89.65975013584536
        ], 
        [
          -5.981329438463712, 
          8.116611274011602, 
          96.87910851756087
        ], 
        [
          -11.548910237506735, 
          10.38296196383551, 
          99.98444139734471
        ]
      ], 
      "cuboid_centroid": [
        -11.499410109727185, 
        9.963714867320771, 
        93.00839703109898
      ], 
      "location": [
        -11.499410109727185, 
        9.963714867320771, 
        93.00839703109898
      ], 
      "pose_transform_permuted": [
        [
          0.04446651728744488, 
          0.8432405145753242, 
          -0.535693871943658, 
          0.0
        ], 
        [
          -0.8228884092167988, 
          0.33496661857105836, 
          0.45896818129216543, 
          0.0
        ], 
        [
          -0.5664602656139969, 
          -0.4204076620125659, 
          -0.7087878139483273, 
          0.0
        ], 
        [
          -11.499410109727185, 
          9.963714867320771, 
          93.00839703109898, 
          1.0
        ]
      ], 
      "projected_cuboid": [
        [
          378.93124196613473, 
          343.95183223768936
        ], 
        [
          410.0269050356672, 
          332.453251612367
        ], 
        [
          448.8403222132358, 
          352.36239806562645
        ], 
        [
          418.82358551007485, 
          362.35785140929727
        ], 
        [
          381.200292997224, 
          308.3614730609762
        ], 
        [
          411.1164951531996, 
          296.0954355760238
        ], 
        [
          448.39544494009067, 
          317.9684906506573
        ], 
        [
          419.4815210874816, 
          328.6695242665561
        ]
      ], 
      "projected_cuboid_centroid": [
        415.10878223569546, 
        330.41948973093025
      ], 
      "quaternion_xyzw": [
        0.27036907992214027, 
        0.8335151383107902, 
        0.46550694078244553, 
        -0.1243233760711154
      ], 
      "visibility": 0.7267131719327041
    }, 
    {
      "bounding_box": {
        "bottom_right": [
          362, 
          553
        ], 
        "top_left": [
          297, 
          488
        ]
      }, 
      "class": "010_potted_meat_can", 
      "cuboid": [
        [
          11.935023448183633, 
          12.000519973003028, 
          83.78560178993186
        ], 
        [
          2.2231981529595406, 
          9.895743882834177, 
          81.64752093956196
        ], 
        [
          2.6068305162548935, 
          3.143484838003846, 
          86.5520234519214
        ], 
        [
          12.318655811478987, 
          5.248260928172697, 
          88.69010430229132
        ], 
        [
          10.255555286768228, 
          15.175765959993592, 
          88.28848087285786
        ], 
        [
          0.5437299915441354, 
          13.07098986982474, 
          86.15040002248794
        ], 
        [
          0.927362354839488, 
          6.31873082499441, 
          91.0549025348474
        ], 
        [
          10.639187650063581, 
          8.423506915163262, 
          93.1929833852173
        ]
      ], 
      "cuboid_centroid": [
        6.431192901511561, 
        9.159625398998719, 
        87.42025216238963
      ], 
      "location": [
        6.431192901511561, 
        9.159625398998719, 
        87.42025216238963
      ],