{
  "camera_data": {
    "location_worldframe": [
      -14.066876517639454, 
      1.817668372588313, 
      85.57577326228227
    ], 
    "quaternion_xyzw_worldframe": [
      0.9001158950134474, 
      0.026735218938579754, 
      0.02413929427932118, 
      -0.43416071100425735
    ]
  }, 
  "objects": [
    {
      "bounding_box": {
        "bottom_right": [
          335, 
          600
        ], 
        "top_left": [
          224, 
          433
        ]
      }, 
      "class": "003_cracker_box", 
      "cuboid": [
        [
          -5.641224710847062, 
          10.25112124026238, 
          78.51306680978189
        ], 
        [
          -5.810921332466118, 
          0.39236826665111824, 
          65.40374537238176
        ], 
        [
          15.445360658131477, 
          -1.2720658116901615, 
          66.38031195047458
        ], 
        [
          15.615057279750532, 
          8.5866871619211, 
          79.48963338787469
        ], 
        [
          -6.28613500128303, 
          4.539956515700524, 
          82.81644754371105
        ], 
        [
          -6.455831622902086, 
          -5.318796457910738, 
          69.70712610631094
        ], 
        [
          14.80045036769551, 
          -6.983230536252018, 
          70.68369268440374
        ], 
        [
          14.970146989314564, 
          2.8755224373592445, 
          83.79301412180386
        ]
      ], 
      "cuboid_centroid": [
        4.5796128284242235, 
        1.6339453520051814, 
        74.5983797470928
      ], 
      "location": [
        4.5796128284242235, 
        1.6339453520051814, 
        74.5983797470928
      ], 
      "pose_transform_permuted": [
        [
          0.08982037685998012, 
          0.7954268608782626, 
          -0.5993566625091307, 
          0.0
        ], 
        [
          0.010345083667762489, 
          0.6010115192555975, 
          0.7991734060677851, 
          0.0
        ], 
        [
          -0.9959042519964647, 
          0.07798245132997011, 
          -0.04575432372935548, 
          0.0
        ], 
        [
          4.5796128284242235, 
          1.6339453520051814, 
          74.5983797470928, 
          1.0
        ]
      ], 
      "projected_cuboid": [
        [
          442.9583075717033, 
          342.9198350750149
        ], 
        [
          433.81839243988, 
          276.48601347368015
        ], 
        [
          606.723917126039, 
          263.06637497643135
        ], 
        [
          587.2362019610463, 
          330.8971750272885
        ], 
        [
          440.7783994458898, 
          302.52285260710886
        ], 
        [
          431.79277870207983, 
          232.5931617320836
        ], 
        [
          594.1994156127902, 
          220.59696479500641
        ], 
        [
          577.6719803323371, 
          291.588450661918
        ]
      ], 
      "projected_cuboid_centroid": [
        514.6105340561633, 
        284.9679586370869
      ], 
      "quaternion_xyzw": [
        0.6495545006977597, 
        0.6146196237331261, 
        0.3421551932797005, 
        -0.28853334721859347
      ], 
      "visibility": 0.9848683799162133
    }, 
    {
      "bounding_box": {
        "bottom_right": [
          367, 
          457
        ], 
        "top_left": [
          312, 
          391
        ]
      }, 
      "class": "005_tomato_soup_can", 
      "cuboid": [
        [
          -14.677034217799928, 
          13.457846728379124, 
          86.67899928744576
        ], 
        [
          -9.03891544662549, 
          10.847057112344263, 
          84.00079317134126
        ], 
        [
          -3.5187409409317647, 
          15.218660025818354, 
          91.36022077113076
        ], 
        [
          -9.156859712106204, 
          17.829449641853216, 
          94.03842688723526
        ], 
        [
          -15.414549777074257, 
          7.928099749263902, 
          90.51694350383308
        ], 
        [
          -9.776431005899818, 
          5.31731013322904, 
          87.83873738772857
        ], 
        [
          -4.256256500206092, 
          9.688913046703131, 
          95.19816498751807
        ], 
        [
          -9.894375271380532, 
          12.299702662737994, 
          97.87637110362257
        ]
      ], 
      "cuboid_centroid": [
        -9.46664535900301, 
        11.573379887541128, 
        90.93858213748192
      ], 
      "location": [
        -9.46664535900301, 
        11.573379887541128, 
        90.93858213748192
      ], 
      "pose_transform_permuted": [
        [
          0.10891625986007518, 
          0.816632749457363, 
          -0.5667874044743064, 
          0.0
        ], 
        [
          -0.8333139210812296, 
          0.38587468983080364, 
          0.39583884814293796, 
          0.0
        ], 
        [
          -0.5419640103216765, 
          -0.4291986501652447, 
          -0.7225396391980013, 
          0.0
        ], 
        [
          -9.46664535900301, 
          11.573379887541128, 
          90.93858213748192, 
          1.0
        ]
      ], 
      "projected_cuboid": [
        [
          390.53947781354515, 
          356.09013823711854
        ], 
        [
          423.7309073265386, 
          342.1543160033541
        ], 
        [
          460.88507596684497, 
          362.12618124067694
        ], 
        [
          429.2330533275622, 
          374.40259198100296
        ], 
        [
          390.0187424386626, 
          319.9983544651374
        ], 
        [
          421.74405921564926, 
          305.5709913807119
        ], 
        [
          457.5539418411921, 
          327.56580973133396
        ], 
        [
          427.2342138052332, 
          340.3065165856243
        ]
      ], 
      "projected_cuboid_centroid": [
        425.6161958198211, 
        341.1599311268593
      ], 
      "quaternion_xyzw": [
        0.27580554251634903, 
        0.8410261553187244, 
        0.4575280979436551, 
        -0.08528943673996899
      ], 
      "visibility": 0.8430278884462151
    }, 
    {
      "bounding_box": {
        "bottom_right": [
          366, 
          570
        ], 
        "top_left": [
          302, 
          504
        ]
      }, 
      "class": "010_potted_meat_can", 
      "cuboid": [
        [
          14.516015510352107, 
          12.309595480676682, 
          83.0223330475413
        ], 
        [
          4.863612242250093, 
          10.48459566827147, 
          80.41053108106796
        ], 
        [
          4.694509073693289, 
          3.9441861591793943, 
          85.60560263631749
        ], 
        [
          14.346912341795303, 
          5.769185971584606, 
          88.21740460279082
        ], 
        [
          12.714214680063595, 
          15.740912365359435, 
          87.28358856949993
        ], 
        [
          3.0618114119615805, 
          13.915912552954223, 
          84.67178660302659
        ], 
        [
          2.892708243404776, 
          7.375503043862147, 
          89.8668581582761
        ], 
        [
          12.54511151150679, 
          9.20050285626736, 
          92.47866012474944
        ]
      ], 
      "cuboid_centroid": [
        8.70436187687844, 
        9.842549262269415, 
        86.4445956029087
      ], 
      "location": [
        8.70436187687844, 
        9.842549262269415, 
        86.4445956029087
      ],