{
  "camera_data": {
    "location_worldframe": [
      -16.04007100509484, 
      0.8144981921921381, 
      87.26668530694873
    ], 
    "quaternion_xyzw_worldframe": [
      0.8927589578125229, 
      0.02441086040614422, 
      -0.015570101701495358, 
      -0.4496037278650454
    ]
  }, 
  "objects": [
    {
      "bounding_box": {
        "bottom_right": [
          331, 
          575
        ], 
        "top_left": [
          227, 
          409
        ]
      }, 
      "class": "003_cracker_box", 
      "cuboid": [
        [
          -8.422031571698325, 
          9.732951268734926, 
          79.88947855780674
        ], 
        [
          -9.268781734319877, 
          0.284834990581017, 
          66.50686937111449
        ], 
        [
          12.041795683127999, 
          -0.7153433758833684, 
          65.86462291015675
        ], 
        [
          12.88854584574955, 
          8.73277290227054, 
          79.24723209684899
        ], 
        [
          -8.572085446920054, 
          3.8732038591781635, 
          84.03595195886291
        ], 
        [
          -9.418835609541604, 
          -5.574912418975746, 
          70.65334277217067
        ], 
        [
          11.891741807906271, 
          -6.575090785440131, 
          70.01109631121292
        ], 
        [
          12.738491970527821, 
          2.873025492713778, 
          83.39370549790517
        ]
      ], 
      "cuboid_centroid": [
        1.7348551181039729, 
        1.5789302416473976, 
        74.95028743450983
      ], 
      "location": [
        1.7348551181039729, 
        1.5789302416473976, 
        74.95028743450983
      ], 
      "pose_transform_permuted": [
        [
          0.020898868914938196, 
          0.8161208286425052, 
          -0.577503273007129, 
          0.0
        ], 
        [
          0.0516197741265334, 
          0.5759781925397827, 
          0.8158336353924924, 
          0.0
        ], 
        [
          -0.9984481139234036, 
          0.046860588712426876, 
          0.030090680090733624, 
          0.0
        ], 
        [
          1.7348551181039729, 
          1.5789302416473976, 
          74.95028743450983, 
          1.0
        ]
      ], 
      "projected_cuboid": [
        [
          424.9054293819174, 
          338.2609702517726
        ], 
        [
          406.6511672330306, 
          275.5706340437768
        ], 
        [
          579.9145594802288, 
          267.494253532001
        ], 
        [
          569.0574890500434, 
          332.05652503253356
        ], 
        [
          426.74246219660057, 
          297.8671540102148
        ], 
        [
          409.9074549724474, 
          231.20487771107523
        ], 
        [
          572.9390304677839, 
          223.19983941845692
        ], 
        [
          563.7411899707212, 
          291.6601160478599
        ]
      ], 
      "projected_cuboid_centroid": [
        494.0445551789609, 
        284.5216439050449
      ], 
      "quaternion_xyzw": [
        0.6472989332306384, 
        0.6080754291550039, 
        0.32316309410991084, 
        -0.3268240782160097
      ], 
      "visibility": 0.9796818094690435
    }, 
    {
      "bounding_box": {
        "bottom_right": [
          360, 
          448
        ], 
        "top_left": [
          305, 
          381
        ]
      }, 
      "class": "005_tomato_soup_can", 
      "cuboid": [
        [
          -16.917875325234416, 
          12.38882999957854, 
          88.79883379560152
        ], 
        [
          -11.418370294313018, 
          10.047451099541979, 
          85.62853681286657
        ], 
        [
          -5.500495029545021, 
          14.366527603989201, 
          92.70446386890161
        ], 
        [
          -11.000000060466421, 
          16.707906504025765, 
          95.87476085163657
        ], 
        [
          -17.20033645212769, 
          6.721714906644366, 
          92.49421860594784
        ], 
        [
          -11.70083142120629, 
          4.380336006607805, 
          89.32392162321288
        ], 
        [
          -5.782956156438295, 
          8.699412511055026, 
          96.39984867924792
        ], 
        [
          -11.282461187359694, 
          11.040791411091588, 
          99.57014566198288
        ]
      ], 
      "cuboid_centroid": [
        -11.350415740836356, 
        10.544121255316783, 
        92.59934123742472
      ], 
      "location": [
        -11.350415740836356, 
        10.544121255316783, 
        92.59934123742472
      ], 
      "pose_transform_permuted": [
        [
          0.041713844691423224, 
          0.8369192654407203, 
          -0.545734238722609, 
          0.0
        ], 
        [
          -0.8128268110904738, 
          0.34605578759737643, 
          0.46856987532466426, 
          0.0
        ], 
        [
          -0.581009786514721, 
          -0.42404167129534925, 
          -0.6947059010683339, 
          0.0
        ], 
        [
          -11.350415740836356, 
          10.544121255316783, 
          92.59934123742472, 
          1.0
        ]
      ], 
      "projected_cuboid": [
        [
          379.14274375991846, 
          347.6929842030373
        ], 
        [
          409.88746253106797, 
          335.86500342982566
        ], 
        [
          449.68956235349856, 
          355.9357459441872
        ], 
        [
          419.8977837471832, 
          366.2270955717531
        ], 
        [
          381.5938237364309, 
          312.04379488069327
        ], 
        [
          411.1536089156837, 
          299.43987888655
        ], 
        [
          449.33700044446636, 
          321.4149024736554
        ], 
        [
          420.6621209985575, 
          332.4234432666019
        ]
      ], 
      "projected_cuboid_centroid": [
        415.68034560523205, 
        334.0146843985161
      ], 
      "quaternion_xyzw": [
        0.2778784423483422, 
        0.8340567608245305, 
        0.45908900882085124, 
        -0.1279457378330164
      ], 
      "visibility": 0.7310652085864723
    }, 
    {
      "bounding_box": {
        "bottom_right": [
          365, 
          554
        ], 
        "top_left": [
          300, 
          488
        ]
      }, 
      "class": "010_potted_meat_can", 
      "cuboid": [
        [
          11.943444099787474, 
          12.306618667539642, 
          82.97308908263457
        ], 
        [
          2.1830157801105665, 
          10.249764621304644, 
          81.01747840400877
        ], 
        [
          2.5986523098277527, 
          3.5494907014138843, 
          85.99019361463537
        ], 
        [
          12.35908062950466, 
          5.6063447476488815, 
          87.94580429326116
        ], 
        [
          10.360870457264875, 
          15.543697136437244, 
          87.4670299000856
        ], 
        [
          0.6004421375879692, 
          13.486843090202246, 
          85.5114192214598
        ], 
        [
          1.0160786673051556, 
          6.786569170311487, 
          90.4841344320864
        ], 
        [
          10.776506986982062, 
          8.843423216546483, 
          92.4397451107122
        ]
      ], 
      "cuboid_centroid": [
        6.479761383546315, 
        9.546593918925565, 
        86.72861175736048
      ], 
      "location": [
        6.479761383546315, 
        9.546593918925565, 
        86.72861175736048
      ],