{
  "camera_data": {
    "location_worldframe": [
      -20.778051860642123, 
      -3.4612450930586998, 
      94.00859086673634
    ], 
    "quaternion_xyzw_worldframe": [
      0.9535352633365098, 
      0.03280203470495478, 
      -0.05340863364794415, 
      -0.29469044768642594
    ]
  }, 
  "objects": [
    {
      "bounding_box": {
        "bottom_right": [
          286, 
          528
        ], 
        "top_left": [
          174, 
          378
        ]
      }, 
      "class": "003_cracker_box", 
      "cuboid": [
        [
          -14.006757873886395, 
          2.840325730526911, 
          83.69180267773363
        ], 
        [
          -14.851740140280057, 
          -10.51397011065724, 
          74.20355187778279
        ], 
        [
          6.436016524845174, 
          -10.780099631225266, 
          72.68232264091743
        ], 
        [
          7.280998791238835, 
          2.574196209958885, 
          82.17057344086828
        ], 
        [
          -13.64193033731705, 
          -1.3282399555263225, 
          89.52638565551045
        ], 
        [
          -14.48691260371071, 
          -14.682535796710475, 
          80.03813485555959
        ], 
        [
          6.800844061414519, 
          -14.9486653172785, 
          78.51690561869424
        ], 
        [
          7.64582632780818, 
          -1.5943694760943483, 
          88.0051564186451
        ]
      ], 
      "cuboid_centroid": [
        -3.6029569062359377, 
        -6.054169793375794, 
        81.10435414821394
      ], 
      "location": [
        -3.6029569062359377, 
        -6.054169793375794, 
        81.10435414821394
      ], 
      "pose_transform_permuted": [
        [
          -0.05081163583450443, 
          0.5805801929967171, 
          -0.8126160330461836, 
          0.0
        ], 
        [
          0.05151199923850697, 
          0.8141075908466381, 
          0.5784248822970315, 
          0.0
        ], 
        [
          -0.9973789107446946, 
          0.012468761998580713, 
          0.07127298489574434, 
          0.0
        ], 
        [
          -3.6029569062359377, 
          -6.054169793375794, 
          81.10435414821394, 
          1.0
        ]
      ], 
      "projected_cuboid": [
        [
          391.59625480883545, 
          291.3862954990004
        ], 
        [
          373.9643312179847, 
          197.7199914349151
        ], 
        [
          529.2160496214208, 
          194.18562275240174
        ], 
        [
          529.2474505055958, 
          289.99409145474726
        ], 
        [
          399.65319060172936, 
          265.37405079404533
        ], 
        [
          384.26171338127847, 
          175.45212585866045
        ], 
        [
          528.1762000427982, 
          171.74896600053242
        ], 
        [
          528.317630190325, 
          263.6245079480305
        ]
      ], 
      "projected_cuboid_centroid": [
        457.70759236874153, 
        233.47600814539172
      ], 
      "quaternion_xyzw": [
        0.6849446682549021, 
        0.6611798680784783, 
        0.19257513450202368, 
        -0.23792183810746678
      ], 
      "visibility": 0.9851702903104185
    }, 
    {
      "bounding_box": {
        "bottom_right": [
          346, 
          420
        ], 
        "top_left": [
          284, 
          355
        ]
      }, 
      "class": "005_tomato_soup_can", 
      "cuboid": [
        [
          -22.267748836949018, 
          7.924886305694076, 
          91.72383735217649
        ], 
        [
          -16.77644887486635, 
          4.901728671786305, 
          89.17755843100925
        ], 
        [
          -10.833969326023677, 
          11.552651923873386, 
          94.09655933661838
        ], 
        [
          -16.32526928810634, 
          14.575809557781156, 
          96.64283825778561
        ], 
        [
          -22.064924385891757, 
          3.7839824442094243, 
          97.07767934772522
        ], 
        [
          -16.57362442380909, 
          0.7608248103016537, 
          94.531400426558
        ], 
        [
          -10.631144874966417, 
          7.411748062388734, 
          99.45040133216712
        ], 
        [
          -16.122444837049084, 
          10.434905696296507, 
          101.99668025333435
        ]
      ], 
      "cuboid_centroid": [
        -16.449446855957717, 
        7.668317184041405, 
        95.5871193421718
      ], 
      "location": [
        -16.449446855957717, 
        7.668317184041405, 
        95.5871193421718
      ], 
      "pose_transform_permuted": [
        [
          -0.02995310450001324, 
          0.6115284692797804, 
          -0.7906551105318047, 
          0.0
        ], 
        [
          -0.8116141019645676, 
          0.44682268043700174, 
          0.3763400095103637, 
          0.0
        ], 
        [
          -0.5834254051612787, 
          -0.6529795451801236, 
          -0.4829415183940553, 
          0.0
        ], 
        [
          -16.449446855957717, 
          7.668317184041405, 
          95.5871193421718, 
          1.0
        ]
      ], 
      "projected_cuboid": [
        [
          351.0443749713864, 
          319.36504039955497
        ], 
        [
          380.43069148146793, 
          302.60095225840325
        ], 
        [
          419.68068327070387, 
          338.7645485696905
        ], 
        [
          390.7559621729765, 
          353.7225518431411
        ], 
        [
          359.36791745468344, 
          294.07475576159163
        ], 
        [
          387.31412375760414, 
          277.5788976509779
        ], 
        [
          424.11065270810093, 
          313.03328947015115
        ], 
        [
          396.59360927562767, 
          327.8485055136789
        ]
      ], 
      "projected_cuboid_centroid": [
        389.05404978307394, 
        316.0712118199405
      ], 
      "quaternion_xyzw": [
        0.2855089518143711, 
        0.9021153969526979, 
        0.3033065368828927, 
        -0.11259455147944912
      ], 
      "visibility": 0.8381984987489575
    }, 
    {
      "bounding_box": {
        "bottom_right": [
          339, 
          518
        ], 
        "top_left": [
          276, 
          454
        ]
      }, 
      "class": "010_potted_meat_can", 
      "cuboid": [
        [
          6.283223233089871, 
          7.13284311575758, 
          84.57284195464433
        ], 
        [
          -3.4125832953085764, 
          4.1415839153931095, 
          83.96891576915438
        ], 
        [
          -2.4001516753220966, 
          -0.5242208579426935, 
          90.82453893006172
        ], 
        [
          7.2956548530763525, 
          2.4670383424217768, 
          91.42846511555167
        ], 
        [
          4.701092462822483, 
          11.60012074515556, 
          87.84683236791888
        ], 
        [
          -4.994714065575966, 
          8.608861544791091, 
          87.24290618242894
        ], 
        [
          -3.9822824455894863, 
          3.9430567714552875, 
          94.09852934333628
        ], 
        [
          5.713524082808962, 
          6.934315971819757, 
          94.70245552882622
        ]
      ], 
      "cuboid_centroid": [
        1.1504703937501928, 
        5.537949943606433, 
        89.3356856489903
      ], 
      "location": [
        1.1504703937501928, 
        5.537949943606433, 
        89.3356856489903
      ],