{
  "camera_data": {
    "location_worldframe": [
      -11.301396143400726, 
      4.118626909660235, 
      82.02433343928794
    ], 
    "quaternion_xyzw_worldframe": [
      0.9213638118174268, 
      0.010199731353140092, 
      0.07442060219206556, 
      -0.38137455487036925
    ]
  }, 
  "objects": [
    {
      "bounding_box": {
        "bottom_right": [
          344, 
          630
        ], 
        "top_left": [
          214, 
          458
        ]
      }, 
      "class": "003_cracker_box", 
      "cuboid": [
        [
          -1.7229382485319868, 
          11.068694160810983, 
          74.81696015780608
        ], 
        [
          -1.7285469468606762, 
          -0.16574929442135355, 
          62.86433013421519
        ], 
        [
          19.193085694334982, 
          -3.248211416097623, 
          65.75176187222785
        ], 
        [
          19.198694392663672, 
          7.9862320391347135, 
          77.70439189581874
        ], 
        [
          -3.143752520007527, 
          5.940712642815173, 
          79.63748812598628
        ], 
        [
          -3.1493612183362165, 
          -5.293730812417163, 
          67.68485810239537
        ], 
        [
          17.772271422859443, 
          -8.376192934093432, 
          70.57228984040805
        ], 
        [
          17.777880121188133, 
          2.858250521138904, 
          82.52491986399893
        ]
      ], 
      "cuboid_centroid": [
        8.024666587163729, 
        1.3462506133587753, 
        72.69462499910706
      ], 
      "location": [
        8.024666587163729, 
        1.3462506133587753, 
        72.69462499910706
      ], 
      "pose_transform_permuted": [
        [
          0.19788500075832194, 
          0.7142035711137852, 
          -0.6713827414248859, 
          0.0
        ], 
        [
          0.0003419187307557303, 
          0.6848766722417452, 
          0.7286589235785521, 
          0.0
        ], 
        [
          -0.9802251830913449, 
          0.1444202299796991, 
          -0.13528262122737814, 
          0.0
        ], 
        [
          8.024666587163729, 
          1.3462506133587753, 
          72.69462499910706, 
          1.0
        ]
      ], 
      "projected_cuboid": [
        [
          469.21305627277513, 
          352.1877836834994
        ], 
        [
          466.8104588144538, 
          271.88037737457
        ], 
        [
          638.5715833140804, 
          246.93994727180075
        ], 
        [
          614.4642955590069, 
          328.0995779950533
        ], 
        [
          460.3684112747487, 
          313.07054504847764
        ], 
        [
          456.57503035692906, 
          231.5748407207646
        ], 
        [
          617.0225754711954, 
          209.98707959240068
        ], 
        [
          597.4445520110495, 
          291.75806123822434
        ]
      ], 
      "projected_cuboid_centroid": [
        540.9601505742479, 
        283.1632216560429
      ], 
      "quaternion_xyzw": [
        0.6738221000633885, 
        0.6177824440517938, 
        0.34376429782048973, 
        -0.21478998308008385
      ], 
      "visibility": 0.9737310774710597
    }, 
    {
      "bounding_box": {
        "bottom_right": [
          388, 
          475
        ], 
        "top_left": [
          328, 
          406
        ]
      }, 
      "class": "005_tomato_soup_can", 
      "cuboid": [
        [
          -11.0441494106816, 
          15.822382379592645, 
          81.82606941365988
        ], 
        [
          -5.455038706366273, 
          12.524130896785355, 
          79.9127549103772
        ], 
        [
          -0.15399467857533933, 
          17.284706526249188, 
          87.19150927458861
        ], 
        [
          -5.743105382890666, 
          20.582958009056483, 
          89.10482377787129
        ], 
        [
          -12.508073081943188, 
          10.828455569967515, 
          86.15844395496327
        ], 
        [
          -6.918962377627862, 
          7.5302040871602225, 
          84.2451294516806
        ], 
        [
          -1.6179183498369276, 
          12.290779716624058, 
          91.523883815892
        ], 
        [
          -7.207029054152255, 
          15.58903119943135, 
          93.43719831917468
        ]
      ], 
      "cuboid_centroid": [
        -6.331033880259264, 
        14.056581048108352, 
        86.67497661477594
      ], 
      "location": [
        -6.331033880259264, 
        14.056581048108352, 
        86.67497661477594
      ], 
      "pose_transform_permuted": [
        [
          0.21619217247609937, 
          0.7375028543865733, 
          -0.6398048494272626, 
          0.0
        ], 
        [
          -0.8260705290888912, 
          0.4874815496796651, 
          0.2827878722852725, 
          0.0
        ], 
        [
          -0.520450046865375, 
          -0.46738751771754394, 
          -0.7146192391754235, 
          0.0
        ], 
        [
          -6.331033880259264, 
          14.056581048108352, 
          86.67497661477594, 
          1.0
        ]
      ], 
      "projected_cuboid": [
        [
          409.0145021677895, 
          376.412429716498
        ], 
        [
          444.88799137195775, 
          356.86974415353365
        ], 
        [
          480.64728858936536, 
          379.01096638631657
        ], 
        [
          446.93637067978193, 
          396.48182775816383
        ], 
        [
          403.52704686544644, 
          340.3145290391784
        ], 
        [
          437.43108548853263, 
          320.95701259636655
        ], 
        [
          472.09071693083433, 
          344.906242500357
        ], 
        [
          440.11807604678074, 
          362.26540047817775
        ]
      ], 
      "projected_cuboid_centroid": [
        442.3169637143151, 
        359.77805188985167
      ], 
      "quaternion_xyzw": [
        0.2942561643425057, 
        0.8563385569145094, 
        0.42393340864919327, 
        -0.019441989173395815
      ], 
      "visibility": 0.9396488661302121
    }, 
    {
      "bounding_box": {
        "bottom_right": [
          373, 
          597
        ], 
        "top_left": [
          308, 
          523
        ]
      }, 
      "class": "010_potted_meat_can", 
      "cuboid": [
        [
          18.14886724484613, 
          12.153327271589559, 
          80.71783919681924
        ], 
        [
          8.598278822433034, 
          10.75122823691678, 
          77.533282436443
        ], 
        [
          7.517591283496159, 
          4.867400634621704, 
          83.36483523840388
        ], 
        [
          17.068179705909255, 
          6.269499669294482, 
          86.54939199878014
        ], 
        [
          16.323289191167547, 
          16.164573893603105, 
          84.42673198657096
        ], 
        [
          6.772700768754447, 
          14.762474858930327, 
          81.2421752261947
        ], 
        [
          5.692013229817572, 
          8.878647256635249, 
          87.0737280281556
        ], 
        [
          15.24260165223067, 
          10.280746291308027, 
          90.25828478853184
        ]
      ], 
      "cuboid_centroid": [
        11.920440237331851, 
        10.515987264112404, 
        83.89578361248742
      ], 
      "location": [
        11.920440237331851, 
        10.515987264112404, 
        83.89578361248742
      ],