{
  "camera_data": {
    "location_worldframe": [
      -15.93081384549247, 
      1.5065158065164508, 
      84.66264598916143
    ], 
    "quaternion_xyzw_worldframe": [
      0.9015511363770503, 
      0.025951753652506772, 
      -0.023995867692608155, 
      -0.4312294989588631
    ]
  }, 
  "objects": [
    {
      "bounding_box": {
        "bottom_right": [
          336, 
          578
        ], 
        "top_left": [
          227, 
          405
        ]
      }, 
      "class": "003_cracker_box", 
      "cuboid": [
        [
          -8.499851688626892, 
          10.191345282545534, 
          76.82976738321344
        ], 
        [
          -9.409371187571352, 
          0.1926113741237398, 
          63.85763532264712
        ], 
        [
          11.901221884110393, 
          -0.6155144614311853, 
          62.98637031503224
        ], 
        [
          12.810741383054856, 
          9.383219446990609, 
          75.95850237559854
        ], 
        [
          -8.536182356081149, 
          4.505885911644695, 
          81.21458543638062
        ], 
        [
          -9.445701855025609, 
          -5.4928479967771, 
          68.2424533758143
        ], 
        [
          11.864891216656137, 
          -6.3009738323320255, 
          67.37118836819943
        ], 
        [
          12.774410715600599, 
          3.6977600760897698, 
          80.34332042876574
        ]
      ], 
      "cuboid_centroid": [
        1.6825197640146228, 
        1.9451857251067548, 
        72.10047787570643
      ], 
      "location": [
        1.6825197640146228, 
        1.9451857251067548, 
        72.10047787570643
      ], 
      "pose_transform_permuted": [
        [
          0.005059981660565316, 
          0.7918467279707992, 
          -0.6106989077995261, 
          0.0
        ], 
        [
          0.05544633254493325, 
          0.6095450685313006, 
          0.7908100363781994, 
          0.0
        ], 
        [
          -0.9984488473591983, 
          0.0378624990077448, 
          0.0408207101356296, 
          0.0
        ], 
        [
          1.6825197640146228, 
          1.9451857251067548, 
          72.10047787570643, 
          1.0
        ]
      ], 
      "projected_cuboid": [
        [
          422.1030142547514, 
          344.0305243705955
        ], 
        [
          402.3579737424079, 
          274.8951697017092
        ], 
        [
          583.2071295998036, 
          268.0748403655155
        ], 
        [
          572.2933775198927, 
          339.16796702182694
        ], 
        [
          425.07456522416766, 
          302.8757698084885
        ], 
        [
          407.163071946856, 
          230.3595437256596
        ], 
        [
          576.3038974528727, 
          223.40716344129729
        ], 
        [
          567.1003616730753, 
          297.8322980013438
        ]
      ], 
      "projected_cuboid_centroid": [
        494.1462035273132, 
        287.67487035688464
      ], 
      "quaternion_xyzw": [
        0.6526882370918379, 
        0.6159119409962046, 
        0.3048430984388877, 
        -0.31893766073390517
      ], 
      "visibility": 0.9864326540038104
    }, 
    {
      "bounding_box": {
        "bottom_right": [
          369, 
          447
        ], 
        "top_left": [
          311, 
          378
        ]
      }, 
      "class": "005_tomato_soup_can", 
      "cuboid": [
        [
          -16.913814495549243, 
          13.1245075294871, 
          85.72997605193179
        ], 
        [
          -11.428827979823572, 
          10.710987112128173, 
          82.58876039319331
        ], 
        [
          -5.471239448228519, 
          15.377668274532777, 
          89.40591808680836
        ], 
        [
          -10.956225963954187, 
          17.7911886918917, 
          92.54713374554682
        ], 
        [
          -17.090119621111434, 
          7.61160242728052, 
          89.65790686828683
        ], 
        [
          -11.605133105385763, 
          5.198082009921594, 
          86.51669120954837
        ], 
        [
          -5.647544573790709, 
          9.864763172326196, 
          93.3338489031634
        ], 
        [
          -11.132531089516378, 
          12.278283589685124, 
          96.47506456190187
        ]
      ], 
      "cuboid_centroid": [
        -11.280679534669975, 
        11.494635350906648, 
        89.53191247754759
      ], 
      "location": [
        -11.280679534669975, 
        11.494635350906648, 
        89.53191247754759
      ], 
      "pose_transform_permuted": [
        [
          0.02603673187490287, 
          0.8141455419417438, 
          -0.5800766209291487, 
          0.0
        ], 
        [
          -0.8106809746302903, 
          0.3567183034315591, 
          0.4642716558097357, 
          0.0
        ], 
        [
          -0.5849087866876987, 
          -0.4581690732893921, 
          -0.6693002402036504, 
          0.0
        ], 
        [
          -11.280679534669975, 
          11.494635350906648, 
          89.53191247754759, 
          1.0
        ]
      ], 
      "projected_cuboid": [
        [
          375.5006806681619, 
          354.933089249717
        ], 
        [
          407.1800125456719, 
          342.4530826153041
        ], 
        [
          448.68833363406753, 
          365.0166136835272
        ], 
        [
          417.933680991917, 
          375.81147801217327
        ], 
        [
          379.0913145812165, 
          318.5632656630804
        ], 
        [
          409.4627454413765, 
          305.3293599162951
        ], 
        [
          449.05746748977117, 
          329.6548485672934
        ], 
        [
          419.5429551818614, 
          341.16158026146803
        ]
      ], 
      "projected_cuboid_centroid": [
        413.8408536692242, 
        341.7572537788575
      ], 
      "quaternion_xyzw": [
        0.2789384051328736, 
        0.8439381892130535, 
        0.43944147838856007, 
        -0.12981843028796736
      ], 
      "visibility": 0.7365853658536585
    }, 
    {
      "bounding_box": {
        "bottom_right": [
          375, 
          557
        ], 
        "top_left": [
          306, 
          488
        ]
      }, 
      "class": "010_potted_meat_can", 
      "cuboid": [
        [
          11.87313020979292, 
          13.097470255459465, 
          79.54641793444252
        ], 
        [
          2.1120625704094445, 
          10.862352490515384, 
          77.80090087820057
        ], 
        [
          2.6605185655067913, 
          4.376881580220035, 
          83.03847512450537
        ], 
        [
          12.421586204890268, 
          6.611999345164116, 
          84.78399218074732
        ], 
        [
          10.311189355896138, 
          16.50032459079499, 
          83.9235909445001
        ], 
        [
          0.5501217165126644, 
          14.26520682585091, 
          82.17807388825815
        ], 
        [
          1.098577711610011, 
          7.779735915555561, 
          87.41564813456296
        ], 
        [
          10.859645350993485, 
          10.014853680499641, 
          89.16116519080491
        ]
      ], 
      "cuboid_centroid": [
        6.485853960701466, 
        10.438603085507513, 
        83.48103303450274
      ], 
      "location": [
        6.485853960701466, 
        10.438603085507513, 
        83.48103303450274
      ],