{
  "camera_data": {
    "location_worldframe": [
      -15.06658330589546, 
      -3.9185853687294907, 
      94.15605988520282
    ], 
    "quaternion_xyzw_worldframe": [
      0.9516096486004617, 
      -0.005721852205834822, 
      0.08101369349250219, 
      -0.2963842366025889
    ]
  }, 
  "objects": [
    {
      "bounding_box": {
        "bottom_right": [
          274, 
          576
        ], 
        "top_left": [
          153, 
          434
        ]
      }, 
      "class": "003_cracker_box", 
      "cuboid": [
        [
          -5.221297505062794, 
          1.1866605156693675, 
          85.84924393108508
        ], 
        [
          -5.840370389175168, 
          -11.96647153634564, 
          76.06711830964838
        ], 
        [
          14.932119541692558, 
          -15.485317217283468, 
          79.4839786070764
        ], 
        [
          15.55119242580493, 
          -2.3321851652684593, 
          89.2661042285131
        ], 
        [
          -6.848869468037869, 
          -2.9370925986821685, 
          91.49708133067054
        ], 
        [
          -7.467942352150242, 
          -16.090224650697177, 
          81.71495570923383
        ], 
        [
          13.304547578717482, 
          -19.609070331635003, 
          85.13181600666184
        ], 
        [
          13.923620462829856, 
          -6.455938279619995, 
          94.91394162809856
        ]
      ], 
      "cuboid_centroid": [
        4.041625036827344, 
        -9.211204907982818, 
        85.49052996887346
      ], 
      "location": [
        4.041625036827344, 
        -9.211204907982818, 
        85.49052996887346
      ], 
      "pose_transform_permuted": [
        [
          0.22668133731023765, 
          0.5743388875965656, 
          -0.7866068989715144, 
          0.0
        ], 
        [
          0.037740060594502634, 
          0.8018441986233645, 
          0.596340145353621, 
          0.0
        ], 
        [
          -0.9732375142489965, 
          0.16486577367177907, 
          -0.16008753083872657, 
          0.0
        ], 
        [
          4.041625036827344, 
          -9.211204907982818, 
          85.49052996887346, 
          1.0
        ]
      ], 
      "projected_cuboid": [
        [
          448.890596738858, 
          280.6584059514139
        ], 
        [
          440.3079928834757, 
          189.38755832226053
        ], 
        [
          582.6231719863772, 
          169.3835493751337
        ], 
        [
          575.2818086151286, 
          259.35291747711835
        ], 
        [
          441.3435931596985, 
          256.16676784578226
        ], 
        [
          432.45073292815505, 
          168.27232327177452
        ], 
        [
          565.6397607526982, 
          150.4429090516485
        ], 
        [
          560.4856070286254, 
          237.01074695216167
        ]
      ], 
      "projected_cuboid_centroid": [
        507.02024193684997, 
        215.82384633806825
      ], 
      "quaternion_xyzw": [
        0.7051972655289079, 
        0.6292855203930154, 
        0.29176994966315595, 
        -0.1468565524169839
      ], 
      "visibility": 0.968273846796076
    }, 
    {
      "bounding_box": {
        "bottom_right": [
          337, 
          458
        ], 
        "top_left": [
          278, 
          396
        ]
      }, 
      "class": "005_tomato_soup_can", 
      "cuboid": [
        [
          -14.258721731375367, 
          7.540941230366194, 
          91.89559550507754
        ], 
        [
          -8.844953906873847, 
          3.694274751448935, 
          90.60266525182685
        ], 
        [
          -3.274554506836426, 
          9.40570728436265, 
          96.9346951119102
        ], 
        [
          -8.688322331337945, 
          13.252373763279909, 
          98.22762536516089
        ], 
        [
          -15.926437560492095, 
          3.4649511664401516, 
          97.03922025552309
        ], 
        [
          -10.51266973599058, 
          -0.3817153124771072, 
          95.7462900022724
        ], 
        [
          -4.942270335953157, 
          5.329717220436607, 
          102.07831986235576
        ], 
        [
          -10.356038160454675, 
          9.176383699353867, 
          103.37125011560644
        ]
      ], 
      "cuboid_centroid": [
        -9.600496033664262, 
        6.435329225401401, 
        96.98695768371664
      ], 
      "location": [
        -9.600496033664262, 
        6.435329225401401, 
        96.98695768371664
      ], 
      "pose_transform_permuted": [
        [
          0.2462881878662506, 
          0.6019420029951175, 
          -0.7596102385873329, 
          0.0
        ], 
        [
          -0.8001548524879738, 
          0.568537282865816, 
          0.19109508379449228, 
          0.0
        ], 
        [
          -0.5468950292828375, 
          -0.5607414905139141, 
          -0.6216709803118994, 
          0.0
        ], 
        [
          -9.600496033664262, 
          6.435329225401401, 
          96.98695768371664, 
          1.0
        ]
      ], 
      "projected_cuboid": [
        [
          398.1564270907544, 
          317.05067718302286
        ], 
        [
          429.0986361174875, 
          295.0323559999919
        ], 
        [
          463.4308430107526, 
          325.0352733804055
        ], 
        [
          434.0313552091097, 
          345.23931526976247
        ], 
        [
          393.3372394243114, 
          292.3296249614036
        ], 
        [
          422.5521127421677, 
          271.160332868574
        ], 
        [
          455.5604419716587, 
          301.1322408716879
        ], 
        [
          427.72227622556915, 
          320.6299252780453
        ]
      ], 
      "projected_cuboid_centroid": [
        428.3651558329498, 
        308.6736372577371
      ], 
      "quaternion_xyzw": [
        0.3157189675912871, 
        0.8832477825600838, 
        0.3463391042319937, 
        0.015622202840912239
      ], 
      "visibility": 0.960896309314587
    }, 
    {
      "bounding_box": {
        "bottom_right": [
          310, 
          563
        ], 
        "top_left": [
          256, 
          498
        ]
      }, 
      "class": "010_potted_meat_can", 
      "cuboid": [
        [
          14.720205148558327, 
          2.3462931005430003, 
          91.49521446384476
        ], 
        [
          5.092123807308047, 
          0.8615058740890195, 
          88.59409756584724
        ], 
        [
          3.7756659015138907, 
          -3.8432750673190395, 
          95.37099182266105
        ], 
        [
          13.403747242764172, 
          -2.3584878408650582, 
          98.27210872065858
        ], 
        [
          13.111849862500128, 
          7.031193262699932, 
          94.43521857319405
        ], 
        [
          3.4837685212498477, 
          5.546406036245951, 
          91.53410167519652
        ], 
        [
          2.1673106154556923, 
          0.8416250948378924, 
          98.31099593201034
        ], 
        [
          11.795391956705972, 
          2.326412321291873, 
          101.21211283000788
        ]
      ], 
      "cuboid_centroid": [
        8.44375788200701, 
        1.5939590976904463, 
        94.90310519792754
      ], 
      "location": [
        8.44375788200701, 
        1.5939590976904463, 
        94.90310519792754
      ],