{
  "camera_data": {
    "location_worldframe": [
      -19.19348245591665, 
      -5.261984315095872, 
      96.64213785472609
    ], 
    "quaternion_xyzw_worldframe": [
      0.954271104285567, 
      0.0043587995652204555, 
      0.020700480359532102, 
      -0.29819346906767047
    ]
  }, 
  "objects": [
    {
      "bounding_box": {
        "bottom_right": [
          269, 
          543
        ], 
        "top_left": [
          153, 
          403
        ]
      }, 
      "class": "003_cracker_box", 
      "cuboid": [
        [
          -10.60911704247285, 
          0.3615818096680018, 
          87.33189883364949
        ], 
        [
          -11.565409381915114, 
          -12.826152513234144, 
          77.62379479232251
        ], 
        [
          9.617958867777045, 
          -15.185661548263294, 
          78.74235362311583
        ], 
        [
          10.574251207219309, 
          -1.997927225361147, 
          88.45045766444281
        ], 
        [
          -11.381385594256303, 
          -3.8338834866113536, 
          93.10719707413755
        ], 
        [
          -12.337677933698567, 
          -17.0216178095135, 
          83.39909303281058
        ], 
        [
          8.845690315993592, 
          -19.38112684454265, 
          84.51765186360389
        ], 
        [
          9.801982655435856, 
          -6.1933925216405035, 
          94.22575590493088
        ]
      ], 
      "cuboid_centroid": [
        -0.8817133632396292, 
        -9.509772517437323, 
        85.9247753486267
      ], 
      "location": [
        -0.8817133632396292, 
        -9.509772517437323, 
        85.9247753486267
      ], 
      "pose_transform_permuted": [
        [
          0.10755829669179107, 
          0.5843266569060828, 
          -0.8043591056497851, 
          0.0
        ], 
        [
          0.058297708981966345, 
          0.8039536300546254, 
          0.5918276251151556, 
          0.0
        ], 
        [
          -0.9924880805028417, 
          0.11054826435069995, 
          -0.052406977673141994, 
          0.0
        ], 
        [
          -0.8817133632396292, 
          -9.509772517437323, 
          85.9247753486267, 
          1.0
        ]
      ], 
      "projected_cuboid": [
        [
          416.2692624001218, 
          275.49465051064675
        ], 
        [
          401.47394405600636, 
          185.16358122122122
        ], 
        [
          547.2820780827461, 
          170.43451090257548
        ], 
        [
          545.8867513244423, 
          261.2398652657526
        ], 
        [
          415.8610160634796, 
          251.32598920260992
        ], 
        [
          402.0427356597835, 
          164.43688764414856
        ], 
        [
          537.8799148837944, 
          150.9886006606075
        ], 
        [
          537.5388179989164, 
          238.2318176840548
        ]
      ], 
      "projected_cuboid_centroid": [
        476.07882691639975, 
        214.26109515107305
      ], 
      "quaternion_xyzw": [
        0.7023540914279726, 
        0.639435910063925, 
        0.24894349244303854, 
        -0.18933458412390056
      ], 
      "visibility": 0.9910202927243159
    }, 
    {
      "bounding_box": {
        "bottom_right": [
          330, 
          435
        ], 
        "top_left": [
          272, 
          373
        ]
      }, 
      "class": "005_tomato_soup_can", 
      "cuboid": [
        [
          -19.26966650384038, 
          6.219910582874781, 
          94.35223497092431
        ], 
        [
          -13.825467562716428, 
          2.6752890773192926, 
          92.46179852152356
        ], 
        [
          -7.921064363243338, 
          8.698804456064263, 
          98.17141309196738
        ], 
        [
          -13.36526330436729, 
          12.243425961619751, 
          100.06184954136815
        ], 
        [
          -20.13938762655655, 
          2.0688608619621602, 
          99.63089181187534
        ], 
        [
          -14.6951886854326, 
          -1.4757606435933281, 
          97.74045536247459
        ], 
        [
          -8.79078548595951, 
          4.547754735151642, 
          103.45006993291841
        ], 
        [
          -14.234984427083461, 
          8.09237624070713, 
          105.34050638231915
        ]
      ], 
      "cuboid_centroid": [
        -14.030225994899945, 
        5.383832659013212, 
        98.90115245192136
      ], 
      "location": [
        -14.030225994899945, 
        5.383832659013212, 
        98.90115245192136
      ], 
      "pose_transform_permuted": [
        [
          0.12844037066927314, 
          0.6130268092782584, 
          -0.7795517707679062, 
          0.0
        ], 
        [
          -0.8046525713450451, 
          0.5238950375868036, 
          0.2794064960566405, 
          0.0
        ], 
        [
          -0.5796871155507847, 
          -0.5913814042530274, 
          -0.5605630051725933, 
          0.0
        ], 
        [
          -14.030225994899945, 
          5.383832659013212, 
          98.90115245192136, 
          1.0
        ]
      ], 
      "projected_cuboid": [
        [
          371.76889932737606, 
          308.44415900061733
        ], 
        [
          401.187223053794, 
          288.7176033337506
        ], 
        [
          438.20701019700914, 
          320.54309282239933
        ], 
        [
          409.76791816849516, 
          338.54276560831215
        ], 
        [
          372.89345509871197, 
          284.3610550561609
        ], 
        [
          400.74473748078333, 
          265.2340683220424
        ], 
        [
          435.8999697647868, 
          296.73172908945884
        ], 
        [
          408.9273745883897, 
          314.2567485089441
        ]
      ], 
      "projected_cuboid_centroid": [
        405.3092755370882, 
        302.3185898674226
      ], 
      "quaternion_xyzw": [
        0.3096440583646624, 
        0.8910086624671474, 
        0.3292868700067559, 
        -0.04235820922586533
      ], 
      "visibility": 0.889487870619946
    }, 
    {
      "bounding_box": {
        "bottom_right": [
          311, 
          535
        ], 
        "top_left": [
          255, 
          475
        ]
      }, 
      "class": "010_potted_meat_can", 
      "cuboid": [
        [
          9.734746127138369, 
          2.6322111277738607, 
          90.77526215170602
        ], 
        [
          -0.05573270140885947, 
          0.612061570943667, 
          88.93500598659564
        ], 
        [
          -0.3640747919018771, 
          -4.1440010413480834, 
          95.79642817704504
        ], 
        [
          9.426404036645353, 
          -2.123851484517889, 
          97.63668434215543
        ], 
        [
          8.200861540438053, 
          7.2273273441591055, 
          93.89148188900901
        ], 
        [
          -1.5896172881091761, 
          5.207177787328911, 
          92.05122572389863
        ], 
        [
          -1.8979593786021938, 
          0.45111517503716136, 
          98.91264791434804
        ], 
        [
          7.892519449945034, 
          2.471264731867355, 
          100.75290407945843
        ]
      ], 
      "cuboid_centroid": [
        3.918393374268088, 
        1.541663151405511, 
        94.84395503302703
      ], 
      "location": [
        3.918393374268088, 
        1.541663151405511, 
        94.84395503302703
      ],