{
  "camera_data": {
    "location_worldframe": [
      -16.72779938943433, 
      3.1907438715414127, 
      82.5586744082192
    ], 
    "quaternion_xyzw_worldframe": [
      0.9132692789979721, 
      0.016661623111968393, 
      -0.04684902917323955, 
      -0.404312677489492
    ]
  }, 
  "objects": [
    {
      "bounding_box": {
        "bottom_right": [
          348, 
          568
        ], 
        "top_left": [
          231, 
          388
        ]
      }, 
      "class": "003_cracker_box", 
      "cuboid": [
        [
          -9.71824682811328, 
          11.403726166065145, 
          73.87468249746648
        ], 
        [
          -11.187268845167736, 
          0.6387988052269079, 
          61.584994587822806
        ], 
        [
          10.062429724684247, 
          -0.17315560957323584, 
          59.756173146261936
        ], 
        [
          11.531451741738701, 
          10.591771751265004, 
          72.04586105590562
        ], 
        [
          -9.519149222924158, 
          5.993018163424986, 
          78.59029450321043
        ], 
        [
          -10.988171239978614, 
          -4.771909197413252, 
          66.30060659356674
        ], 
        [
          10.261527329873369, 
          -5.5838636122133956, 
          64.47178515200588
        ], 
        [
          11.730549346927823, 
          5.181063748624842, 
          76.76147306164955
        ]
      ], 
      "cuboid_centroid": [
        0.2716402508800439, 
        2.909931276925875, 
        69.17323382473619
      ], 
      "location": [
        0.2716402508800439, 
        2.909931276925875, 
        69.17323382473619
      ], 
      "pose_transform_permuted": [
        [
          -0.02772947213777166, 
          0.7535805197772742, 
          -0.6567704900398418, 
          0.0
        ], 
        [
          0.08955485107021749, 
          0.6562539263465929, 
          0.7492067223433545, 
          0.0
        ], 
        [
          -0.995595804041355, 
          0.03804187649018059, 
          0.08568436618400177, 
          0.0
        ], 
        [
          0.2716402508800439, 
          2.909931276925875, 
          69.17323382473619, 
          1.0
        ]
      ], 
      "projected_cuboid": [
        [
          410.8539771050618, 
          355.6128543847893
        ], 
        [
          383.9091390675824, 
          278.81846852415885
        ], 
        [
          572.1519415723317, 
          271.7411365164635
        ], 
        [
          567.670019442134, 
          351.6921425871634
        ], 
        [
          416.461088070593, 
          313.95560493249945
        ], 
        [
          392.4720456985262, 
          234.90148006339913
        ], 
        [
          567.1892417665752, 
          227.09604074099212
        ], 
        [
          563.7771927684631, 
          309.283277603414
        ]
      ], 
      "projected_cuboid_centroid": [
        483.7088447875292, 
        295.721853635448
      ], 
      "quaternion_xyzw": [
        0.6679010438680718, 
        0.6182988279302016, 
        0.27005394617563055, 
        -0.3141426763988758
      ], 
      "visibility": 0.9791000103209826
    }, 
    {
      "bounding_box": {
        "bottom_right": [
          386, 
          442
        ], 
        "top_left": [
          324, 
          370
        ]
      }, 
      "class": "005_tomato_soup_can", 
      "cuboid": [
        [
          -17.71825588366662, 
          14.84974989799302, 
          82.97069103928868
        ], 
        [
          -12.37520822752416, 
          12.263321677244575, 
          79.72421225443405
        ], 
        [
          -6.126752133501932, 
          17.34585983307922, 
          85.95871428254432
        ], 
        [
          -11.469799789644394, 
          19.932288053827662, 
          89.20519306739895
        ], 
        [
          -17.681383335124604, 
          9.5834116390449, 
          87.22700028778199
        ], 
        [
          -12.33833567898214, 
          6.996983418296458, 
          83.98052150292737
        ], 
        [
          -6.089879584959911, 
          12.079521574131103, 
          90.21502353103764
        ], 
        [
          -11.432927241102373, 
          14.665949794879547, 
          93.46150231589226
        ]
      ], 
      "cuboid_centroid": [
        -11.904067734313267, 
        13.46463573606206, 
        86.59285728516316
      ], 
      "location": [
        -11.904067734313267, 
        13.46463573606206, 
        86.59285728516316
      ], 
      "pose_transform_permuted": [
        [
          -0.005445336072173841, 
          0.7777325632113141, 
          -0.6285715308974317, 
          0.0
        ], 
        [
          -0.7897024120221738, 
          0.38227407575134775, 
          0.4798295452280263, 
          0.0
        ], 
        [
          -0.6134658097388589, 
          -0.4989974064602358, 
          -0.6120958165413359, 
          0.0
        ], 
        [
          -11.904067734313267, 
          13.46463573606206, 
          86.59285728516316, 
          1.0
        ]
      ], 
      "projected_cuboid": [
        [
          366.75843930030635, 
          368.73786334213685
        ], 
        [
          398.12253220346946, 
          355.3227152010853
        ], 
        [
          443.26765863443984, 
          380.9066532092581
        ], 
        [
          412.4526010949453, 
          392.4531379402836
        ], 
        [
          372.58940276709825, 
          331.8810223020068
        ], 
        [
          402.58930814851396, 
          317.72098793863404
        ], 
        [
          445.2958192111101, 
          344.6964335694585
        ], 
        [
          415.8136530870854, 
          356.9748806423268
        ]
      ], 
      "projected_cuboid_centroid": [
        407.6697326728441, 
        356.2143237531875
      ], 
      "quaternion_xyzw": [
        0.2914925735430489, 
        0.8540010757282219, 
        0.40685791249370457, 
        -0.14205921253857834
      ], 
      "visibility": 0.6955172413793104
    }, 
    {
      "bounding_box": {
        "bottom_right": [
          391, 
          553
        ], 
        "top_left": [
          319, 
          481
        ]
      }, 
      "class": "010_potted_meat_can", 
      "cuboid": [
        [
          10.745139975572886, 
          14.513566948145703, 
          75.44426900468979
        ], 
        [
          0.9241158471702802, 
          12.155621437109675, 
          74.30032813482877
        ], 
        [
          1.7515630626912317, 
          5.999086451433002, 
          79.88662645912783
        ], 
        [
          11.572587191093838, 
          8.35703196246903, 
          81.03056732898884
        ], 
        [
          9.373951980950453, 
          18.170761664628536, 
          79.67788338340847
        ], 
        [
          -0.4470721474521516, 
          15.812816153592507, 
          78.53394251354746
        ], 
        [
          0.38037506806880006, 
          9.656281167915836, 
          84.12024083784651
        ], 
        [
          10.201399196471407, 
          12.014226678951863, 
          85.26418170770752
        ]
      ], 
      "cuboid_centroid": [
        5.562757521820843, 
        12.084924058030769, 
        79.78225492126815
      ], 
      "location": [
        5.562757521820843, 
        12.084924058030769, 
        79.78225492126815
      ],