{
  "camera_data": {
    "location_worldframe": [
      -13.029607117445519, 
      -1.7445497079598637, 
      94.91278947522412
    ], 
    "quaternion_xyzw_worldframe": [
      0.9490050966545893, 
      -0.013042171735982957, 
      0.11621551796457533, 
      -0.2927687953291346
    ]
  }, 
  "objects": [
    {
      "bounding_box": {
        "bottom_right": [
          285, 
          589
        ], 
        "top_left": [
          163, 
          450
        ]
      }, 
      "class": "003_cracker_box", 
      "cuboid": [
        [
          -2.5060063385927354, 
          2.9633458815151186, 
          87.2260374180413
        ], 
        [
          -2.9753955430801047, 
          -10.215017879734683, 
          77.469577094848
        ], 
        [
          17.402774416598398, 
          -14.444440966870609, 
          82.20198838200952
        ], 
        [
          17.872163621085768, 
          -1.2660772056208054, 
          91.95844870520281
        ], 
        [
          -4.631204840914142, 
          -1.0684026816707062, 
          92.77409404932425
        ], 
        [
          -5.100594045401512, 
          -14.246766442920508, 
          83.01763372613095
        ], 
        [
          15.277575914276992, 
          -18.47618953005643, 
          87.75004501329245
        ], 
        [
          15.746965118764361, 
          -5.29782576880663, 
          97.50650533648574
        ]
      ], 
      "cuboid_centroid": [
        6.3857847878421286, 
        -7.756421824270657, 
        87.48804121566688
      ], 
      "location": [
        6.3857847878421286, 
        -7.756421824270657, 
        87.48804121566688
      ], 
      "pose_transform_permuted": [
        [
          0.2959886564249621, 
          0.5615248829495765, 
          -0.7727098557001911, 
          0.0
        ], 
        [
          0.028615010404078933, 
          0.8033823797646518, 
          0.5947755316615332, 
          0.0
        ], 
        [
          -0.9547627435375347, 
          0.198157911051135, 
          -0.2217240308142767, 
          0.0
        ], 
        [
          6.3857847878421286, 
          -7.756421824270657, 
          87.48804121566688, 
          1.0
        ]
      ], 
      "projected_cuboid": [
        [
          466.1470947985532, 
          291.40510024911305
        ], 
        [
          460.94301726225643, 
          202.9638476815266
        ], 
        [
          595.4457250396431, 
          179.57222051514864
        ], 
        [
          586.111734721512, 
          265.9438329111401
        ], 
        [
          454.7523410826503, 
          267.1447364506694
        ], 
        [
          448.55690855413206, 
          181.76285560401985
        ], 
        [
          575.2235807026898, 
          160.99356198047573
        ], 
        [
          568.444107694913, 
          244.30965873647625
        ]
      ], 
      "projected_cuboid_centroid": [
        520.8486655217171, 
        226.00405689327908
      ], 
      "quaternion_xyzw": [
        0.7070153423291826, 
        0.621678561284885, 
        0.31497342941384154, 
        -0.12015328090896303
      ], 
      "visibility": 0.9645057201525374
    }, 
    {
      "bounding_box": {
        "bottom_right": [
          346, 
          470
        ], 
        "top_left": [
          289, 
          410
        ]
      }, 
      "class": "005_tomato_soup_can", 
      "cuboid": [
        [
          -11.67442348871286, 
          9.666400192446362, 
          92.66843343186429
        ], 
        [
          -6.330151558731031, 
          5.624035776651875, 
          91.73278330188444
        ], 
        [
          -0.9697457956310453, 
          11.171366263623723, 
          98.3839176206444
        ], 
        [
          -6.314017725612872, 
          15.213730679418209, 
          99.31956775062426
        ], 
        [
          -13.806236754281704, 
          5.680939956263805, 
          97.71058828548182
        ], 
        [
          -8.461964824299875, 
          1.6385755404693199, 
          96.77493815550197
        ], 
        [
          -3.1015590611998887, 
          7.185906027441166, 
          103.42607247426194
        ], 
        [
          -8.445830991181715, 
          11.228270443235653, 
          104.36172260424179
        ]
      ], 
      "cuboid_centroid": [
        -7.387991274956374, 
        8.426153109943764, 
        98.04725295306311
      ], 
      "location": [
        -7.387991274956374, 
        8.426153109943764, 
        98.04725295306311
      ], 
      "pose_transform_permuted": [
        [
          0.3148260734109963, 
          0.5885725626902928, 
          -0.7446251694427981, 
          0.0
        ], 
        [
          -0.7898833596884015, 
          0.597461436780491, 
          0.13828908368513462, 
          0.0
        ], 
        [
          -0.5262781097453736, 
          -0.5446301514921289, 
          -0.6530002674490237, 
          0.0
        ], 
        [
          -7.387991274956374, 
          8.426153109943764, 
          98.04725295306311, 
          1.0
        ]
      ], 
      "projected_cuboid": [
        [
          413.8492433522669, 
          328.9180009346906
        ], 
        [
          444.4878959954777, 
          305.9837734536525
        ], 
        [
          476.2964629951002, 
          333.84428505287144
        ], 
        [
          447.4099334044695, 
          354.98021313714884
        ], 
        [
          405.612495905991, 
          304.29399155077465
        ], 
        [
          434.5751821467085, 
          282.31660755206457
        ], 
        [
          465.4705081525219, 
          310.3408736588888
        ], 
        [
          438.0766681951001, 
          330.6663546717736
        ]
      ], 
      "projected_cuboid_centroid": [
        441.07583315279965, 
        319.11987169536127
      ], 
      "quaternion_xyzw": [
        0.32019979121143005, 
        0.8773737345942333, 
        0.3537753585458988, 
        0.050302676831187075
      ], 
      "visibility": 0.9683921209344938
    }, 
    {
      "bounding_box": {
        "bottom_right": [
          316, 
          574
        ], 
        "top_left": [
          264, 
          508
        ]
      }, 
      "class": "010_potted_meat_can", 
      "cuboid": [
        [
          17.069351436869617, 
          3.451350966593668, 
          94.11461576584351
        ], 
        [
          7.596203894358207, 
          2.2904340798532816, 
          90.61707801804
        ], 
        [
          5.689629051800326, 
          -2.3265409556138485, 
          97.31355730076756
        ], 
        [
          15.162776594311739, 
          -1.165624068873462, 
          100.81109504857106
        ], 
        [
          15.44670188851578, 
          8.206616270852638, 
          96.93120603563749
        ], 
        [
          5.973554346004368, 
          7.045699384112251, 
          93.43366828783397
        ], 
        [
          4.066979503446487, 
          2.4287243486451215, 
          100.13014757056152
        ], 
        [
          13.540127045957897, 
          3.5896412353855087, 
          103.62768531836504
        ]
      ], 
      "cuboid_centroid": [
        10.568165470158053, 
        2.9400376576193947, 
        97.12238166820252
      ], 
      "location": [
        10.568165470158053, 
        2.9400376576193947, 
        97.12238166820252
      ],