{
  "camera_data": {
    "location_worldframe": [
      -19.205579864929216, 
      -5.017130720173796, 
      96.80807383499618
    ], 
    "quaternion_xyzw_worldframe": [
      0.9545977985007177, 
      0.005122384611456166, 
      0.01770317147339355, 
      -0.2973280968555889
    ]
  }, 
  "objects": [
    {
      "bounding_box": {
        "bottom_right": [
          271, 
          542
        ], 
        "top_left": [
          155, 
          403
        ]
      }, 
      "class": "003_cracker_box", 
      "cuboid": [
        [
          -10.688472151323964, 
          0.616070016342829, 
          87.44205890599775
        ], 
        [
          -11.653538344475551, 
          -12.593204212627718, 
          77.76415431492812
        ], 
        [
          9.542898577617176, 
          -14.882730865882207, 
          78.77542908380991
        ], 
        [
          10.507964770768764, 
          -1.6734566369116606, 
          88.45333367487954
        ], 
        [
          -11.416821769724598, 
          -3.570791783341176, 
          93.22929422510006
        ], 
        [
          -12.381887962876185, 
          -16.78006601231172, 
          83.55138963403043
        ], 
        [
          8.814548959216543, 
          -19.069592665566212, 
          84.56266440291222
        ], 
        [
          9.77961515236813, 
          -5.860318436595666, 
          94.24056899398184
        ]
      ], 
      "cuboid_centroid": [
        -0.9369615960537105, 
        -9.226761324611692, 
        86.00236165445499
      ], 
      "location": [
        -0.9369615960537105, 
        -9.226761324611692, 
        86.00236165445499
      ], 
      "pose_transform_permuted": [
        [
          0.1014414534560184, 
          0.5831283982986948, 
          -0.8060216514575332, 
          0.0
        ], 
        [
          0.058832582627921515, 
          0.8052667506597815, 
          0.5899865994267715, 
          0.0
        ], 
        [
          -0.9931003769720658, 
          0.10726943357469443, 
          -0.04738047993113771, 
          0.0
        ], 
        [
          -0.9369615960537105, 
          -9.226761324611692, 
          86.00236165445499, 
          1.0
        ]
      ], 
      "projected_cuboid": [
        [
          415.8635330897286, 
          277.0440227482728
        ], 
        [
          401.00912139147977, 
          186.92023617265403
        ], 
        [
          546.7420964457731, 
          172.52857430984275
        ], 
        [
          545.4816636165734, 
          263.1966164491033
        ], 
        [
          415.7427043740446, 
          252.85976975036408
        ], 
        [
          401.9031962891738, 
          166.17715475670184
        ], 
        [
          537.6519166875966, 
          153.0184825286668
        ], 
        [
          537.4023894038409, 
          240.12223709468063
        ]
      ], 
      "projected_cuboid_centroid": [
        475.73834357306475, 
        216.0693591854313
      ], 
      "quaternion_xyzw": [
        0.7021616031335218, 
        0.6402967349703801, 
        0.24617839034389252, 
        -0.19074950694280568
      ], 
      "visibility": 0.9879109225874867
    }, 
    {
      "bounding_box": {
        "bottom_right": [
          332, 
          435
        ], 
        "top_left": [
          273, 
          373
        ]
      }, 
      "class": "005_tomato_soup_can", 
      "cuboid": [
        [
          -19.330692057744503, 
          6.460051372805547, 
          94.49684674905453
        ], 
        [
          -13.885172019408895, 
          2.9292686327315653, 
          92.58444552235405
        ], 
        [
          -7.970146951482807, 
          8.982566326115801, 
          98.25140932001717
        ], 
        [
          -13.415666989818414, 
          12.513349066189782, 
          100.16381054671768
        ], 
        [
          -20.15925604352892, 
          2.3163426008547123, 
          99.78787746112049
        ], 
        [
          -14.713736005193311, 
          -1.2144401392192707, 
          97.87547623442
        ], 
        [
          -8.798710937267224, 
          4.838857554164965, 
          103.54244003208312
        ], 
        [
          -14.24423097560283, 
          8.369640294238948, 
          105.45484125878363
        ]
      ], 
      "cuboid_centroid": [
        -14.064701497505864, 
        5.649454463485257, 
        99.01964339056883
      ], 
      "location": [
        -14.064701497505864, 
        5.649454463485257, 
        99.01964339056883
      ], 
      "pose_transform_permuted": [
        [
          0.12236228680407761, 
          0.6119426983131581, 
          -0.781379143417719, 
          0.0
        ], 
        [
          -0.8048478295051256, 
          0.5218496681303678, 
          0.2826528900118188, 
          0.0
        ], 
        [
          -0.5807299576598446, 
          -0.594305395634443, 
          -0.5563756042424784, 
          0.0
        ], 
        [
          -14.064701497505864, 
          5.649454463485257, 
          99.01964339056883, 
          1.0
        ]
      ], 
      "projected_cuboid": [
        [
          371.589688055036, 
          309.74565830063585
        ], 
        [
          400.9469571869626, 
          290.16017498806957
        ], 
        [
          437.9736923345077, 
          322.0449075763968
        ], 
        [
          409.5704265210494, 
          339.91353701061774
        ], 
        [
          372.9573946056319, 
          285.6663069654055
        ], 
        [
          400.7543688119071, 
          266.6691018906676
        ], 
        [
          435.89957401459543, 
          298.2102068945126
        ], 
        [
          408.95901106351954, 
          315.614543217934
        ]
      ], 
      "projected_cuboid_centroid": [
        405.21333222517853, 
        303.71448739068654
      ], 
      "quaternion_xyzw": [
        0.3091221016923078, 
        0.8917023562486093, 
        0.32755276869255734, 
        -0.04493949188440063
      ], 
      "visibility": 0.9016689219666215
    }, 
    {
      "bounding_box": {
        "bottom_right": [
          313, 
          535
        ], 
        "top_left": [
          257, 
          474
        ]
      }, 
      "class": "010_potted_meat_can", 
      "cuboid": [
        [
          9.665859937529554, 
          2.9583990418767576, 
          90.77375627157686
        ], 
        [
          -0.12764008803365368, 
          0.9034029701075953, 
          88.98899548320037
        ], 
        [
          -0.38455717676064566, 
          -3.840490178524418, 
          95.86095243128169
        ], 
        [
          9.408942848802562, 
          -1.785494106755256, 
          97.64571321965818
        ], 
        [
          8.133665249716913, 
          7.55453332517029, 
          93.88930590320412
        ], 
        [
          -1.6598347758462944, 
          5.499537253401128, 
          92.10454511482763
        ], 
        [
          -1.9167518645732864, 
          0.7556441047691144, 
          98.97650206290895
        ], 
        [
          7.876748160989921, 
          2.8106401765382767, 
          100.76126285128544
        ]
      ], 
      "cuboid_centroid": [
        3.874554036478134, 
        1.857021573322936, 
        94.8751291672429
      ], 
      "location": [
        3.874554036478134, 
        1.857021573322936, 
        94.8751291672429
      ],