{
  "camera_data": {
    "location_worldframe": [
      -9.26998544079737, 
      6.048181239983433, 
      81.62540341922437
    ], 
    "quaternion_xyzw_worldframe": [
      0.9328998716245464, 
      -0.012447326371788178, 
      0.12866422424268786, 
      -0.33613707264938797
    ]
  }, 
  "objects": [
    {
      "bounding_box": {
        "bottom_right": [
          347, 
          642
        ], 
        "top_left": [
          205, 
          476
        ]
      }, 
      "class": "003_cracker_box", 
      "cuboid": [
        [
          1.4467693036676028, 
          11.460603632466952, 
          74.70782272406335
        ], 
        [
          1.3206016458019247, 
          -0.7737510546089078, 
          63.781580790072965
        ], 
        [
          21.574898296180255, 
          -5.37284496392101, 
          68.69740722702096
        ], 
        [
          21.701065954045934, 
          6.861509723154849, 
          79.62364916101134
        ], 
        [
          -0.8171252094221898, 
          6.934915137127463, 
          79.80147787647564
        ], 
        [
          -0.9432928672878677, 
          -5.299439549948397, 
          68.87523594248526
        ], 
        [
          19.311003783090463, 
          -9.898533459260499, 
          73.79106237943326
        ], 
        [
          19.437171440956142, 
          2.335821227815361, 
          84.71730431342364
        ]
      ], 
      "cuboid_centroid": [
        10.378886543379034, 
        0.7810350866032264, 
        74.2494425517483
      ], 
      "location": [
        10.378886543379034, 
        0.7810350866032264, 
        74.2494425517483
      ], 
      "pose_transform_permuted": [
        [
          0.315305650030027, 
          0.6303187470112636, 
          -0.709422740138271, 
          0.0
        ], 
        [
          0.007691461175438619, 
          0.745833485966522, 
          0.6660880216878341, 
          0.0
        ], 
        [
          -0.9489590025307356, 
          0.215477814118244, 
          -0.23031743993604697, 
          0.0
        ], 
        [
          10.378886543379034, 
          0.7810350866032264, 
          74.2494425517483, 
          1.0
        ]
      ], 
      "projected_cuboid": [
        [
          492.0112459027305, 
          355.1007861992228
        ], 
        [
          492.731506956068, 
          266.81669849469614
        ], 
        [
          650.4855972338006, 
          231.5754523340214
        ], 
        [
          628.1622233333588, 
          319.24496294733797
        ], 
        [
          476.0906480837823, 
          319.6331238928518
        ], 
        [
          474.23202773659256, 
          232.25154400799502
        ], 
        [
          622.3290581650414, 
          201.7456010675116
        ], 
        [
          604.9793166268556, 
          287.9911985425411
        ]
      ], 
      "projected_cuboid_centroid": [
        556.7678924398231, 
        278.89656403030375
      ], 
      "quaternion_xyzw": [
        0.69508848635119, 
        0.6095599775339151, 
        0.3529743662096918, 
        -0.1438670453221685
      ], 
      "visibility": 0.9674783000789088
    }, 
    {
      "bounding_box": {
        "bottom_right": [
          400, 
          490
        ], 
        "top_left": [
          340, 
          422
        ]
      }, 
      "class": "005_tomato_soup_can", 
      "cuboid": [
        [
          -7.905980618655015, 
          17.619209834509654, 
          80.4704182164412
        ], 
        [
          -2.517697368936235, 
          13.690712620019207, 
          79.32555710960537
        ], 
        [
          2.623138610401432, 
          18.619819784015103, 
          86.60704879760044
        ], 
        [
          -2.765144639317346, 
          22.548316998505552, 
          87.75190990443627
        ], 
        [
          -10.162211713058861, 
          13.185754488173092, 
          85.06451677894414
        ], 
        [
          -4.7739284633400825, 
          9.257257273682647, 
          83.91965567210829
        ], 
        [
          0.3669075159975853, 
          14.186364437678542, 
          91.20114736010336
        ], 
        [
          -5.021375733721194, 
          18.11486165216899, 
          92.3460084669392
        ]
      ], 
      "cuboid_centroid": [
        -3.7695365513287142, 
        15.902787136094098, 
        85.83578278827228
      ], 
      "location": [
        -3.7695365513287142, 
        15.902787136094098, 
        85.83578278827228
      ], 
      "pose_transform_permuted": [
        [
          0.3332000919740123, 
          0.654732457515545, 
          -0.678456239416431, 
          0.0
        ], 
        [
          -0.796388232485595, 
          0.5806318651002462, 
          0.16921046482886407, 
          0.0
        ], 
        [
          -0.5047210157747846, 
          -0.4839337385347394, 
          -0.7148879862909019, 
          0.0
        ], 
        [
          -3.7695365513287142, 
          15.902787136094098, 
          85.83578278827228, 
          1.0
        ]
      ], 
      "projected_cuboid": [
        [
          428.7633446585684, 
          390.0582642010184
        ], 
        [
          464.52908872408153, 
          365.3315914783297
        ], 
        [
          497.8847682996107, 
          387.94596424984206
        ], 
        [
          464.6516226485586, 
          410.3258233479853
        ], 
        [
          417.3532221101044, 
          355.9558030723551
        ], 
        [
          451.0053450280137, 
          332.1175299697565
        ], 
        [
          483.76052500610353, 
          356.24455098475
        ], 
        [
          452.3557923668993, 
          377.9040588242172
        ]
      ], 
      "projected_cuboid_centroid": [
        457.9807979532976, 
        372.094605330242
      ], 
      "quaternion_xyzw": [
        0.31548939249889724, 
        0.8600549706903573, 
        0.3981200302543065, 
        0.04766835630678218
      ], 
      "visibility": 0.9715536105032823
    }, 
    {
      "bounding_box": {
        "bottom_right": [
          370, 
          612
        ], 
        "top_left": [
          310, 
          534
        ]
      }, 
      "class": "010_potted_meat_can", 
      "cuboid": [
        [
          20.81409742250623, 
          11.36079784707413, 
          82.17654118311697
        ], 
        [
          11.45076895522269, 
          10.503150714712222, 
          78.31473537656369
        ], 
        [
          9.375312155067524, 
          5.2903883785770685, 
          84.50455837807684
        ], 
        [
          18.738640622351063, 
          6.148035510938977, 
          88.36636418463011
        ], 
        [
          19.08853131012497, 
          15.835740004986915, 
          85.36653094700281
        ], 
        [
          9.725202842841432, 
          14.978092872625007, 
          81.50472514044954
        ], 
        [
          7.649746042686269, 
          9.765330536489854, 
          87.69454814196268
        ], 
        [
          17.013074509969805, 
          10.622977668851762, 
          91.55635394851596
        ]
      ], 
      "cuboid_centroid": [
        14.231921732596248, 
        10.563064191781992, 
        84.93554466253983
      ], 
      "location": [
        14.231921732596248, 
        10.563064191781992, 
        84.93554466253983
      ],