{
  "camera_data": {
    "location_worldframe": [
      -8.830571686027863, 
      7.900721514813511, 
      83.36382501375302
    ], 
    "quaternion_xyzw_worldframe": [
      0.9360387590091097, 
      -0.03792885405965962, 
      0.18000251653847035, 
      -0.2999937006653194
    ]
  }, 
  "objects": [
    {
      "bounding_box": {
        "bottom_right": [
          348, 
          632
        ], 
        "top_left": [
          202, 
          479
        ]
      }, 
      "class": "003_cracker_box", 
      "cuboid": [
        [
          2.827006080203884, 
          11.862065460974051, 
          77.00713628967532
        ], 
        [
          2.364082227855918, 
          -1.023845152860385, 
          66.86725833940628
        ], 
        [
          21.680881853402685, 
          -7.05623995736528, 
          73.65143200282716
        ], 
        [
          22.14380570575065, 
          5.829670656469155, 
          83.7913099530962
        ], 
        [
          -0.22018208601738698, 
          7.9096410178506815, 
          82.16905287520676
        ], 
        [
          -0.6831059383653526, 
          -4.976269595983754, 
          72.02917492493772
        ], 
        [
          18.633693687181417, 
          -11.00866440048865, 
          78.81334858835861
        ], 
        [
          19.096617539529383, 
          1.877246213345786, 
          88.95322653862765
        ]
      ], 
      "cuboid_centroid": [
        10.73034988369265, 
        0.42670053024270044, 
        77.91024243901697
      ], 
      "location": [
        10.73034988369265, 
        0.42670053024270044, 
        77.91024243901697
      ], 
      "pose_transform_permuted": [
        [
          0.42439947619418783, 
          0.5504769551001394, 
          -0.7189299037526383, 
          0.0
        ], 
        [
          0.02822086815077096, 
          0.7855537851229497, 
          0.6181495234001417, 
          0.0
        ], 
        [
          -0.9050351745688757, 
          0.28263115996415655, 
          -0.31785367735862224, 
          0.0
        ], 
        [
          10.73034988369265, 
          0.42670053024270044, 
          77.91024243901697, 
          1.0
        ]
      ], 
      "projected_cuboid": [
        [
          501.3389037169406, 
          355.4382983507364
        ], 
        [
          500.60963802576873, 
          265.1205583418378
        ], 
        [
          639.8994648543726, 
          222.19138815905063
        ], 
        [
          623.7137388877554, 
          310.39154954258106
        ], 
        [
          480.1560642658643, 
          324.62419252493
        ], 
        [
          476.49705520018546, 
          236.44116207031323
        ], 
        [
          608.7396174741395, 
          198.79235121613846
        ], 
        [
          597.0450879738702, 
          284.5415784894536
        ]
      ], 
      "projected_cuboid_centroid": [
        555.6617348813423, 
        276.20743441050325
      ], 
      "quaternion_xyzw": [
        0.7123520779550597, 
        0.593312286160861, 
        0.3658826273754833, 
        -0.08163915181145603
      ], 
      "visibility": 0.9831631073970907
    }, 
    {
      "bounding_box": {
        "bottom_right": [
          408, 
          496
        ], 
        "top_left": [
          349, 
          430
        ]
      }, 
      "class": "005_tomato_soup_can", 
      "cuboid": [
        [
          -6.308613126201889, 
          19.200695357324395, 
          81.62211942819194
        ], 
        [
          -1.24167764455203, 
          14.741860192212489, 
          81.15058205685884
        ], 
        [
          3.7859637479571697, 
          19.67726604263842, 
          88.50646435083685
        ], 
        [
          -1.280971733692691, 
          24.136101207750325, 
          88.97800172216996
        ], 
        [
          -9.302693673773918, 
          15.30547905125511, 
          86.28201409061612
        ], 
        [
          -4.235758192124057, 
          10.846643886143204, 
          85.81047671928299
        ], 
        [
          0.7918832003851427, 
          15.782049736569133, 
          93.16635901326102
        ], 
        [
          -4.275052281264718, 
          20.240884901681042, 
          93.63789638459411
        ]
      ], 
      "cuboid_centroid": [
        -2.7583649629083737, 
        17.491372546946764, 
        87.39423922072648
      ], 
      "location": [
        -2.7583649629083737, 
        17.491372546946764, 
        87.39423922072648
      ], 
      "pose_transform_permuted": [
        [
          0.4421656612671579, 
          0.5752453437327936, 
          -0.6881730040686267, 
          0.0
        ], 
        [
          -0.7488930342628672, 
          0.6590158110699574, 
          0.06969322069816603, 
          0.0
        ], 
        [
          -0.4936077090920002, 
          -0.484552135897696, 
          -0.7221915653910179, 
          0.0
        ], 
        [
          -2.7583649629083737, 
          17.491372546946764, 
          87.39423922072648, 
          1.0
        ]
      ], 
      "projected_cuboid": [
        [
          440.0330278234138, 
          398.7440354870379
        ], 
        [
          473.3687909870117, 
          370.16967219443944
        ], 
        [
          504.60053096421524, 
          391.8572141549709
        ], 
        [
          473.8551498386409, 
          417.95437931694926
        ], 
        [
          423.6168054412486, 
          367.89155843537753
        ], 
        [
          455.05207797225523, 
          340.6993740047996
        ], 
        [
          486.1678851859241, 
          363.6289778517677
        ], 
        [
          457.0453717731626, 
          388.56956670778004
        ]
      ], 
      "projected_cuboid_centroid": [
        464.6239889805072, 
        380.02688607541484
      ], 
      "quaternion_xyzw": [
        0.3371675367104991, 
        0.8546370829523474, 
        0.37952861366657836, 
        0.10895631841830579
      ], 
      "visibility": 0.9659785932721713
    }, 
    {
      "bounding_box": {
        "bottom_right": [
          367, 
          611
        ], 
        "top_left": [
          310, 
          534
        ]
      }, 
      "class": "010_potted_meat_can", 
      "cuboid": [
        [
          21.49552491933939, 
          10.552197210106216, 
          85.98805684806253
        ], 
        [
          12.403848317207554, 
          10.268271775316688, 
          81.4513371534872
        ], 
        [
          9.398524802293329, 
          5.690493491929758, 
          87.76056035854623
        ], 
        [
          18.49020140442516, 
          5.974418926719286, 
          92.29728005312155
        ], 
        [
          19.965304994409678, 
          15.367877408523704, 
          88.7532641868489
        ], 
        [
          10.873628392277846, 
          15.083951973734175, 
          84.21654449227357
        ], 
        [
          7.868304877363618, 
          10.506173690347245, 
          90.5257676973326
        ], 
        [
          16.95998147949545, 
          10.790099125136772, 
          95.06248739190792
        ]
      ], 
      "cuboid_centroid": [
        14.681914898351502, 
        10.52918545022673, 
        88.25691227269756
      ], 
      "location": [
        14.681914898351502, 
        10.52918545022673, 
        88.25691227269756
      ],