{
  "camera_data": {
    "location_worldframe": [
      -13.511815944794863, 
      -1.9711642469239474, 
      94.76884820527812
    ], 
    "quaternion_xyzw_worldframe": [
      0.9498482060631821, 
      -0.012628236662185108, 
      0.10702225901229614, 
      -0.29355674016245253
    ]
  }, 
  "objects": [
    {
      "bounding_box": {
        "bottom_right": [
          284, 
          586
        ], 
        "top_left": [
          162, 
          446
        ]
      }, 
      "class": "003_cracker_box", 
      "cuboid": [
        [
          -3.153620543844335, 
          2.812199723564736, 
          86.90602964360319
        ], 
        [
          -3.7086860601239473, 
          -10.358252119587094, 
          77.14338572881188
        ], 
        [
          16.775173471714567, 
          -14.462672464340926, 
          81.5158883828848
        ], 
        [
          17.33023898799418, 
          -1.2922206211890954, 
          91.27853229767612
        ], 
        [
          -5.1563514424976, 
          -1.2390749208595466, 
          92.48533428109764
        ], 
        [
          -5.711416958777213, 
          -14.409526764011376, 
          82.72269036630632
        ], 
        [
          14.772442573061301, 
          -18.513947108765205, 
          87.09519302037924
        ], 
        [
          15.327508089340913, 
          -5.3434952656133765, 
          96.85783693517055
        ]
      ], 
      "cuboid_centroid": [
        5.809411014608483, 
        -7.850873692600235, 
        87.00061133199122
      ], 
      "location": [
        5.809411014608483, 
        -7.850873692600235, 
        87.00061133199122
      ], 
      "pose_transform_permuted": [
        [
          0.27893188670405267, 
          0.5642443929363858, 
          -0.7770619458058455, 
          0.0
        ], 
        [
          0.03383802902035843, 
          0.8029000516315689, 
          0.5951524971652569, 
          0.0
        ], 
        [
          -0.9597145358760254, 
          0.19230125358372782, 
          -0.20486150809361875, 
          0.0
        ], 
        [
          5.809411014608483, 
          -7.850873692600235, 
          87.00061133199122, 
          1.0
        ]
      ], 
      "projected_cuboid": [
        [
          462.08284597281835, 
          290.544272462186
        ], 
        [
          455.74393992989553, 
          201.67626769566286
        ], 
        [
          592.2636503773876, 
          178.6641692231678
        ], 
        [
          583.6975161036125, 
          265.7363885025827
        ], 
        [
          451.61501529875966, 
          266.14137355674774
        ], 
        [
          444.46826541935945, 
          180.38720439537332
        ], 
        [
          572.8086250648088, 
          159.918047569009
        ], 
        [
          566.6968668609654, 
          243.86413130884614
        ]
      ], 
      "projected_cuboid_centroid": [
        517.5059226311469, 
        225.16015563580638
      ], 
      "quaternion_xyzw": [
        0.707672457498865, 
        0.6226802275650318, 
        0.30878847078442057, 
        -0.12695947151629236
      ], 
      "visibility": 0.9669876203576341
    }, 
    {
      "bounding_box": {
        "bottom_right": [
          345, 
          467
        ], 
        "top_left": [
          288, 
          406
        ]
      }, 
      "class": "005_tomato_soup_can", 
      "cuboid": [
        [
          -12.268496628978282, 
          9.450652540451946, 
          92.5149912513208
        ], 
        [
          -6.915683309776519, 
          5.443507113230329, 
          91.48175904495204
        ], 
        [
          -1.475866320794525, 
          11.017691747919994, 
          98.04539142250962
        ], 
        [
          -6.828679639996289, 
          15.02483717514161, 
          99.07862362887838
        ], 
        [
          -14.286924805594815, 
          5.4461735553141555, 
          97.58864303428115
        ], 
        [
          -8.93411148639305, 
          1.4390281280925399, 
          96.5554108279124
        ], 
        [
          -3.494294497411057, 
          7.013212762782203, 
          103.11904320546998
        ], 
        [
          -8.84710781661282, 
          11.020358190003819, 
          104.15227541183872
        ]
      ], 
      "cuboid_centroid": [
        -7.881395563194669, 
        8.231932651617074, 
        97.81701722839539
      ], 
      "location": [
        -7.881395563194669, 
        8.231932651617074, 
        97.81701722839539
      ], 
      "pose_transform_permuted": [
        [
          0.29808136930639556, 
          0.5913812505577868, 
          -0.7492766343481244, 
          0.0
        ], 
        [
          -0.7911457769646631, 
          0.5922560704774219, 
          0.15271171399910063, 
          0.0
        ], 
        [
          -0.5340746071929057, 
          -0.5472666590112131, 
          -0.6444094334244713, 
          0.0
        ], 
        [
          -7.881395563194669, 
          8.231932651617074, 
          97.81701722839539, 
          1.0
        ]
      ], 
      "projected_cuboid": [
        [
          410.2836965316226, 
          327.7665525757965
        ], 
        [
          440.9440943347669, 
          305.0210495925493
        ], 
        [
          473.5021674429078, 
          333.2174606414047
        ], 
        [
          444.533391140731, 
          354.1621053437305
        ], 
        [
          402.868706389623, 
          303.04974525728136
        ], 
        [
          431.83865942944146, 
          281.23494682631804
        ], 
        [
          463.3743840455733, 
          309.55805089573624
        ], 
        [
          435.9172582080495, 
          329.71711343501283
        ]
      ], 
      "projected_cuboid_centroid": [
        438.26789117730607, 
        318.168819355876
      ], 
      "quaternion_xyzw": [
        0.32049343450048484, 
        0.8785910696000728, 
        0.3516398944689875, 
        0.041364424342904466
      ], 
      "visibility": 0.9613284804367607
    }, 
    {
      "bounding_box": {
        "bottom_right": [
          316, 
          572
        ], 
        "top_left": [
          264, 
          506
        ]
      }, 
      "class": "010_potted_meat_can", 
      "cuboid": [
        [
          16.535033803204037, 
          3.4176450890337913, 
          93.4539953866185
        ], 
        [
          7.010093474707159, 
          2.20009313241454, 
          90.12021350279258
        ], 
        [
          5.249642467783928, 
          -2.4362546316904634, 
          96.84326433964502
        ], 
        [
          14.774582796280805, 
          -1.2187026750712113, 
          100.17704622347094
        ], 
        [
          14.931367619185531, 
          8.159382535606552, 
          96.30406576760305
        ], 
        [
          5.406427290688654, 
          6.9418305789872985, 
          92.97028388377713
        ], 
        [
          3.645976283765423, 
          2.3054828148822963, 
          99.69333472062957
        ], 
        [
          13.170916612262298, 
          3.523034771501548, 
          103.0271166044555
        ]
      ], 
      "cuboid_centroid": [
        10.090505043484729, 
        2.861563951958044, 
        96.57366505362404
      ], 
      "location": [
        10.090505043484729, 
        2.861563951958044, 
        96.57366505362404
      ],