{
  "camera_data": {
    "location_worldframe": [
      -23.164976775578374, 
      13.501115946900299, 
      75.37099452302103
    ], 
    "quaternion_xyzw_worldframe": [
      0.9281488973905125, 
      0.03765887778568005, 
      -0.12708978526753842, 
      -0.34780682717674166
    ]
  }, 
  "objects": [
    {
      "bounding_box": {
        "bottom_right": [
          463, 
          511
        ], 
        "top_left": [
          315, 
          291
        ]
      }, 
      "class": "003_cracker_box", 
      "cuboid": [
        [
          -18.231965977894514, 
          21.252045108511943, 
          64.99870344232247
        ], 
        [
          -19.91218160522926, 
          8.97368576048849, 
          54.25175583597296
        ], 
        [
          0.9188595451776651, 
          10.07681495084447, 
          49.734635323319644
        ], 
        [
          2.5990751725124106, 
          22.355174298867926, 
          60.48158292966915
        ], 
        [
          -16.851431104664105, 
          16.505351655845544, 
          70.20595053317108
        ], 
        [
          -18.531646731998848, 
          4.2269923078220915, 
          59.45900292682157
        ], 
        [
          2.2993944184080752, 
          5.330121498178072, 
          54.941882414168255
        ], 
        [
          3.9796100457428207, 
          17.608480846201527, 
          65.68883002051777
        ]
      ], 
      "cuboid_centroid": [
        -7.966285779743219, 
        13.291083303345008, 
        59.970292928245364
      ], 
      "location": [
        -7.966285779743219, 
        13.291083303345008, 
        59.970292928245364
      ], 
      "pose_transform_permuted": [
        [
          -0.19227505657891508, 
          0.6610993824723717, 
          -0.7252433447555543, 
          0.0
        ], 
        [
          0.10242968350707665, 
          0.7485161080183406, 
          0.6551578405038865, 
          0.0
        ], 
        [
          -0.975980769561683, 
          -0.05168406458207947, 
          0.21163717753282468, 
          0.0
        ], 
        [
          -7.966285779743219, 
          13.291083303345008, 
          59.970292928245364, 
          1.0
        ]
      ], 
      "projected_cuboid": [
        [
          330.7556713842858, 
          447.66127530005684
        ], 
        [
          284.21995902001294, 
          361.5019749852122
        ], 
        [
          491.53239079570716, 
          381.34328182484074
        ], 
        [
          504.7064032207926, 
          470.4118720298931
        ], 
        [
          352.5183624111313, 
          398.669460630273
        ], 
        [
          313.9916214326416, 
          311.2006916790648
        ], 
        [
          504.1032433933966, 
          325.02590421266643
        ], 
        [
          514.1762928077812, 
          416.2476420571213
        ]
      ], 
      "projected_cuboid_centroid": [
        410.1620028616197, 
        391.4849769271015
      ], 
      "quaternion_xyzw": [
        0.6663311796097626, 
        0.6470119252824009, 
        0.17366843924220196, 
        -0.3274409883221715
      ], 
      "visibility": 0.9714995269631032
    }, 
    {
      "bounding_box": {
        "bottom_right": [
          479, 
          389
        ], 
        "top_left": [
          404, 
          306
        ]
      }, 
      "class": "005_tomato_soup_can", 
      "cuboid": [
        [
          -25.431047940427533, 
          24.96485058289827, 
          74.64225036252753
        ], 
        [
          -20.25248192525541, 
          22.5494119365233, 
          71.01933663604892
        ], 
        [
          -13.92945999911323, 
          28.95564117676023, 
          75.78630987344056
        ], 
        [
          -19.108026014285347, 
          31.371079823135204, 
          79.40922359991917
        ], 
        [
          -24.281925089975122, 
          20.288346163435744, 
          79.40267783814589
        ], 
        [
          -19.103359074803002, 
          17.872907517060774, 
          75.77976411166728
        ], 
        [
          -12.78033714866082, 
          24.27913675729771, 
          80.5467373490589
        ], 
        [
          -17.95890316383294, 
          26.694575403672676, 
          84.16965107553753
        ]
      ], 
      "cuboid_centroid": [
        -19.105692544544176, 
        24.62199367009799, 
        77.59449385579322
      ], 
      "location": [
        -19.105692544544176, 
        24.62199367009799, 
        77.59449385579322
      ], 
      "pose_transform_permuted": [
        [
          -0.1697024034505429, 
          0.6906259321337412, 
          -0.7030196847503141, 
          0.0
        ], 
        [
          -0.7653920264581744, 
          0.3570018176688014, 
          0.5354666273768538, 
          0.0
        ], 
        [
          -0.62078659232771, 
          -0.6289557850929705, 
          -0.4680156270726815, 
          0.0
        ], 
        [
          -19.105692544544176, 
          24.62199367009799, 
          77.59449385579322, 
          1.0
        ]
      ], 
      "projected_cuboid": [
        [
          298.3777469139268, 
          451.6606309667847
        ], 
        [
          328.2436787876214, 
          442.6213071355126
        ], 
        [
          382.7564950257274, 
          477.0517101956705
        ], 
        [
          352.19637260630844, 
          483.9775692802253
        ], 
        [
          317.1448622944469, 
          409.55615273134646
        ], 
        [
          346.0318657744258, 
          399.07172217664055
        ], 
        [
          396.2701436409904, 
          434.0446210685652
        ], 
        [
          366.85675834269836, 
          442.4299245263164
        ]
      ], 
      "projected_cuboid_centroid": [
        349.1862049360805, 
        442.51750719664125
      ], 
      "quaternion_xyzw": [
        0.27779122389799477, 
        0.879966973286705, 
        0.32917188780360107, 
        -0.20033962984814294
      ], 
      "visibility": 0.40067690705545433
    }, 
    {
      "bounding_box": {
        "bottom_right": [
          510, 
          505
        ], 
        "top_left": [
          416, 
          412
        ]
      }, 
      "class": "010_potted_meat_can", 
      "cuboid": [
        [
          1.7791448014660725, 
          26.564152236029535, 
          63.508100920096744
        ], 
        [
          -7.772108112502488, 
          23.11241306218329, 
          63.932467656024286
        ], 
        [
          -5.582340954222939, 
          17.798569300633776, 
          69.99566031029168
        ], 
        [
          3.9689119597456224, 
          21.250308474480022, 
          69.57129357436416
        ], 
        [
          0.5125079868083425, 
          30.555326394623382, 
          67.46346189402651
        ], 
        [
          -9.03874492716022, 
          27.103587220777136, 
          67.88782862995404
        ], 
        [
          -6.848977768880668, 
          21.789743459227626, 
          73.95102128422145
        ], 
        [
          2.702275145087892, 
          25.24148263307387, 
          73.52665454829392
        ]
      ], 
      "cuboid_centroid": [
        -2.534916483707298, 
        24.17694784762858, 
        68.7295611021591
      ], 
      "location": [
        -2.534916483707298, 
        24.17694784762858, 
        68.7295611021591
      ],