{
  "camera_data": {
    "location_worldframe": [
      -22.073870122235682, 
      10.783510698797638, 
      78.88155083772457
    ], 
    "quaternion_xyzw_worldframe": [
      0.9394848887177926, 
      0.04052912902773167, 
      -0.12323085932485908, 
      -0.3170808020231094
    ]
  }, 
  "objects": [
    {
      "bounding_box": {
        "bottom_right": [
          424, 
          519
        ], 
        "top_left": [
          281, 
          317
        ]
      }, 
      "class": "003_cracker_box", 
      "cuboid": [
        [
          -17.06039553133, 
          17.906111370109286, 
          68.10516433342426
        ], 
        [
          -18.470686435171785, 
          4.950858033773125, 
          58.14270448431831
        ], 
        [
          2.413370300094328, 
          5.972919373219778, 
          53.85725094437762
        ], 
        [
          3.8236612039361155, 
          18.92817270955594, 
          63.81971079348357
        ], 
        [
          -15.713015740593834, 
          13.515420810772532, 
          73.62411365794334
        ], 
        [
          -17.123306644435623, 
          0.560167474436371, 
          63.66165380883738
        ], 
        [
          3.760750090830492, 
          1.5822288138830243, 
          59.376200268896696
        ], 
        [
          5.171040994672279, 
          14.537482150219185, 
          69.33866011800265
        ]
      ], 
      "cuboid_centroid": [
        -6.649822720249753, 
        9.744170091996155, 
        63.740682301160476
      ], 
      "location": [
        -6.649822720249753, 
        9.744170091996155, 
        63.740682301160476
      ], 
      "pose_transform_permuted": [
        [
          -0.18765735695678065, 
          0.6115168056142856, 
          -0.7686559131570483, 
          0.0
        ], 
        [
          0.08597447171858963, 
          0.7897810717901006, 
          0.6073337211573135, 
          0.0
        ], 
        [
          -0.9784646680349296, 
          -0.047885854836060504, 
          0.20078306281635128, 
          0.0
        ], 
        [
          -6.649822720249753, 
          9.744170091996155, 
          63.740682301160476, 
          1.0
        ]
      ], 
      "projected_cuboid": [
        [
          346.88677310156856, 
          413.5061519503579
        ], 
        [
          310.76100914434727, 
          318.698762375358
        ], 
        [
          505.6945431991474, 
          332.43316753611316
        ], 
        [
          513.8163848412863, 
          431.4628295086379
        ], 
        [
          366.8263227146248, 
          371.1897687988856
        ], 
        [
          336.95272468783867, 
          277.97928889346025
        ], 
        [
          515.6577882167194, 
          287.4981852017021
        ], 
        [
          521.7016770882985, 
          385.1018500673388
        ]
      ], 
      "projected_cuboid_centroid": [
        425.4941964243632, 
        354.8162070122532
      ], 
      "quaternion_xyzw": [
        0.6720759871546478, 
        0.6577551399028592, 
        0.15611194724323763, 
        -0.30216072436602426
      ], 
      "visibility": 0.9701486270887564
    }, 
    {
      "bounding_box": {
        "bottom_right": [
          456, 
          398
        ], 
        "top_left": [
          382, 
          319
        ]
      }, 
      "class": "005_tomato_soup_can", 
      "cuboid": [
        [
          -24.43365615558395, 
          22.154031429531823, 
          77.38962272155749
        ], 
        [
          -19.18070333960103, 
          19.56456246526894, 
          74.00162465579933
        ], 
        [
          -12.987008745866133, 
          26.32510858139487, 
          78.43756612230037
        ], 
        [
          -18.239961561849054, 
          28.914577545657753, 
          81.82556418805851
        ], 
        [
          -23.311741113979902, 
          17.802549917247486, 
          82.45497186539511
        ], 
        [
          -18.058788297996983, 
          15.213080952984598, 
          79.06697379963697
        ], 
        [
          -11.865093704262087, 
          21.97362706911053, 
          83.50291526613799
        ], 
        [
          -17.118046520245006, 
          24.563096033373412, 
          86.89091333189613
        ]
      ], 
      "cuboid_centroid": [
        -18.149374929923017, 
        22.063829249321177, 
        80.44626899384774
      ], 
      "location": [
        -18.149374929923017, 
        22.063829249321177, 
        80.44626899384774
      ], 
      "pose_transform_permuted": [
        [
          -0.1656843556392299, 
          0.6426265659189755, 
          -0.7480505010295218, 
          0.0
        ], 
        [
          -0.7763863951786877, 
          0.38272349762482377, 
          0.5007460941097642, 
          0.0
        ], 
        [
          -0.6080893923309777, 
          -0.6637421844691828, 
          -0.43551533094785533, 
          0.0
        ], 
        [
          -18.149374929923017, 
          22.063829249321177, 
          80.44626899384774, 
          1.0
        ]
      ], 
      "projected_cuboid": [
        [
          311.81279257595554, 
          425.95789613068683
        ], 
        [
          342.2123982856504, 
          414.2856626281583
        ], 
        [
          392.55878875139433, 
          452.27852650991485
        ], 
        [
          361.72261285318444, 
          461.7448834537469
        ], 
        [
          329.55995987386996, 
          388.4336090003823
        ], 
        [
          358.77250550315216, 
          375.9012404633442
        ], 
        [
          405.18512059003825, 
          413.6285319334534
        ], 
        [
          375.65423663766234, 
          424.0500601448367
        ]
      ], 
      "projected_cuboid_centroid": [
        360.2728497785976, 
        419.55898001733874
      ], 
      "quaternion_xyzw": [
        0.277453557899338, 
        0.8927736388185686, 
        0.3019079669213702, 
        -0.18661797928725235
      ], 
      "visibility": 0.5639353558264815
    }, 
    {
      "bounding_box": {
        "bottom_right": [
          477, 
          512
        ], 
        "top_left": [
          389, 
          424
        ]
      }, 
      "class": "010_potted_meat_can", 
      "cuboid": [
        [
          2.9210472513428662, 
          23.313205098361074, 
          66.55913975480748
        ], 
        [
          -6.603465689814568, 
          19.799725735085442, 
          67.06917767004546
        ], 
        [
          -4.454330901374965, 
          14.905809995223507, 
          73.48985748488212
        ], 
        [
          5.070182039782471, 
          18.419289358499142, 
          72.97981956964415
        ], 
        [
          1.5601732736002973, 
          27.535656881058777, 
          70.2330536593589
        ], 
        [
          -7.964339667557138, 
          24.022177517783145, 
          70.74309157459689
        ], 
        [
          -5.815204879117533, 
          19.128261777921214, 
          77.16377138943355
        ], 
        [
          3.7093080620399013, 
          22.641741141196846, 
          76.65373347419556
        ]
      ], 
      "cuboid_centroid": [
        -1.4470788138873334, 
        21.220733438141142, 
        71.86145557212052
      ], 
      "location": [
        -1.4470788138873334, 
        21.220733438141142, 
        71.86145557212052
      ],