{
  "camera_data": {
    "location_worldframe": [
      -19.880003633199713, 
      9.554137042673673, 
      80.08548681168634
    ], 
    "quaternion_xyzw_worldframe": [
      0.9393976827051941, 
      0.03684155420350678, 
      -0.11833062458372337, 
      -0.3196453347597555
    ]
  }, 
  "objects": [
    {
      "bounding_box": {
        "bottom_right": [
          410, 
          536
        ], 
        "top_left": [
          271, 
          341
        ]
      }, 
      "class": "003_cracker_box", 
      "cuboid": [
        [
          -14.719304472327682, 
          16.669384708589305, 
          69.3739456286966
        ], 
        [
          -16.201044462751707, 
          3.7731586414332474, 
          59.345490338237404
        ], 
        [
          4.720797209257127, 
          4.590743880007096, 
          55.202829046814216
        ], 
        [
          6.202537199681153, 
          17.486969947163153, 
          65.23128433727341
        ], 
        [
          -13.455545943668994, 
          12.24071836441471, 
          74.88232345961563
        ], 
        [
          -14.937285934093019, 
          -0.6555077027413481, 
          64.85386816915644
        ], 
        [
          5.984555737915814, 
          0.16207753583249995, 
          60.71120687773325
        ], 
        [
          7.466295728339841, 
          13.058303602988557, 
          70.73966216819244
        ]
      ], 
      "cuboid_centroid": [
        -4.367374367205934, 
        8.415731122210902, 
        65.04257625321492
      ], 
      "location": [
        -4.367374367205934, 
        8.415731122210902, 
        65.04257625321492
      ], 
      "pose_transform_permuted": [
        [
          -0.17601094134720996, 
          0.6168059122641153, 
          -0.7671835602527608, 
          0.0
        ], 
        [
          0.09033016702723129, 
          0.786182638111683, 
          0.6113569501171855, 
          0.0
        ], 
        [
          -0.9802349766514666, 
          -0.03830569315110732, 
          0.19409292728307162, 
          0.0
        ], 
        [
          -4.367374367205934, 
          8.415731122210902, 
          65.04257625321492, 
          1.0
        ]
      ], 
      "projected_cuboid": [
        [
          367.4978602315151, 
          401.43420529282
        ], 
        [
          334.78997873093806, 
          307.19474873879454
        ], 
        [
          527.5851990401137, 
          317.63813471671466
        ], 
        [
          532.7305299833265, 
          416.2569488494365
        ], 
        [
          384.96667471592247, 
          360.46618885519223
        ], 
        [
          357.73807462785044, 
          267.8960330715408
        ], 
        [
          534.606701172855, 
          274.7103133978205
        ], 
        [
          538.3559659760347, 
          371.7355384574305
        ]
      ], 
      "projected_cuboid_centroid": [
        445.4881551884007, 
        342.29171078862566
      ], 
      "quaternion_xyzw": [
        0.6743901011523087, 
        0.6548204117116074, 
        0.16138508261987897, 
        -0.30060451590319537
      ], 
      "visibility": 0.9773389587229786
    }, 
    {
      "bounding_box": {
        "bottom_right": [
          444, 
          414
        ], 
        "top_left": [
          372, 
          337
        ]
      }, 
      "class": "005_tomato_soup_can", 
      "cuboid": [
        [
          -22.10860291946611, 
          20.955553939275546, 
          78.62799575681773
        ], 
        [
          -16.86106136031064, 
          18.324836809786145, 
          75.26347072838477
        ], 
        [
          -10.625432598611306, 
          24.99962219428781, 
          79.76997571784841
        ], 
        [
          -15.872974157766778, 
          27.630339323777214, 
          83.13450074628138
        ], 
        [
          -21.066851341735017, 
          16.57046948943752, 
          83.68147324062924
        ], 
        [
          -15.819309782579543, 
          13.939752359948116, 
          80.31694821219628
        ], 
        [
          -9.583681020880212, 
          20.61453774444978, 
          84.82345320165993
        ], 
        [
          -14.831222580035682, 
          23.245254873939185, 
          88.18797823009288
        ]
      ], 
      "cuboid_centroid": [
        -15.84614197017316, 
        20.785045841862665, 
        81.72572447923882
      ], 
      "location": [
        -15.84614197017316, 
        20.785045841862665, 
        81.72572447923882
      ], 
      "pose_transform_permuted": [
        [
          -0.15384581941761996, 
          0.6475890460085626, 
          -0.7462972948874743, 
          0.0
        ], 
        [
          -0.7755866114515494, 
          0.3888199762016941, 
          0.4972767793317307, 
          0.0
        ], 
        [
          -0.6122064378729377, 
          -0.6553223002805093, 
          -0.4424431716977806, 
          0.0
        ], 
        [
          -15.84614197017316, 
          20.785045841862665, 
          81.72572447923882, 
          1.0
        ]
      ], 
      "projected_cuboid": [
        [
          330.3886983431769, 
          415.424299276792
        ], 
        [
          361.1233251462367, 
          403.1369718571697
        ], 
        [
          409.9664176748674, 
          440.42696855211295
        ], 
        [
          378.9211128980482, 
          450.53907355636386
        ], 
        [
          346.2147176493827, 
          378.8936160935144
        ], 
        [
          375.678507988428, 
          365.8491052054175
        ], 
        [
          420.83841549402865, 
          402.89852926641925
        ], 
        [
          391.1573288602106, 
          413.86295087674677
        ]
      ], 
      "projected_cuboid_centroid": [
        377.32775822142656, 
        408.9240261188617
      ], 
      "quaternion_xyzw": [
        0.280797243768154, 
        0.891235968559889, 
        0.30576420167031654, 
        -0.182645960699239
      ], 
      "visibility": 0.6232613199171353
    }, 
    {
      "bounding_box": {
        "bottom_right": [
          462, 
          527
        ], 
        "top_left": [
          377, 
          443
        ]
      }, 
      "class": "010_potted_meat_can", 
      "cuboid": [
        [
          5.328434999248753, 
          21.869501113070363, 
          67.9839316358927
        ], 
        [
          -4.236131588165532, 
          18.455727807184484, 
          68.41548752840114
        ], 
        [
          -2.1820483175539005, 
          13.511412077718388, 
          74.82866184204241
        ], 
        [
          7.382518269860385, 
          16.925185383604266, 
          74.39710594953398
        ], 
        [
          3.9881454782435903, 
          26.09030436102523, 
          71.66729482196295
        ], 
        [
          -5.576421109170695, 
          22.67653105513935, 
          72.09885071447138
        ], 
        [
          -3.522337838559063, 
          17.732215325673252, 
          78.51202502811266
        ], 
        [
          6.042228748855222, 
          21.14598863155913, 
          78.08046913560422
        ]
      ], 
      "cuboid_centroid": [
        0.9030485803448451, 
        19.800858219371808, 
        73.24797833200269
      ], 
      "location": [
        0.9030485803448451, 
        19.800858219371808, 
        73.24797833200269
      ],