{
  "camera_data": {
    "location_worldframe": [
      -13.729916756379568, 
      0.005810112667684053, 
      69.3195583186089
    ], 
    "quaternion_xyzw_worldframe": [
      -0.834896596079309, 
      -0.05987060143766333, 
      -0.09773548205822627, 
      0.5383464508323694
    ]
  }, 
  "objects": [
    {
      "bounding_box": {
        "bottom_right": [
          344, 
          654
        ], 
        "top_left": [
          228, 
          438
        ]
      }, 
      "class": "003_cracker_box", 
      "cuboid": [
        [
          -4.505280105377747, 
          9.77824227191232, 
          65.94266818559048
        ], 
        [
          -2.3853713906610547, 
          3.423098832403429, 
          50.969483668204354
        ], 
        [
          18.489243758112412, 
          1.2441795941612603, 
          54.84972856900778
        ], 
        [
          16.369335043395722, 
          7.599323033670152, 
          69.8229130863939
        ], 
        [
          -5.680057229806685, 
          3.1996966397045634, 
          68.56850778614138
        ], 
        [
          -3.560148515089993, 
          -3.155446799804329, 
          53.595323268755266
        ], 
        [
          17.314466633683473, 
          -5.334366038046498, 
          57.47556816955869
        ], 
        [
          15.194557918966783, 
          1.0207774014623952, 
          72.44875268694481
        ]
      ], 
      "cuboid_centroid": [
        6.404593264152863, 
        2.221938116932912, 
        61.70911817757458
      ], 
      "location": [
        6.404593264152863, 
        2.221938116932912, 
        61.70911817757458
      ], 
      "pose_transform_permuted": [
        [
          0.1636179878155749, 
          0.9162320041071594, 
          -0.36571583054738094, 
          0.0
        ], 
        [
          -0.12923435253174426, 
          0.38742368572273844, 
          0.9127986469461431, 
          0.0
        ], 
        [
          -0.978022308635587, 
          0.10208722932270747, 
          -0.18179813370969933, 
          0.0
        ], 
        [
          6.404593264152863, 
          2.221938116932912, 
          61.70911817757458, 
          1.0
        ]
      ], 
      "projected_cuboid": [
        [
          444.8564033518042, 
          352.36929632426944
        ], 
        [
          456.4297177697871, 
          309.1041588609239
        ], 
        [
          662.8714394633565, 
          285.3840516767548
        ], 
        [
          607.6708605544209, 
          331.33149218844636
        ], 
        [
          437.0499366705738, 
          298.1734858421593
        ], 
        [
          445.87529987989, 
          241.88712718673568
        ], 
        [
          643.5980277854853, 
          223.78860412020808
        ], 
        [
          594.3814334080439, 
          280.8008230183473
        ]
      ], 
      "projected_cuboid_centroid": [
        537.4098875094986, 
        292.4895852028324
      ], 
      "quaternion_xyzw": [
        0.5784826504179585, 
        0.5900980752714793, 
        0.4651896794069788, 
        -0.31739667121685733
      ], 
      "visibility": 0.9879399074699797
    }, 
    {
      "bounding_box": {
        "bottom_right": [
          354, 
          446
        ], 
        "top_left": [
          300, 
          370
        ]
      }, 
      "class": "005_tomato_soup_can", 
      "cuboid": [
        [
          -14.782094527153127, 
          11.032123220409497, 
          73.11389020469493
        ], 
        [
          -8.733626678926043, 
          9.068100912416856, 
          70.80390172851695
        ], 
        [
          -4.539632295218619, 
          11.42482122376963, 
          79.7816906370644
        ], 
        [
          -10.588100143445704, 
          13.388843531762273, 
          82.09167911324238
        ], 
        [
          -15.979727295976092, 
          4.744561367231228, 
          75.32388757003395
        ], 
        [
          -9.931259447749007, 
          2.7805390592385857, 
          73.01389909385595
        ], 
        [
          -5.7372650640415825, 
          5.137259370591361, 
          81.99168800240341
        ], 
        [
          -11.785732912268667, 
          7.1012816785840025, 
          84.30167647858138
        ]
      ], 
      "cuboid_centroid": [
        -10.259679795597355, 
        8.084691295500429, 
        77.55278910354917
      ], 
      "location": [
        -10.259679795597355, 
        8.084691295500429, 
        77.55278910354917
      ], 
      "pose_transform_permuted": [
        [
          0.17686634570043533, 
          0.9285468110813562, 
          -0.32637229724371375, 
          0.0
        ], 
        [
          -0.8939635122461164, 
          0.2902824855219279, 
          0.34141628313646816, 
          0.0
        ], 
        [
          -0.4117612610101743, 
          -0.23137993007827684, 
          -0.8814283815990294, 
          0.0
        ], 
        [
          -10.259679795597355, 
          8.084691295500429, 
          77.55278910354917, 
          1.0
        ]
      ], 
      "projected_cuboid": [
        [
          372.8724680400559, 
          353.75889885471423
        ], 
        [
          415.2641402937615, 
          341.5906240656661
        ], 
        [
          450.99793184997395, 
          349.6584579572072
        ], 
        [
          412.23682047026347, 
          360.2689523824496
        ], 
        [
          367.51211369847863, 
          306.87969909316115
        ], 
        [
          408.45107842571826, 
          293.59658785506264
        ], 
        [
          443.96770950683333, 
          306.7021328169207
        ], 
        [
          406.41537226876505, 
          318.21153524131233
        ]
      ], 
      "projected_cuboid_centroid": [
        410.4547324832877, 
        328.88381877073897
      ], 
      "quaternion_xyzw": [
        0.22418116512622496, 
        0.7828977806150857, 
        0.5779730245429915, 
        -0.05254515388546439
      ], 
      "visibility": 0.8600315955766192
    }, 
    {
      "bounding_box": {
        "bottom_right": [
          357, 
          581
        ], 
        "top_left": [
          289, 
          504
        ]
      }, 
      "class": "010_potted_meat_can", 
      "cuboid": [
        [
          14.642368060309247, 
          10.363240994560005, 
          73.93705959636613
        ], 
        [
          5.56424798321663, 
          9.379789019096215, 
          69.47145988801073
        ], 
        [
          4.739381710455381, 
          1.7721559509374478, 
          72.82374800580712
        ], 
        [
          13.817501787547995, 
          2.7556079264012365, 
          77.28934771416253
        ], 
        [
          12.114359694365435, 
          12.67734827425061, 
          78.56661698540034
        ], 
        [
          3.03623961727282, 
          11.693896298786823, 
          74.10101727704493
        ], 
        [
          2.21137334451157, 
          4.086263230628054, 
          77.45330539484134
        ], 
        [
          11.289493421604185, 
          5.069715206091844, 
          81.91890510319672
        ]
      ], 
      "cuboid_centroid": [
        8.426870702410408, 
        7.22475211259403, 
        75.69518249560373
      ], 
      "location": [
        8.426870702410408, 
        7.22475211259403, 
        75.69518249560373
      ],