{
  "camera_data": {
    "location_worldframe": [
      -15.153659453258191, 
      2.3504127867741045, 
      70.26507919304517
    ], 
    "quaternion_xyzw_worldframe": [
      -0.8423601695505997, 
      -0.04181036407272886, 
      -0.0685391594882784, 
      0.5329015510171051
    ]
  }, 
  "objects": [
    {
      "bounding_box": {
        "bottom_right": [
          362, 
          633
        ], 
        "top_left": [
          248, 
          423
        ]
      }, 
      "class": "003_cracker_box", 
      "cuboid": [
        [
          -6.1830895504946355, 
          12.052066527372657, 
          66.09341191570273
        ], 
        [
          -5.101398182290029, 
          5.439656676428144, 
          51.12063343493172
        ], 
        [
          15.99092729986595, 
          3.3008331469868284, 
          53.58899054262444
        ], 
        [
          14.909235931661344, 
          9.913242997931343, 
          68.56176902339546
        ], 
        [
          -7.174549911690481, 
          5.52078097378943, 
          68.906188640698
        ], 
        [
          -6.092858543485874, 
          -1.091628877155084, 
          53.933410159926986
        ], 
        [
          14.999466938670105, 
          -3.2304524065963984, 
          56.401767267619704
        ], 
        [
          13.9177755704655, 
          3.3819574443481146, 
          71.37454574839073
        ]
      ], 
      "cuboid_centroid": [
        4.408188694087735, 
        4.410807060388129, 
        61.247589591661225
      ], 
      "location": [
        4.408188694087735, 
        4.410807060388129, 
        61.247589591661225
      ], 
      "pose_transform_permuted": [
        [
          0.13808640458216537, 
          0.9096498202973493, 
          -0.39175164237380145, 
          0.0
        ], 
        [
          -0.06594231281688978, 
          0.40310721864056553, 
          0.9127738940505621, 
          0.0
        ], 
        [
          -0.9882225236503821, 
          0.10020865587796085, 
          -0.11564803948706792, 
          0.0
        ], 
        [
          4.408188694087735, 
          4.410807060388129, 
          61.247589591661225, 
          1.0
        ]
      ], 
      "projected_cuboid": [
        [
          431.28883137450055, 
          370.5368222446721
        ], 
        [
          427.9328595955147, 
          330.0361366529657
        ], 
        [
          642.065576295418, 
          306.1365495275252
        ], 
        [
          598.5376138467099, 
          350.39841386851964
        ], 
        [
          425.6047865169149, 
          316.0162356443467
        ], 
        [
          420.845856071059, 
          262.49198492025124
        ], 
        [
          624.6098503992541, 
          242.74026940858312
        ], 
        [
          586.4590872406046, 
          298.5569493810477
        ]
      ], 
      "projected_cuboid_centroid": [
        520.3016986209345, 
        311.6940867287057
      ], 
      "quaternion_xyzw": [
        0.597079974843168, 
        0.5825558555436402, 
        0.4399998086138929, 
        -0.33245202245261946
      ], 
      "visibility": 0.9856610116077525
    }, 
    {
      "bounding_box": {
        "bottom_right": [
          370, 
          441
        ], 
        "top_left": [
          317, 
          364
        ]
      }, 
      "class": "005_tomato_soup_can", 
      "cuboid": [
        [
          -15.940696030262332, 
          13.441187424297595, 
          73.93362473073223
        ], 
        [
          -10.066112190459167, 
          11.43036921220656, 
          71.24601082162046
        ], 
        [
          -5.262736596499729, 
          13.934616878938613, 
          79.87159716284802
        ], 
        [
          -11.137320436302895, 
          15.945435091029648, 
          82.5592110719598
        ], 
        [
          -16.9836161608713, 
          7.193773742939344, 
          76.32819913059012
        ], 
        [
          -11.109032321068131, 
          5.182955530848308, 
          73.64058522147835
        ], 
        [
          -6.305656727108694, 
          7.687203197580361, 
          82.26617156270592
        ], 
        [
          -12.18024056691186, 
          9.698021409671396, 
          84.9537854718177
        ]
      ], 
      "cuboid_centroid": [
        -11.123176378685514, 
        10.56419531093898, 
        78.09989814671907
      ], 
      "location": [
        -11.123176378685514, 
        10.56419531093898, 
        78.09989814671907
      ], 
      "pose_transform_permuted": [
        [
          0.1540183912465201, 
          0.922617731131967, 
          -0.35363062420788144, 
          0.0
        ], 
        [
          -0.8682634568280085, 
          0.297198919871297, 
          0.3972293198938523, 
          0.0
        ], 
        [
          -0.4715895661085388, 
          -0.2458639861658219, 
          -0.8468495624632593, 
          0.0
        ], 
        [
          -11.123176378685514, 
          10.56419531093898, 
          78.09989814671907, 
          1.0
        ]
      ], 
      "projected_cuboid": [
        [
          365.6507351408703, 
          370.2444309639485
        ], 
        [
          405.6181774744592, 
          358.8497810801826
        ], 
        [
          446.163817772196, 
          366.3309283467994
        ], 
        [
          409.05216336108214, 
          376.29155324034156
        ], 
        [
          361.940405277462, 
          323.55079755669294
        ], 
        [
          400.47281082976696, 
          310.8225200081016
        ], 
        [
          440.37775341384435, 
          323.12155433394054
        ], 
        [
          404.4952063822055, 
          334.16840106812003
        ]
      ], 
      "projected_cuboid_centroid": [
        405.00741710520015, 
        345.4260973594039
      ], 
      "quaternion_xyzw": [
        0.24469527568174246, 
        0.7854549743940947, 
        0.5631981944478122, 
        -0.07741084357984582
      ], 
      "visibility": 0.761860751694393
    }, 
    {
      "bounding_box": {
        "bottom_right": [
          375, 
          574
        ], 
        "top_left": [
          307, 
          498
        ]
      }, 
      "class": "010_potted_meat_can", 
      "cuboid": [
        [
          13.470387998918639, 
          12.749143991525058, 
          72.73726498107611
        ], 
        [
          4.10581773852432, 
          11.701175314080732, 
          68.92575502219455
        ], 
        [
          3.5134314255956465, 
          4.152890128269619, 
          72.45658921574145
        ], 
        [
          12.878001685989965, 
          5.200858805713944, 
          76.26809917462302
        ], 
        [
          11.267891085784594, 
          15.1450979735134, 
          77.48985714561005
        ], 
        [
          1.9033208253902743, 
          14.097129296069077, 
          73.67834718672849
        ], 
        [
          1.3109345124616008, 
          6.5488441102579635, 
          77.2091813802754
        ], 
        [
          10.67550477285592, 
          7.596812787702288, 
          81.02069133915694
        ]
      ], 
      "cuboid_centroid": [
        7.39066125569012, 
        9.64899405089151, 
        74.97322318067575
      ], 
      "location": [
        7.39066125569012, 
        9.64899405089151, 
        74.97322318067575
      ],