{
  "camera_data": {
    "location_worldframe": [
      -23.48351217048451, 
      15.699753314739336, 
      74.48616971386718
    ], 
    "quaternion_xyzw_worldframe": [
      0.920220438012424, 
      0.0361569799017793, 
      -0.13021542571926392, 
      -0.36733569750871964
    ]
  }, 
  "objects": [
    {
      "bounding_box": {
        "bottom_right": [
          489, 
          508
        ], 
        "top_left": [
          342, 
          282
        ]
      }, 
      "class": "003_cracker_box", 
      "cuboid": [
        [
          -18.616532713772532, 
          23.847475406504614, 
          64.39013066867982
        ], 
        [
          -20.47026654507672, 
          12.03005701293746, 
          53.16558572996558
        ], 
        [
          0.3189535234732546, 
          13.218860660284705, 
          48.48065008730747
        ], 
        [
          2.172687354777442, 
          25.036279053851857, 
          59.7051950260217
        ], 
        [
          -17.207501990484825, 
          18.88392780112743, 
          69.38314830583356
        ], 
        [
          -19.061235821789012, 
          7.06650940756028, 
          58.15860336711933
        ], 
        [
          1.7279842467609594, 
          8.255313054907521, 
          53.473667724461215
        ], 
        [
          3.5817180780651463, 
          20.072731448474673, 
          64.69821266317545
        ]
      ], 
      "cuboid_centroid": [
        -8.444274233505785, 
        16.051394230706066, 
        58.93189919657051
      ], 
      "location": [
        -8.444274233505785, 
        16.051394230706066, 
        58.93189919657051
      ], 
      "pose_transform_permuted": [
        [
          -0.19624383801882916, 
          0.6913019114271614, 
          -0.6954063727755108, 
          0.0
        ], 
        [
          0.11300773933881503, 
          0.7204161217354476, 
          0.6842732366483344, 
          0.0
        ], 
        [
          -0.9740213585384921, 
          -0.05569810410426995, 
          0.21949969091098948, 
          0.0
        ], 
        [
          -8.444274233505785, 
          16.051394230706066, 
          58.93189919657051, 
          1.0
        ]
      ], 
      "projected_cuboid": [
        [
          326.1182507468229, 
          470.80633661212096
        ], 
        [
          274.54258767009725, 
          393.9635681236756
        ], 
        [
          485.13501111334665, 
          418.7028482958505
        ], 
        [
          501.1664395966724, 
          496.92432868519745
        ], 
        [
          348.227862991007, 
          418.4394857712738
        ], 
        [
          305.34719089283493, 
          338.08705989090237
        ], 
        [
          498.9747391084969, 
          355.6208962692733
        ], 
        [
          511.36789314346004, 
          438.7498534046751
        ]
      ], 
      "projected_cuboid_centroid": [
        404.5415711275044, 
        418.547814083904
      ], 
      "quaternion_xyzw": [
        0.6619509060364779, 
        0.6399407663098526, 
        0.18431480121073043, 
        -0.3439838189027117
      ], 
      "visibility": 0.9634346589771317
    }, 
    {
      "bounding_box": {
        "bottom_right": [
          493, 
          387
        ], 
        "top_left": [
          420, 
          303
        ]
      }, 
      "class": "005_tomato_soup_can", 
      "cuboid": [
        [
          -25.697360849987604, 
          27.19444359181428, 
          74.25309984120756
        ], 
        [
          -20.568735992250105, 
          24.905519049674748, 
          70.48011359601757
        ], 
        [
          -14.164103189672137, 
          31.079874875910924, 
          75.44019645803866
        ], 
        [
          -19.292728047409636, 
          33.36879941805046, 
          79.21318270322864
        ], 
        [
          -24.52390723261432, 
          22.320523202563184, 
          78.8049954143092
        ], 
        [
          -19.39528237487682, 
          20.03159866042365, 
          75.03200916911922
        ], 
        [
          -12.990649572298851, 
          26.205954486659827, 
          79.9920920311403
        ], 
        [
          -18.119274430036352, 
          28.494879028799357, 
          83.7650782763303
        ]
      ], 
      "cuboid_centroid": [
        -19.344005211143227, 
        26.700199039237056, 
        77.12259593617394
      ], 
      "location": [
        -19.344005211143227, 
        26.700199039237056, 
        77.12259593617394
      ], 
      "pose_transform_permuted": [
        [
          -0.17329556985798322, 
          0.7197803123981764, 
          -0.6722237041123297, 
          0.0
        ], 
        [
          -0.7580107236842869, 
          0.33830303380998816, 
          0.5576473447560761, 
          0.0
        ], 
        [
          -0.6287990487878065, 
          -0.6061907356893308, 
          -0.4869748948436434, 
          0.0
        ], 
        [
          -19.344005211143227, 
          26.700199039237056, 
          77.12259593617394, 
          1.0
        ]
      ], 
      "projected_cuboid": [
        [
          295.48879823086867, 
          468.6094181301887
        ], 
        [
          324.6573942860599, 
          461.7453863080372
        ], 
        [
          380.6304041468118, 
          493.00370060907755
        ], 
        [
          350.62221623791237, 
          497.94907001514514
        ], 
        [
          314.24632164168884, 
          424.34259817113457
        ], 
        [
          342.5885966890737, 
          415.66902201900376
        ], 
        [
          394.2646374769435, 
          448.00566794226455
        ], 
        [
          365.27301117860105, 
          454.70912265352166
        ]
      ], 
      "projected_cuboid_centroid": [
        346.714291405166, 
        457.92424174826925
      ], 
      "quaternion_xyzw": [
        0.27749875048111017, 
        0.8712670605913475, 
        0.3462644411297867, 
        -0.20973561026109286
      ], 
      "visibility": 0.2731457800511509
    }, 
    {
      "bounding_box": {
        "bottom_right": [
          531, 
          503
        ], 
        "top_left": [
          436, 
          409
        ]
      }, 
      "class": "010_potted_meat_can", 
      "cuboid": [
        [
          1.405592248677085, 
          29.120986434808056, 
          62.91070161290156
        ], 
        [
          -8.158612813981259, 
          25.70027061156045, 
          63.292418069742816
        ], 
        [
          -5.934563821058006, 
          20.130956848098116, 
          69.10883201422673
        ], 
        [
          3.629641241600337, 
          23.55167267134572, 
          68.72711555738546
        ], 
        [
          0.20021596809199105, 
          32.951943509901696, 
          67.03981245296787
        ], 
        [
          -9.363989094566353, 
          29.531227686654088, 
          67.42152890980913
        ], 
        [
          -7.1399401016430994, 
          23.96191392319175, 
          73.23794285429302
        ], 
        [
          2.4242649610152425, 
          27.382629746439356, 
          72.85622639745178
        ]
      ], 
      "cuboid_centroid": [
        -2.867173926483008, 
        26.541450178999902, 
        68.0743222335973
      ], 
      "location": [
        -2.867173926483008, 
        26.541450178999902, 
        68.0743222335973
      ],