{
  "camera_data": {
    "location_worldframe": [
      -23.626344959044836, 
      15.806535937523458, 
      74.48156309715
    ], 
    "quaternion_xyzw_worldframe": [
      0.9195997545943427, 
      0.036116648067894906, 
      -0.129691558518461, 
      -0.36907126583605265
    ]
  }, 
  "objects": [
    {
      "bounding_box": {
        "bottom_right": [
          490, 
          507
        ], 
        "top_left": [
          344, 
          281
        ]
      }, 
      "class": "003_cracker_box", 
      "cuboid": [
        [
          -18.74587258475574, 
          23.987117884198604, 
          64.41887830790833
        ], 
        [
          -20.60256897011123, 
          12.212675550921908, 
          53.149747819707116
        ], 
        [
          0.19069437746145196, 
          13.400678614050223, 
          48.48258645257145
        ], 
        [
          2.0473907628169434, 
          25.175120947326924, 
          59.751716940772646
        ], 
        [
          -17.34436079389696, 
          19.0040195122236, 
          69.39450820273034
        ], 
        [
          -19.201057179252455, 
          7.229577178946902, 
          58.12537771452914
        ], 
        [
          1.5922061683202273, 
          8.417580242075216, 
          53.45821634739346
        ], 
        [
          3.4489025536757185, 
          20.192022575351913, 
          64.72734683559467
        ]
      ], 
      "cuboid_centroid": [
        -8.576833208217757, 
        16.20234906313691, 
        58.938547327650895
      ], 
      "location": [
        -8.576833208217757, 
        16.20234906313691, 
        58.938547327650895
      ], 
      "pose_transform_permuted": [
        [
          -0.195196632920125, 
          0.6940248594863885, 
          -0.6929846815850584, 
          0.0
        ], 
        [
          0.11318834322614407, 
          0.7177962054685604, 
          0.6869912709581232, 
          0.0
        ], 
        [
          -0.9742107951846801, 
          -0.05566059494683301, 
          0.21866692643332655, 
          0.0
        ], 
        [
          -8.576833208217757, 
          16.20234906313691, 
          58.938547327650895, 
          1.0
        ]
      ], 
      "projected_cuboid": [
        [
          325.10791524549296, 
          471.8742819395201
        ], 
        [
          273.14226505321164, 
          395.83197425172915
        ], 
        [
          483.71223214298413, 
          420.6970796951537
        ], 
        [
          500.0235368183478, 
          497.98945360175315
        ], 
        [
          347.1891254678597, 
          419.3386684357099
        ], 
        [
          303.9528444751354, 
          339.62030197890886
        ], 
        [
          497.6138995400014, 
          357.26353333870946
        ], 
        [
          510.25104281846893, 
          439.65827403638957
        ]
      ], 
      "projected_cuboid_centroid": [
        403.3407751289387, 
        419.8973799607667
      ], 
      "quaternion_xyzw": [
        0.6615346608198942, 
        0.6394249239171375, 
        0.1858536926200045, 
        -0.3449145751443096
      ], 
      "visibility": 0.9584037332046021
    }, 
    {
      "bounding_box": {
        "bottom_right": [
          494, 
          386
        ], 
        "top_left": [
          421, 
          302
        ]
      }, 
      "class": "005_tomato_soup_can", 
      "cuboid": [
        [
          -25.830110973509825, 
          27.30390326063995, 
          74.28930175491169
        ], 
        [
          -20.70101529614492, 
          25.024431864973458, 
          70.51123592883356
        ], 
        [
          -14.29427457684372, 
          31.174948429242626, 
          75.49814203896317
        ], 
        [
          -19.42337025420862, 
          33.454419824909124, 
          79.2762078650413
        ], 
        [
          -24.663826066809197, 
          22.41225594015636, 
          78.82399167481961
        ], 
        [
          -19.534730389444295, 
          20.132784544489866, 
          75.04592584874148
        ], 
        [
          -13.127989670143094, 
          26.283301108759037, 
          80.03283195887109
        ], 
        [
          -18.257085347507996, 
          28.56277250442553, 
          83.81089778494922
        ]
      ], 
      "cuboid_centroid": [
        -19.479050321826456, 
        26.793602184699495, 
        77.1610668568914
      ], 
      "location": [
        -19.479050321826456, 
        26.793602184699495, 
        77.1610668568914
      ], 
      "pose_transform_permuted": [
        [
          -0.17223689503456202, 
          0.7223982246908192, 
          -0.669682774133639, 
          0.0
        ], 
        [
          -0.7580803108224363, 
          0.33690585881710244, 
          0.5583981067813445, 
          0.0
        ], 
        [
          -0.6290060014846042, 
          -0.6038502259816358, 
          -0.48960836867671864, 
          0.0
        ], 
        [
          -19.479050321826456, 
          26.793602184699495, 
          77.1610668568914, 
          1.0
        ]
      ], 
      "projected_cuboid": [
        [
          294.6185415087518, 
          469.3000414324488
        ], 
        [
          323.71781748987354, 
          462.5616144358091
        ], 
        [
          379.7807022285014, 
          493.5066659560436
        ], 
        [
          349.8401409040481, 
          498.34646096143985
        ], 
        [
          313.3320787249955, 
          424.9268538542937
        ], 
        [
          341.61511828377047, 
          416.361703487197
        ], 
        [
          393.3862648871585, 
          448.43214820910555
        ], 
        [
          364.45235606898945, 
          455.04196989864386
        ]
      ], 
      "projected_cuboid_centroid": [
        345.8403618521955, 
        458.4777662896166
      ], 
      "quaternion_xyzw": [
        0.27737709820423423, 
        0.8705764341713068, 
        0.3480471518050092, 
        -0.20981357096789285
      ], 
      "visibility": 0.2575370464997445
    }, 
    {
      "bounding_box": {
        "bottom_right": [
          531, 
          501
        ], 
        "top_left": [
          436, 
          408
        ]
      }, 
      "class": "010_potted_meat_can", 
      "cuboid": [
        [
          1.2817591509515676, 
          29.24865152704313, 
          62.97166346135469
        ], 
        [
          -8.285647442065919, 
          25.834853866290526, 
          63.334622539964215
        ], 
        [
          -6.070191713955521, 
          20.242263151643453, 
          69.13195001972822
        ], 
        [
          3.4972148790619655, 
          23.656060812396056, 
          68.76899094111869
        ], 
        [
          0.07701905874503735, 
          33.06544402889259, 
          67.11405609443717
        ], 
        [
          -9.490387534272449, 
          29.65164636813999, 
          67.47701517304671
        ], 
        [
          -7.274931806162052, 
          24.05905565349292, 
          73.2743426528107
        ], 
        [
          2.2924747868554354, 
          27.472853314245523, 
          72.91138357420118
        ]
      ], 
      "cuboid_centroid": [
        -2.996586327605242, 
        26.653853590268024, 
        68.1230030570827
      ], 
      "location": [
        -2.996586327605242, 
        26.653853590268024, 
        68.1230030570827
      ],