{
  "camera_data": {
    "location_worldframe": [
      -23.082922817982805, 
      13.144175812509143, 
      75.53092824599165
    ], 
    "quaternion_xyzw_worldframe": [
      0.9293743282775366, 
      0.038356910247192726, 
      -0.12651225933689308, 
      -0.34465548497746434
    ]
  }, 
  "objects": [
    {
      "bounding_box": {
        "bottom_right": [
          459, 
          512
        ], 
        "top_left": [
          311, 
          293
        ]
      }, 
      "class": "003_cracker_box", 
      "cuboid": [
        [
          -18.140379705471705, 
          20.835666018838594, 
          65.11896323424592
        ], 
        [
          -19.778299602616283, 
          8.485237708342435, 
          54.44833744917646
        ], 
        [
          1.0604492943133064, 
          9.592593356216522, 
          49.967951860163765
        ], 
        [
          2.6983691914578833, 
          21.94302166671268, 
          60.63857764523321
        ], 
        [
          -16.763274564291663, 
          16.125042216749137, 
          70.35976492485266
        ], 
        [
          -18.40119446143624, 
          3.7746139062529758, 
          59.6891391397832
        ], 
        [
          2.43755443549335, 
          4.881969554127064, 
          55.208753550770496
        ], 
        [
          4.075474332637927, 
          17.232397864623223, 
          65.87937933583996
        ]
      ], 
      "cuboid_centroid": [
        -7.851412634989178, 
        12.85881778648283, 
        60.16385839250821
      ], 
      "location": [
        -7.851412634989178, 
        12.85881778648283, 
        60.16385839250821
      ], 
      "pose_transform_permuted": [
        [
          -0.1917973780089477, 
          0.6560757541382071, 
          -0.7299166874519831, 
          0.0
        ], 
        [
          0.09985124167699322, 
          0.752909592340631, 
          0.6505050924451151, 
          0.0
        ], 
        [
          -0.9763418946887692, 
          -0.051882083549602886, 
          0.20991606437358823, 
          0.0
        ], 
        [
          -7.851412634989178, 
          12.85881778648283, 
          60.16385839250821, 
          1.0
        ]
      ], 
      "projected_cuboid": [
        [
          331.79057663453744, 
          443.92913062050815
        ], 
        [
          286.25487210542184, 
          356.39914802109627
        ], 
        [
          493.0098137195089, 
          375.6705201103142
        ], 
        [
          505.5271465359197, 
          466.2766050848076
        ], 
        [
          353.47432890948926, 
          395.5126540413558
        ], 
        [
          315.81313572691187, 
          307.0125314222272
        ], 
        [
          505.3402073382506, 
          320.44663126749225
        ], 
        [
          514.8645873208288, 
          412.7896015933355
        ]
      ], 
      "projected_cuboid_centroid": [
        411.41860454324654, 
        387.27289998003164
      ], 
      "quaternion_xyzw": [
        0.6666869290715421, 
        0.6484495989135535, 
        0.17201016490415685, 
        -0.32473706201118047
      ], 
      "visibility": 0.971206869387112
    }, 
    {
      "bounding_box": {
        "bottom_right": [
          476, 
          389
        ], 
        "top_left": [
          402, 
          306
        ]
      }, 
      "class": "005_tomato_soup_can", 
      "cuboid": [
        [
          -25.365739900561046, 
          24.599284289610264, 
          74.7231251278406
        ], 
        [
          -20.17568665253696, 
          22.1687580416587, 
          71.12683771745505
        ], 
        [
          -13.872977141013132, 
          28.615912128124894, 
          75.86545251522654
        ], 
        [
          -19.06303038903722, 
          31.046438376076452, 
          79.46173992561208
        ], 
        [
          -24.21921039264763, 
          19.955581588246414, 
          79.51617655361692
        ], 
        [
          -19.02915714462354, 
          17.525055340294855, 
          75.91988914323137
        ], 
        [
          -12.726447633099713, 
          23.972209426761044, 
          80.65850394100285
        ], 
        [
          -17.916500881123802, 
          26.40273567471261, 
          84.2547913513884
        ]
      ], 
      "cuboid_centroid": [
        -19.04609376683038, 
        24.285746858185654, 
        77.69081453442172
      ], 
      "location": [
        -19.04609376683038, 
        24.285746858185654, 
        77.69081453442172
      ], 
      "pose_transform_permuted": [
        [
          -0.16931941875777154, 
          0.6857817760920603, 
          -0.7078375880316545, 
          0.0
        ], 
        [
          -0.7670898394058526, 
          0.35923176509271537, 
          0.5315312580155521, 
          0.0
        ], 
        [
          -0.6187923441975964, 
          -0.6329737366561553, 
          -0.4652314300066014, 
          0.0
        ], 
        [
          -19.04609376683038, 
          24.285746858185654, 
          77.69081453442172, 
          1.0
        ]
      ], 
      "projected_cuboid": [
        [
          299.04605586801017, 
          448.8584244783962
        ], 
        [
          329.0560780388796, 
          439.5111752296892
        ], 
        [
          383.2599778574241, 
          474.450912835334
        ], 
        [
          352.586405310987, 
          481.65944284329913
        ], 
        [
          317.80373227680565, 
          407.1297748655062
        ], 
        [
          346.80767310458293, 
          396.395980245032
        ], 
        [
          396.7476697564898, 
          431.7924377254101
        ], 
        [
          367.24334102960864, 
          440.41170390689354
        ]
      ], 
      "projected_cuboid_centroid": [
        349.76290094224186, 
        439.9994817061915
      ], 
      "quaternion_xyzw": [
        0.2773869117886328, 
        0.8814620190475684, 
        0.3264500288232348, 
        -0.19877506393599423
      ], 
      "visibility": 0.4216583834684802
    }, 
    {
      "bounding_box": {
        "bottom_right": [
          506, 
          505
        ], 
        "top_left": [
          413, 
          413
        ]
      }, 
      "class": "010_potted_meat_can", 
      "cuboid": [
        [
          1.8653288257304577, 
          26.170201686406436, 
          63.63602813923362
        ], 
        [
          -7.6812780806392675, 
          22.70591588383838, 
          64.062693266469
        ], 
        [
          -5.495841277222043, 
          17.435002113153306, 
          70.16479576418834
        ], 
        [
          4.050765629147681, 
          20.89928791572136, 
          69.73813063695297
        ], 
        [
          0.5839747537972888, 
          30.184877281567278, 
          67.56276113582511
        ], 
        [
          -8.962632152572434, 
          26.72059147899923, 
          67.98942626306048
        ], 
        [
          -6.777195349155213, 
          21.449677708314155, 
          74.09152876077984
        ], 
        [
          2.769411557214512, 
          24.91396351088221, 
          73.66486363354447
        ]
      ], 
      "cuboid_centroid": [
        -2.455933261712377, 
        23.809939697360292, 
        68.86377845000673
      ], 
      "location": [
        -2.455933261712377, 
        23.809939697360292, 
        68.86377845000673
      ],