{
  "camera_data": {
    "location_worldframe": [
      -15.878325475403773, 
      2.889838959745235, 
      70.48501558907229
    ], 
    "quaternion_xyzw_worldframe": [
      -0.843775684643639, 
      -0.039576395405713206, 
      -0.06490348448144587, 
      0.5312888558882427
    ]
  }, 
  "objects": [
    {
      "bounding_box": {
        "bottom_right": [
          366, 
          625
        ], 
        "top_left": [
          252, 
          414
        ]
      }, 
      "class": "003_cracker_box", 
      "cuboid": [
        [
          -6.941696043399208, 
          12.571630104787438, 
          66.19579411007189
        ], 
        [
          -5.989732245027001, 
          5.89582426422262, 
          51.24234979135971
        ], 
        [
          15.1225026397936, 
          3.7621265050957633, 
          53.53896016041592
        ], 
        [
          14.170538841421394, 
          10.437932345660581, 
          68.4924044791281
        ], 
        [
          -7.910432630633786, 
          6.052521961747819, 
          69.04450890429933
        ], 
        [
          -6.95846883226158, 
          -0.6232838788169992, 
          54.09106458558715
        ], 
        [
          14.15376605255902, 
          -2.756981637943855, 
          56.387674954643366
        ], 
        [
          13.201802254186815, 
          3.918824202620963, 
          71.34111927335553
        ]
      ], 
      "cuboid_centroid": [
        3.6060350045799066, 
        4.907324233421791, 
        61.29173453235762
      ], 
      "location": [
        3.6060350045799066, 
        4.907324233421791, 
        61.29173453235762
      ], 
      "pose_transform_permuted": [
        [
          0.13492153348125258, 
          0.9079538020752393, 
          -0.39675694461494176, 
          0.0
        ], 
        [
          -0.05803383148633995, 
          0.4069719792384219, 
          0.9115952405085143, 
          0.0
        ], 
        [
          -0.98915532359993, 
          0.09996850209880115, 
          -0.10760132146976426, 
          0.0
        ], 
        [
          3.6060350045799066, 
          4.907324233421791, 
          61.29173453235762, 
          1.0
        ]
      ], 
      "projected_cuboid": [
        [
          425.20384344991237, 
          374.57237671793166
        ], 
        [
          418.73768637185344, 
          334.64903505364646
        ], 
        [
          633.4927681519724, 
          310.7623450109905
        ], 
        [
          592.8562074106266, 
          354.56202787101404
        ], 
        [
          419.98542030697894, 
          320.0379529889298
        ], 
        [
          412.4171743159731, 
          267.1411699618798
        ], 
        [
          616.580221124661, 
          247.21076345905203
        ], 
        [
          581.1112664677993, 
          302.5822052144468
        ]
      ], 
      "projected_cuboid_centroid": [
        513.235851849216, 
        315.9867835304088
      ], 
      "quaternion_xyzw": [
        0.5997273578942774, 
        0.5819841651631253, 
        0.43624688794597705, 
        -0.3336318037147827
      ], 
      "visibility": 0.9868469705773599
    }, 
    {
      "bounding_box": {
        "bottom_right": [
          374, 
          437
        ], 
        "top_left": [
          321, 
          360
        ]
      }, 
      "class": "005_tomato_soup_can", 
      "cuboid": [
        [
          -16.631525973723797, 
          13.99620335368862, 
          74.11339425173684
        ], 
        [
          -10.780607288392464, 
          11.972598619505582, 
          71.38407783277086
        ], 
        [
          -5.902990296927444, 
          14.512026834160677, 
          79.95755845793909
        ], 
        [
          -11.753908982258778, 
          16.53563156834371, 
          82.68687487690505
        ], 
        [
          -17.655226490056176, 
          7.759210099657393, 
          76.5431677109993
        ], 
        [
          -11.804307804724843, 
          5.735605365474359, 
          73.81385129203333
        ], 
        [
          -6.9266908132598255, 
          8.275033580129453, 
          82.38733191720155
        ], 
        [
          -12.777609498591158, 
          10.298638314312488, 
          85.11664833616751
        ]
      ], 
      "cuboid_centroid": [
        -11.77910839349181, 
        11.135618466909035, 
        78.25036308446919
      ], 
      "location": [
        -11.77910839349181, 
        11.135618466909035, 
        78.25036308446919
      ], 
      "pose_transform_permuted": [
        [
          0.1511800395987005, 
          0.9210788429602783, 
          -0.35882881949031187, 
          0.0
        ], 
        [
          -0.8647657471368363, 
          0.2990887677609783, 
          0.40339295060400987, 
          0.0
        ], 
        [
          -0.478878496102058, 
          -0.24931796951689514, 
          -0.841733886716582, 
          0.0
        ], 
        [
          -11.77910839349181, 
          11.135618466909035, 
          78.25036308446919, 
          1.0
        ]
      ], 
      "projected_cuboid": [
        [
          360.91933843898744, 
          374.0031414230982
        ], 
        [
          400.3825620897982, 
          362.7353548476921
        ], 
        [
          441.8958095839338, 
          370.08224124486543
        ], 
        [
          405.15411091180397, 
          379.9392098671379
        ], 
        [
          357.5579704250282, 
          327.34934750234265
        ], 
        [
          395.59787137264186, 
          314.72741403932923
        ], 
        [
          436.3847167316988, 
          326.8534803375384
        ], 
        [
          400.8685776008449, 
          337.815224206568
        ]
      ], 
      "projected_cuboid_centroid": [
        400.6468932041154, 
        349.18194811153285
      ], 
      "quaternion_xyzw": [
        0.24735856280202861, 
        0.7862748463711724, 
        0.5604950793646204, 
        -0.08019235009530262
      ], 
      "visibility": 0.72983747316774
    }, 
    {
      "bounding_box": {
        "bottom_right": [
          379, 
          569
        ], 
        "top_left": [
          311, 
          493
        ]
      }, 
      "class": "010_potted_meat_can", 
      "cuboid": [
        [
          12.768081208092042, 
          13.29179661581, 
          72.66810856384018
        ], 
        [
          3.3709890321967704, 
          12.230046465308906, 
          68.94139849555498
        ], 
        [
          2.807284435295918, 
          4.696881561795845, 
          72.50902859918297
        ], 
        [
          12.20437661119119, 
          5.75863171229694, 
          76.23573866746817
        ], 
        [
          10.606873743009695, 
          15.708335906467513, 
          77.42922613938282
        ], 
        [
          1.2097815671144228, 
          14.646585755966418, 
          73.70251607109762
        ], 
        [
          0.6460769702135709, 
          7.113420852453357, 
          77.27014617472561
        ], 
        [
          10.043169146108843, 
          8.175171002954453, 
          80.99685624301081
        ]
      ], 
      "cuboid_centroid": [
        6.707079089152806, 
        10.20260873413168, 
        74.9691273692829
      ], 
      "location": [
        6.707079089152806, 
        10.20260873413168, 
        74.9691273692829
      ],