{
  "camera_data": {
    "location_worldframe": [
      -23.383770164886318, 
      14.163154508559128, 
      75.01124568308298
    ], 
    "quaternion_xyzw_worldframe": [
      0.9254932511387715, 
      0.03731723899992912, 
      -0.1278145065641016, 
      -0.35459104806538116
    ]
  }, 
  "objects": [
    {
      "bounding_box": {
        "bottom_right": [
          471, 
          509
        ], 
        "top_left": [
          323, 
          287
        ]
      }, 
      "class": "003_cracker_box", 
      "cuboid": [
        [
          -18.466370761108536, 
          22.053560271317362, 
          64.73707424212385
        ], 
        [
          -20.19674283889455, 
          9.932920239119278, 
          53.820389151426596
        ], 
        [
          0.6235923089664432, 
          11.066485411780317, 
          49.26163696727911
        ], 
        [
          2.3539643867524607, 
          23.187125443978402, 
          60.178322057976374
        ], 
        [
          -17.079444320053877, 
          17.23062896686898, 
          69.8720685181302
        ], 
        [
          -18.809816397839892, 
          5.109988934670897, 
          58.95538342743294
        ], 
        [
          2.0105187500211024, 
          6.243554107331933, 
          54.396631243285455
        ], 
        [
          3.7408908278071196, 
          18.364194139530017, 
          65.31331633398271
        ]
      ], 
      "cuboid_centroid": [
        -8.227926005543717, 
        14.148557189324649, 
        59.566852742704654
      ], 
      "location": [
        -8.227926005543717, 
        14.148557189324649, 
        59.566852742704654
      ], 
      "pose_transform_permuted": [
        [
          -0.19316524710496819, 
          0.6717174679326361, 
          -0.715180278380944, 
          0.0
        ], 
        [
          0.10548733233618052, 
          0.7389011875640108, 
          0.6655054152545195, 
          0.0
        ], 
        [
          -0.9754791694482627, 
          -0.05311005828148102, 
          0.2135877142577844, 
          0.0
        ], 
        [
          -8.227926005543717, 
          14.148557189324649, 
          59.566852742704654, 
          1.0
        ]
      ], 
      "projected_cuboid": [
        [
          328.1988834199497, 
          454.96907011671567
        ], 
        [
          279.79470855860546, 
          371.7143079236916
        ], 
        [
          488.40450642265796, 
          393.09525223306446
        ], 
        [
          502.63250684259043, 
          478.77827742883875
        ], 
        [
          350.1466799200121, 
          404.8044972071991
        ], 
        [
          310.0225350626209, 
          319.51229397201945
        ], 
        [
          501.4730176065955, 
          334.5000653253694
        ], 
        [
          512.3980848113234, 
          423.2404051788401
        ]
      ], 
      "projected_cuboid_centroid": [
        407.31611680865603, 
        399.96273917804587
      ], 
      "quaternion_xyzw": [
        0.6647476123378789, 
        0.6447485952536547, 
        0.17763891113815297, 
        -0.33294786087190803
      ], 
      "visibility": 0.9681498458863511
    }, 
    {
      "bounding_box": {
        "bottom_right": [
          483, 
          387
        ], 
        "top_left": [
          409, 
          304
        ]
      }, 
      "class": "005_tomato_soup_can", 
      "cuboid": [
        [
          -25.632630609060215, 
          25.63982994072851, 
          74.45281801395535
        ], 
        [
          -20.46812586355238, 
          23.26798878359251, 
          70.78135318961787
        ], 
        [
          -14.121267893470629, 
          29.595051587316096, 
          75.62181632740716
        ], 
        [
          -19.285772638978464, 
          31.966892744452093, 
          79.29328115174464
        ], 
        [
          -24.478212173851787, 
          20.893855510009768, 
          79.1426891679127
        ], 
        [
          -19.313707428343953, 
          18.522014352873768, 
          75.47122434357523
        ], 
        [
          -12.966849458262203, 
          24.849077156597353, 
          80.31168748136452
        ], 
        [
          -18.131354203770037, 
          27.22091831373335, 
          83.98315230570199
        ]
      ], 
      "cuboid_centroid": [
        -19.29974003366121, 
        25.244453548662932, 
        77.38225274765993
      ], 
      "location": [
        -19.29974003366121, 
        25.244453548662932, 
        77.38225274765993
      ], 
      "pose_transform_permuted": [
        [
          -0.17048445513493696, 
          0.7008852598229216, 
          -0.6925999307964303, 
          0.0
        ], 
        [
          -0.7633137708848381, 
          0.3505581090167654, 
          0.5426424793536528, 
          0.0
        ], 
        [
          -0.6231267860933906, 
          -0.6211833207675403, 
          -0.4752307759953407, 
          0.0
        ], 
        [
          -19.29974003366121, 
          25.244453548662932, 
          77.38225274765993, 
          1.0
        ]
      ], 
      "projected_cuboid": [
        [
          296.45556886696943, 
          456.9494775629202
        ], 
        [
          326.0897058531641, 
          448.6049448795477
        ], 
        [
          381.1775059687682, 
          482.0043570316978
        ], 
        [
          350.8016923635904, 
          488.29302612412937
        ], 
        [
          315.2708819811158, 
          414.0841584387694
        ], 
        [
          343.97883121065934, 
          404.17288652131447
        ], 
        [
          394.7715362115277, 
          438.29987398460696
        ], 
        [
          365.49771325098254, 
          446.1479799498431
        ]
      ], 
      "projected_cuboid_centroid": [
        347.4745103130943, 
        447.27166979014174
      ], 
      "quaternion_xyzw": [
        0.2775350525627247, 
        0.8770828100083835, 
        0.3352351746031314, 
        -0.203266705934464
      ], 
      "visibility": 0.35472186287192753
    }, 
    {
      "bounding_box": {
        "bottom_right": [
          516, 
          503
        ], 
        "top_left": [
          422, 
          410
        ]
      }, 
      "class": "010_potted_meat_can", 
      "cuboid": [
        [
          1.549446070874238, 
          27.353738352664525, 
          63.26700816529721
        ], 
        [
          -8.00636604649661, 
          23.91190014978177, 
          63.668539285018696
        ], 
        [
          -5.808790993904686, 
          18.508316315731086, 
          69.64902977736232
        ], 
        [
          3.7470211234661615, 
          21.950154518613843, 
          69.24749865764083
        ], 
        [
          0.3004022992252213, 
          31.290002817940255, 
          67.28253205819992
        ], 
        [
          -9.255409818145626, 
          27.848164615057502, 
          67.6840631779214
        ], 
        [
          -7.057834765553703, 
          22.444580781006813, 
          73.66455367026502
        ], 
        [
          2.4979773518171453, 
          25.88641898388957, 
          73.26302255054354
        ]
      ], 
      "cuboid_centroid": [
        -2.754194347339732, 
        24.89915956683567, 
        68.46578091778112
      ], 
      "location": [
        -2.754194347339732, 
        24.89915956683567, 
        68.46578091778112
      ],