{
  "camera_data": {
    "location_worldframe": [
      -15.905771286049376, 
      8.288811120056621, 
      74.35120738630778
    ], 
    "quaternion_xyzw_worldframe": [
      -0.8584002203140051, 
      -0.017011613016021308, 
      -0.01052547987311192, 
      0.5126059325443603
    ]
  }, 
  "objects": [
    {
      "bounding_box": {
        "bottom_right": [
          404, 
          603
        ], 
        "top_left": [
          300, 
          400
        ]
      }, 
      "class": "003_cracker_box", 
      "cuboid": [
        [
          -7.709098720167798, 
          17.865076858623873, 
          68.5974204060723
        ], 
        [
          -8.365118168668333, 
          10.473902743702936, 
          53.968056121412914
        ], 
        [
          12.907637691214466, 
          8.73678270188715, 
          53.89177222704863
        ], 
        [
          13.563657139715001, 
          16.127956816808087, 
          68.52113651170802
        ], 
        [
          -8.218695638326809, 
          11.48193391363998, 
          71.84521883883377
        ], 
        [
          -8.874715086827344, 
          4.090759798719044, 
          57.215854554174385
        ], 
        [
          12.398040773055454, 
          2.353639756903257, 
          57.139570659810104
        ], 
        [
          13.054060221555991, 
          9.744813871824192, 
          71.76893494446949
        ]
      ], 
      "cuboid_centroid": [
        2.3444710264438284, 
        10.109358307763564, 
        62.8684955329412
      ], 
      "location": [
        2.3444710264438284, 
        10.109358307763564, 
        62.8684955329412
      ], 
      "pose_transform_permuted": [
        [
          0.07097450283322992, 
          0.8890171445116712, 
          -0.4523396254053914, 
          0.0
        ], 
        [
          0.03999240537417609, 
          0.45058242110149016, 
          0.8918386004803263, 
          0.0
        ], 
        [
          -0.9966760895396073, 
          0.08138795094259016, 
          0.0035740707048319, 
          0.0
        ], 
        [
          2.3444710264438284, 
          10.109358307763564, 
          62.8684955329412, 
          1.0
        ]
      ], 
      "projected_cuboid": [
        [
          421.1622032327422, 
          412.1809058331795
        ], 
        [
          398.24295411164474, 
          376.79105244606563
        ], 
        [
          610.3971218630747, 
          359.74681041776637
        ], 
        [
          588.0466572450324, 
          398.8150339291437
        ], 
        [
          420.07983999730067, 
          358.5189349006748
        ], 
        [
          398.18483172295123, 
          311.4172681384132
        ], 
        [
          598.2801337991144, 
          295.2545394835812
        ], 
        [
          579.4110310902579, 
          345.7008782001229
        ]
      ], 
      "projected_cuboid_centroid": [
        501.65118601278783, 
        359.04521111525037
      ], 
      "quaternion_xyzw": [
        0.6272399823277686, 
        0.5768360401987347, 
        0.38374989256123004, 
        -0.3557614471194828
      ], 
      "visibility": 0.9633859590191468
    }, 
    {
      "bounding_box": {
        "bottom_right": [
          409, 
          445
        ], 
        "top_left": [
          357, 
          368
        ]
      }, 
      "class": "005_tomato_soup_can", 
      "cuboid": [
        [
          -16.444614789839818, 
          19.5494496687731, 
          77.51200874433678
        ], 
        [
          -10.911010726434391, 
          17.471708524705633, 
          74.2196522166933
        ], 
        [
          -5.124386144785612, 
          20.49506901019038, 
          82.0374959429913
        ], 
        [
          -10.65799020819104, 
          22.57281015425785, 
          85.32985247063479
        ], 
        [
          -17.06260972515648, 
          13.426712986465633, 
          80.33725642203797
        ], 
        [
          -11.529005661751054, 
          11.348971842398164, 
          77.04489989439448
        ], 
        [
          -5.742381080102275, 
          14.372332327882914, 
          84.8627436206925
        ], 
        [
          -11.2759851435077, 
          16.450073471950382, 
          88.15510014833598
        ]
      ], 
      "cuboid_centroid": [
        -11.093497934971046, 
        16.960890998328008, 
        81.18737618251464
      ], 
      "location": [
        -11.093497934971046, 
        16.960890998328008, 
        81.18737618251464
      ], 
      "pose_transform_permuted": [
        [
          0.09126546026146044, 
          0.9042054383248147, 
          -0.41723243172842395, 
          0.0
        ], 
        [
          -0.8178666478902265, 
          0.30709012882217157, 
          0.48661027534127027, 
          0.0
        ], 
        [
          -0.5681237542874099, 
          -0.29682985051855487, 
          -0.7675463762245973, 
          0.0
        ], 
        [
          -11.093497934971046, 
          16.960890998328008, 
          81.18737618251464, 
          1.0
        ]
      ], 
      "projected_cuboid": [
        [
          367.50736527369236, 
          407.79607421296924
        ], 
        [
          402.540528263755, 
          398.83285933145595
        ], 
        [
          448.00620373116715, 
          406.5234382053798
        ], 
        [
          414.4285053468604, 
          414.3687191162625
        ], 
        [
          367.38284311473467, 
          362.4198902045034
        ], 
        [
          401.12601372555724, 
          351.8462991168926
        ], 
        [
          445.20835729238973, 
          363.6094047575064
        ], 
        [
          412.811269243659, 
          372.80597942535604
        ]
      ], 
      "projected_cuboid_centroid": [
        408.11663037626585, 
        384.7025701624047
      ], 
      "quaternion_xyzw": [
        0.2750163075681574, 
        0.7956018052608361, 
        0.5253104641967637, 
        -0.12422822964504117
      ], 
      "visibility": 0.5319620253164556
    }, 
    {
      "bounding_box": {
        "bottom_right": [
          421, 
          569
        ], 
        "top_left": [
          352, 
          494
        ]
      }, 
      "class": "010_potted_meat_can", 
      "cuboid": [
        [
          12.59938003458757, 
          19.165206362923467, 
          72.6915784503189
        ], 
        [
          2.8564016919926307, 
          17.796472504659054, 
          70.13776496488461
        ], 
        [
          2.8511264200342548, 
          10.441465920780027, 
          74.09985673754747
        ], 
        [
          12.594104762629197, 
          11.810199779044442, 
          76.65367022298175
        ], 
        [
          10.95744871180454, 
          21.784554552539266, 
          77.55180447504044
        ], 
        [
          1.2144703692096006, 
          20.415820694274853, 
          74.99799098960615
        ], 
        [
          1.2091950972512249, 
          13.060814110395826, 
          78.96008276226901
        ], 
        [
          10.952173439846167, 
          14.429547968660241, 
          81.5138962477033
        ]
      ], 
      "cuboid_centroid": [
        6.9042875659193985, 
        16.113010236659647, 
        75.82583060629395
      ], 
      "location": [
        6.9042875659193985, 
        16.113010236659647, 
        75.82583060629395
      ],