{
  "camera_data": {
    "location_worldframe": [
      -9.654873549430324, 
      -0.0019158032050298202, 
      78.14833662947585
    ], 
    "quaternion_xyzw_worldframe": [
      -0.8277420321658062, 
      -0.10856405571791086, 
      -0.18984128623145954, 
      0.5167372721251041
    ]
  }, 
  "objects": [
    {
      "bounding_box": {
        "bottom_right": [
          332, 
          663
        ], 
        "top_left": [
          232, 
          473
        ]
      }, 
      "class": "003_cracker_box", 
      "cuboid": [
        [
          0.30248937358857697, 
          9.498347334211228, 
          76.5385964068936
        ], 
        [
          5.348413471808001, 
          2.674686403935406, 
          62.50098916097053
        ], 
        [
          24.89502652773698, 
          0.22779753965083277, 
          70.71659626416275
        ], 
        [
          19.849102429517558, 
          7.051458469926655, 
          84.75420351008583
        ], 
        [
          -1.5515848157982404, 
          3.0211549833324622, 
          79.0206894117808
        ], 
        [
          3.4943392824211843, 
          -3.8025059469433597, 
          64.98308216585771
        ], 
        [
          23.040952338350163, 
          -6.249394811227933, 
          73.19868926904994
        ], 
        [
          17.99502824013074, 
          0.5742661190478889, 
          87.236296514973
        ]
      ], 
      "cuboid_centroid": [
        11.671720855969369, 
        1.6244762614916475, 
        74.86864283797176
      ], 
      "location": [
        11.671720855969369, 
        1.6244762614916475, 
        74.86864283797176
      ], 
      "pose_transform_permuted": [
        [
          0.25822760915244086, 
          0.9021159478742662, 
          -0.34569541284536653, 
          0.0
        ], 
        [
          -0.30761076136472304, 
          0.41598555451865665, 
          0.8557637746039621, 
          0.0
        ], 
        [
          -0.915802446690349, 
          0.11464220436959388, 
          -0.3849195287501668, 
          0.0
        ], 
        [
          11.671720855969369, 
          1.6244762614916475, 
          74.86864283797176, 
          1.0
        ]
      ], 
      "projected_cuboid": [
        [
          483.7223746230208, 
          339.47085385477993
        ], 
        [
          527.6152898828873, 
          296.1095789798189
        ], 
        [
          670.9111791962249, 
          275.0045065392003
        ], 
        [
          607.5392953498545, 
          317.6581530303856
        ], 
        [
          471.0379802082489, 
          293.6766551570782
        ], 
        [
          510.51428678610426, 
          242.0791710939483
        ], 
        [
          650.8705250738727, 
          227.75396534826336
        ], 
        [
          592.5265683478069, 
          276.7973170891587
        ]
      ], 
      "projected_cuboid_centroid": [
        565.4323206228898, 
        284.8583385351745
      ], 
      "quaternion_xyzw": [
        0.5368255898916885, 
        0.6202144729528036, 
        0.5187864572463678, 
        -0.24085868337072483
      ], 
      "visibility": 0.9814800642840744
    }, 
    {
      "bounding_box": {
        "bottom_right": [
          347, 
          460
        ], 
        "top_left": [
          297, 
          402
        ]
      }, 
      "class": "005_tomato_soup_can", 
      "cuboid": [
        [
          -11.211708750003616, 
          11.14701814057843, 
          81.3671043425434
        ], 
        [
          -4.8630743304751425, 
          9.006696739557803, 
          80.42303919388257
        ], 
        [
          -2.580237976677285, 
          11.54527582021048, 
          90.01932428948082
        ], 
        [
          -8.928872396205758, 
          13.685597221231106, 
          90.96338943814166
        ], 
        [
          -12.9943701523677, 
          4.949018417565858, 
          83.43078174450426
        ], 
        [
          -6.645735732839228, 
          2.8086970165452336, 
          82.48671659584342
        ], 
        [
          -4.362899379041371, 
          5.347276097197909, 
          92.08300169144167
        ], 
        [
          -10.711533798569844, 
          7.487597498218534, 
          93.0270668401025
        ]
      ], 
      "cuboid_centroid": [
        -7.787304064522493, 
        8.247147118888169, 
        86.72505301699253
      ], 
      "location": [
        -7.787304064522493, 
        8.247147118888169, 
        86.72505301699253
      ], 
      "pose_transform_permuted": [
        [
          0.26326334421128095, 
          0.9153202803050465, 
          -0.3047637725778843, 
          0.0
        ], 
        [
          -0.938328129711698, 
          0.3163394904302534, 
          0.13953282339648654, 
          0.0
        ], 
        [
          -0.22412609310381185, 
          -0.24923460257464064, 
          -0.942151584018985, 
          0.0
        ], 
        [
          -7.787304064522493, 
          8.247147118888169, 
          86.72505301699253, 
          1.0
        ]
      ], 
      "projected_cuboid": [
        [
          407.4976699351808, 
          346.34951738042236
        ], 
        [
          449.0791934207044, 
          333.0137977199016
        ], 
        [
          466.1830549269579, 
          341.68653694421425
        ], 
        [
          428.8107083079272, 
          353.52537967981544
        ], 
        [
          397.8401564158263, 
          304.9224448298858
        ], 
        [
          438.2708500925017, 
          291.44622700697016
        ], 
        [
          456.1177704723254, 
          304.25649993830825
        ], 
        [
          419.67662328141193, 
          316.21256491472536
        ]
      ], 
      "projected_cuboid_centroid": [
        433.3096161044309, 
        324.00273717401177
      ], 
      "quaternion_xyzw": [
        0.17117312521078837, 
        0.7893551964838489, 
        0.5882877165432195, 
        0.039187212982807695
      ], 
      "visibility": 0.913968547641073
    }, 
    {
      "bounding_box": {
        "bottom_right": [
          344, 
          581
        ], 
        "top_left": [
          286, 
          515
        ]
      }, 
      "class": "010_potted_meat_can", 
      "cuboid": [
        [
          17.36810522600877, 
          9.96444539971816, 
          88.346774581447
        ], 
        [
          9.401178213530294, 
          9.018271926808612, 
          82.10547244051337
        ], 
        [
          7.712949328360269, 
          1.5272147630639326, 
          85.39610561563147
        ], 
        [
          15.679876340838744, 
          2.473388235973481, 
          91.6374077565651
        ], 
        [
          13.985567247191835, 
          12.457420806050829, 
          92.28660082937236
        ], 
        [
          6.01864023471336, 
          11.51124733314128, 
          86.04529868843875
        ], 
        [
          4.330411349543335, 
          4.0201901693966, 
          89.33593186355684
        ], 
        [
          12.29733836202181, 
          4.966363642306149, 
          95.57723400449046
        ]
      ], 
      "cuboid_centroid": [
        10.849258287776053, 
        6.992317784557381, 
        88.84135322250192
      ], 
      "location": [
        10.849258287776053, 
        6.992317784557381, 
        88.84135322250192
      ],