{
  "camera_data": {
    "location_worldframe": [
      -20.758812913866542, 
      15.10938630287443, 
      70.90476204004639
    ], 
    "quaternion_xyzw_worldframe": [
      0.9036698789313886, 
      0.015847795580433324, 
      -0.07177516590605952, 
      -0.42187378417118776
    ]
  }, 
  "objects": [
    {
      "bounding_box": {
        "bottom_right": [
          476, 
          542
        ], 
        "top_left": [
          355, 
          313
        ]
      }, 
      "class": "003_cracker_box", 
      "cuboid": [
        [
          -14.309779882272656, 
          23.77722624783277, 
          62.228641120044884
        ], 
        [
          -16.190003280427163, 
          13.468378391906063, 
          49.60839819276555
        ], 
        [
          4.957918531396131, 
          13.11567657015919, 
          46.745785467938724
        ], 
        [
          6.838141929550639, 
          23.424524426085895, 
          59.36602839521805
        ], 
        [
          -13.795877960308832, 
          18.193525709591785, 
          66.71312444020472
        ], 
        [
          -15.67610135846334, 
          7.884677853665078, 
          54.092881512925395
        ], 
        [
          5.471820453359953, 
          7.531976031918207, 
          51.23026878809856
        ], 
        [
          7.352043851514462, 
          17.840823887844913, 
          63.8505117153779
        ]
      ], 
      "cuboid_centroid": [
        -4.41897971445635, 
        15.654601139875487, 
        56.72945495407172
      ], 
      "location": [
        -4.41897971445635, 
        15.654601139875487, 
        56.72945495407172
      ], 
      "pose_transform_permuted": [
        [
          -0.07157408555018507, 
          0.7776741882642906, 
          -0.6245798645370594, 
          0.0
        ], 
        [
          0.11462260227936627, 
          0.6284503048457881, 
          0.7693580917790765, 
          0.0
        ], 
        [
          -0.990827335777713, 
          0.016524867524809028, 
          0.13411979506741925, 
          0.0
        ], 
        [
          -4.41897971445635, 
          15.654601139875487, 
          56.72945495407172, 
          1.0
        ]
      ], 
      "projected_cuboid": [
        [
          357.9356073529961, 
          477.06505802010383
        ], 
        [
          306.09450240191234, 
          418.07956117181305
        ], 
        [
          538.6330171197868, 
          422.9224268938672
        ], 
        [
          543.5400149004021, 
          483.7226736065823
        ], 
        [
          370.39066371417255, 
          418.7296367610437
        ], 
        [
          325.7532128577535, 
          351.0241808790618
        ], 
        [
          539.0347562736998, 
          351.6962440560374
        ], 
        [
          543.5177105394298, 
          422.3043062603961
        ]
      ], 
      "projected_cuboid_centroid": [
        439.707572939611, 
        420.45709270275626
      ], 
      "quaternion_xyzw": [
        0.6625193080849106, 
        0.6110303582337141, 
        0.2633070454376332, 
        -0.34406317378408063
      ], 
      "visibility": 0.9618156786524134
    }, 
    {
      "bounding_box": {
        "bottom_right": [
          485, 
          409
        ], 
        "top_left": [
          418, 
          323
        ]
      }, 
      "class": "005_tomato_soup_can", 
      "cuboid": [
        [
          -21.919528790973107, 
          26.723848170777103, 
          71.82132773568554
        ], 
        [
          -16.69670145991661, 
          24.362337289729204, 
          68.22650719411936
        ], 
        [
          -10.240513970285175, 
          29.314345301265988, 
          74.35346997802394
        ], 
        [
          -15.463341301341673, 
          31.67585618231389, 
          77.94829051959012
        ], 
        [
          -21.59206329023239, 
          21.299099133940526, 
          75.86072260304769
        ], 
        [
          -16.36923595917589, 
          18.937588252892628, 
          72.26590206148151
        ], 
        [
          -9.913048469544455, 
          23.889596264429404, 
          78.39286484538607
        ], 
        [
          -15.135875800600953, 
          26.25110714547731, 
          81.98768538695226
        ]
      ], 
      "cuboid_centroid": [
        -15.916288630258782, 
        25.306722217603255, 
        75.10709629053581
      ], 
      "location": [
        -15.916288630258782, 
        25.306722217603255, 
        75.10709629053581
      ], 
      "pose_transform_permuted": [
        [
          -0.04836008830644811, 
          0.8011266587421428, 
          -0.5965376262488084, 
          0.0
        ], 
        [
          -0.7719338486844814, 
          0.34903129427195445, 
          0.5313144548127109, 
          0.0
        ], 
        [
          -0.6338606251777479, 
          -0.48618211585690946, 
          -0.6015377445099955, 
          0.0
        ], 
        [
          -15.916288630258782, 
          25.306722217603255, 
          75.10709629053581, 
          1.0
        ]
      ], 
      "projected_cuboid": [
        [
          317.47403986972483, 
          471.7283103142838
        ], 
        [
          349.9930103473324, 
          463.72442059889863
        ], 
        [
          407.53220113346, 
          483.5512965949469
        ], 
        [
          374.91572315382496, 
          490.01168106196394
        ], 
        [
          328.5345314722877, 
          423.0244561327409
        ], 
        [
          359.7860095722521, 
          413.04521233807577
        ], 
        [
          413.5949520213111, 
          435.81139974023233
        ], 
        [
          382.31960633237765, 
          444.04668878372956
        ]
      ], 
      "projected_cuboid_centroid": [
        367.6370340957713, 
        452.98421251689484
      ], 
      "quaternion_xyzw": [
        0.29087008758845606, 
        0.844786007044121, 
        0.4150945895043929, 
        -0.1715447871666996
      ], 
      "visibility": 0.24752475247524752
    }, 
    {
      "bounding_box": {
        "bottom_right": [
          512, 
          532
        ], 
        "top_left": [
          424, 
          445
        ]
      }, 
      "class": "010_potted_meat_can", 
      "cuboid": [
        [
          6.151574310549027, 
          27.19753723019783, 
          62.949388167674684
        ], 
        [
          -3.673018235785203, 
          24.70641381004623, 
          62.1795128001602
        ], 
        [
          -2.47757098139713, 
          18.355519663452775, 
          67.47397880658065
        ], 
        [
          7.3470215649371, 
          20.84664308360438, 
          68.24385417409513
        ], 
        [
          4.925295042431241, 
          30.66338232876965, 
          67.3836724760891
        ], 
        [
          -4.8992975039029885, 
          28.172258908618048, 
          66.61379710857463
        ], 
        [
          -3.703850249514916, 
          21.821364762024594, 
          71.90826311499508
        ], 
        [
          6.120742296819313, 
          24.312488182176196, 
          72.67813848250955
        ]
      ], 
      "cuboid_centroid": [
        1.2238620305170553, 
        24.509450996111212, 
        67.42882564133488
      ], 
      "location": [
        1.2238620305170553, 
        24.509450996111212, 
        67.42882564133488
      ],