{
  "camera_data": {
    "location_worldframe": [
      -23.35375709675638, 
      15.870268081174398, 
      73.35998587959062
    ], 
    "quaternion_xyzw_worldframe": [
      0.9161943527513486, 
      0.029288750165573734, 
      -0.11308706232969937, 
      -0.38332924147110026
    ]
  }, 
  "objects": [
    {
      "bounding_box": {
        "bottom_right": [
          489, 
          512
        ], 
        "top_left": [
          349, 
          283
        ]
      }, 
      "class": "003_cracker_box", 
      "cuboid": [
        [
          -18.00688274315638, 
          24.184783485898933, 
          63.65037039633321
        ], 
        [
          -19.92094008429336, 
          12.786366431909023, 
          52.010327920237685
        ], 
        [
          1.003311793646984, 
          13.508804933717927, 
          47.862158070049574
        ], 
        [
          2.9173691347839648, 
          24.907221987707835, 
          59.502200546145104
        ], 
        [
          -16.86477608045752, 
          19.027134070487932, 
          68.51315174178481
        ], 
        [
          -18.778833421594506, 
          7.628717016498024, 
          56.873109265689294
        ], 
        [
          2.145418456345839, 
          8.351155518306927, 
          52.72493941550118
        ], 
        [
          4.05947579748282, 
          19.749572572296834, 
          64.36498189159671
        ]
      ], 
      "cuboid_centroid": [
        -7.93073214340527, 
        16.26796950210293, 
        58.1876549059172
      ], 
      "location": [
        -7.93073214340527, 
        16.26796950210293, 
        58.1876549059172
      ], 
      "pose_transform_permuted": [
        [
          -0.1590677841232102, 
          0.7183355903511808, 
          -0.6772676130518519, 
          0.0
        ], 
        [
          0.11668519473185318, 
          0.6948728677008345, 
          0.7096028911043194, 
          0.0
        ], 
        [
          -0.980347900178565, 
          -0.03384785618085484, 
          0.19435101555546025, 
          0.0
        ], 
        [
          -7.93073214340527, 
          16.26796950210293, 
          58.1876549059172, 
          1.0
        ]
      ], 
      "projected_cuboid": [
        [
          329.46199821191675, 
          475.9282283199263
        ], 
        [
          275.62327106871913, 
          404.399335927972
        ], 
        [
          492.869961997993, 
          423.8127680324592
        ], 
        [
          507.9634241872983, 
          496.53053780853253
        ], 
        [
          349.22438569633954, 
          421.39741820569645
        ], 
        [
          304.033699676845, 
          344.8237588561139
        ], 
        [
          503.47910182260114, 
          357.75955643143703
        ], 
        [
          515.5136484528637, 
          436.92884009230966
        ]
      ], 
      "projected_cuboid_centroid": [
        408.30209977615164, 
        422.3907891826666
      ], 
      "quaternion_xyzw": [
        0.6633447353380537, 
        0.6313537587004717, 
        0.2074845392043948, 
        -0.34397145152645164
      ], 
      "visibility": 0.9405303938014219
    }, 
    {
      "bounding_box": {
        "bottom_right": [
          494, 
          389
        ], 
        "top_left": [
          422, 
          304
        ]
      }, 
      "class": "005_tomato_soup_can", 
      "cuboid": [
        [
          -25.23033496445535, 
          27.42685067635866, 
          73.44433092113599
        ], 
        [
          -20.07778769976389, 
          25.107672924210767, 
          69.72276338359654
        ], 
        [
          -13.623192576108167, 
          30.931349824051342, 
          75.03006046958039
        ], 
        [
          -18.775739840799623, 
          33.25052757619923, 
          78.75162800711985
        ], 
        [
          -24.310178493452185, 
          22.379571180931855, 
          77.86362141002915
        ], 
        [
          -19.157631228760728, 
          20.060393428783957, 
          74.1420538724897
        ], 
        [
          -12.703036105105003, 
          25.88407032862453, 
          79.44935095847356
        ], 
        [
          -17.855583369796463, 
          28.203248080772426, 
          83.170918496013
        ]
      ], 
      "cuboid_centroid": [
        -18.966685534780176, 
        26.655460502491596, 
        76.44684093980477
      ], 
      "location": [
        -18.966685534780176, 
        26.655460502491596, 
        76.44684093980477
      ], 
      "pose_transform_permuted": [
        [
          -0.1358886603101915, 
          0.7453819762816098, 
          -0.6526405920968629, 
          0.0
        ], 
        [
          -0.7615464552907979, 
          0.3427744580705505, 
          0.5500476600690005, 
          0.0
        ], 
        [
          -0.6337042886254872, 
          -0.571761505763967, 
          -0.5210639645035794, 
          0.0
        ], 
        [
          -18.966685534780176, 
          26.655460502491596, 
          76.44684093980477, 
          1.0
        ]
      ], 
      "projected_cuboid": [
        [
          296.85896703936584, 
          472.4479489025792
        ], 
        [
          326.73929728610057, 
          465.3387890470873
        ], 
        [
          383.9553675061808, 
          493.14901032706354
        ], 
        [
          353.3848968612694, 
          498.46483531842506
        ], 
        [
          313.69915960388613, 
          426.5733150106143
        ], 
        [
          342.6437463465405, 
          417.58522007739936
        ], 
        [
          395.61479672669316, 
          447.0385124393505
        ], 
        [
          366.14697636540393, 
          454.13514206690047
        ]
      ], 
      "projected_cuboid_centroid": [
        348.17623846332054, 
        459.24424283437367
      ], 
      "quaternion_xyzw": [
        0.28254761072778556, 
        0.8639948716791708, 
        0.3664506533250181, 
        -0.19847812263227826
      ], 
      "visibility": 0.22753586710294488
    }, 
    {
      "bounding_box": {
        "bottom_right": [
          528, 
          506
        ], 
        "top_left": [
          435, 
          414
        ]
      }, 
      "class": "010_potted_meat_can", 
      "cuboid": [
        [
          2.1888260958286914, 
          28.909796556623775, 
          62.81825120684499
        ], 
        [
          -7.476136649973202, 
          25.762160742679573, 
          62.861915636955445
        ], 
        [
          -5.557371884553892, 
          19.949373046245967, 
          68.54734982121754
        ], 
        [
          4.107590861248001, 
          23.097008860190165, 
          68.50368539110708
        ], 
        [
          0.9921685051516665, 
          32.64273572421417, 
          67.03866542825794
        ], 
        [
          -8.672794240650228, 
          29.495099910269968, 
          67.08232985836841
        ], 
        [
          -6.754029475230918, 
          23.682312213836358, 
          72.7677640426305
        ], 
        [
          2.9109332705709754, 
          26.82994802778056, 
          72.72409961252005
        ]
      ], 
      "cuboid_centroid": [
        -2.2826016897011128, 
        26.296054385230068, 
        67.79300762473774
      ], 
      "location": [
        -2.2826016897011128, 
        26.296054385230068, 
        67.79300762473774
      ],