{
  "camera_data": {
    "location_worldframe": [
      -23.50125189923148, 
      15.001233301701436, 
      74.80142671047363
    ], 
    "quaternion_xyzw_worldframe": [
      0.9229981168942915, 
      0.03585864567319956, 
      -0.1292600722872549, 
      -0.36066794218022086
    ]
  }, 
  "objects": [
    {
      "bounding_box": {
        "bottom_right": [
          480, 
          508
        ], 
        "top_left": [
          333, 
          284
        ]
      }, 
      "class": "003_cracker_box", 
      "cuboid": [
        [
          -18.608855399433665, 
          23.00502626147401, 
          64.60336001449541
        ], 
        [
          -20.4286423729666, 
          11.027545734276734, 
          53.54413530031557
        ], 
        [
          0.37303045810414687, 
          12.155517398375938, 
          48.89960792926068
        ], 
        [
          2.192817431637077, 
          24.132997925573218, 
          59.958832643440516
        ], 
        [
          -17.212198906811054, 
          18.113906157846948, 
          69.67077477040921
        ], 
        [
          -19.03198588034398, 
          6.1364256306496685, 
          58.61155005622937
        ], 
        [
          1.7696869507267607, 
          7.264397294748873, 
          53.967022685174484
        ], 
        [
          3.589473924259691, 
          19.24187782194615, 
          65.02624739935432
        ]
      ], 
      "cuboid_centroid": [
        -8.419584224353454, 
        15.134711778111443, 
        59.285191349834946
      ], 
      "location": [
        -8.419584224353454, 
        15.134711778111443, 
        59.285191349834946
      ], 
      "pose_transform_permuted": [
        [
          -0.19452040752287658, 
          0.681214515399065, 
          -0.7057680887279837, 
          0.0
        ], 
        [
          0.11093826334954254, 
          0.7301738655764617, 
          0.6741949478853388, 
          0.0
        ], 
        [
          -0.974604798255232, 
          -0.05284798992151235, 
          0.21760647320135995, 
          0.0
        ], 
        [
          -8.419584224353454, 
          15.134711778111443, 
          59.285191349834946, 
          1.0
        ]
      ], 
      "projected_cuboid": [
        [
          326.69532955703625, 
          463.1997408528912
        ], 
        [
          276.42448129778677, 
          383.12501163347963
        ], 
        [
          485.6993997099478, 
          405.8596964719817
        ], 
        [
          501.26420171525695, 
          487.9438257721251
        ], 
        [
          348.74220606760207, 
          411.94583829120035
        ], 
        [
          306.9776095515508, 
          329.1232451894711
        ], 
        [
          499.2314301996724, 
          345.0756629777522
        ], 
        [
          511.2818502051086, 
          431.10081559777393
        ]
      ], 
      "projected_cuboid_centroid": [
        405.2247181394905, 
        409.43585272831746
      ], 
      "quaternion_xyzw": [
        0.6640516474936294, 
        0.6418095152184863, 
        0.1805863076211493, 
        -0.3383851963898063
      ], 
      "visibility": 0.9618858165904117
    }, 
    {
      "bounding_box": {
        "bottom_right": [
          489, 
          387
        ], 
        "top_left": [
          415, 
          303
        ]
      }, 
      "class": "005_tomato_soup_can", 
      "cuboid": [
        [
          -25.71750221382424, 
          26.49074460405516, 
          74.39767452621871
        ], 
        [
          -20.57792731968622, 
          24.149597414853243, 
          70.67192715912002
        ], 
        [
          -14.188581912543713, 
          30.396296359299395, 
          75.56063156505743
        ], 
        [
          -19.32815680668173, 
          32.73744354850131, 
          79.28637893215611
        ], 
        [
          -24.555255837998864, 
          21.682858553376168, 
          79.02209467872146
        ], 
        [
          -19.415680943860846, 
          19.34171136417425, 
          75.29634731162278
        ], 
        [
          -13.026335536718337, 
          25.588410308620404, 
          80.18505171756019
        ], 
        [
          -18.165910430856353, 
          27.929557497822316, 
          83.91079908465888
        ]
      ], 
      "cuboid_centroid": [
        -19.371918875271287, 
        26.03957745633778, 
        77.29136312188945
      ], 
      "location": [
        -19.371918875271287, 
        26.03957745633778, 
        77.29136312188945
      ], 
      "pose_transform_permuted": [
        [
          -0.17164048500262388, 
          0.7100283646742739, 
          -0.6829341302680377, 
          0.0
        ], 
        [
          -0.7596291389996133, 
          0.34602154073738417, 
          0.5506654388531698, 
          0.0
        ], 
        [
          -0.6272981509214386, 
          -0.6132932949333934, 
          -0.479967044952345, 
          0.0
        ], 
        [
          -19.371918875271287, 
          26.03957745633778, 
          77.29136312188945, 
          1.0
        ]
      ], 
      "projected_cuboid": [
        [
          295.70487009065334, 
          463.1853884508684
        ], 
        [
          325.0134110816971, 
          455.52938524442294
        ], 
        [
          380.61711885204494, 
          487.82868471204574
        ], 
        [
          350.5028332272797, 
          493.4948509668902
        ], 
        [
          314.4927536334978, 
          419.624003884618
        ], 
        [
          342.9309190711951, 
          410.2827378085912
        ], 
        [
          394.2354675888557, 
          443.47786451289994
        ], 
        [
          365.1761425095344, 
          450.8009953025359
        ]
      ], 
      "projected_cuboid_centroid": [
        346.8145978599514, 
        452.9627143876682
      ], 
      "quaternion_xyzw": [
        0.2783934618122514, 
        0.8740504224873191, 
        0.34036806659282964, 
        -0.2065973270169871
      ], 
      "visibility": 0.31317550180133813
    }, 
    {
      "bounding_box": {
        "bottom_right": [
          524, 
          502
        ], 
        "top_left": [
          429, 
          409
        ]
      }, 
      "class": "010_potted_meat_can", 
      "cuboid": [
        [
          1.4158850600761745, 
          28.26295016949799, 
          63.10331552891084
        ], 
        [
          -8.148425532430789, 
          24.845141000543183, 
          63.50774852965022
        ], 
        [
          -5.938885204427333, 
          19.360368342699267, 
          69.40940264719174
        ], 
        [
          3.625425388079632, 
          22.77817751165407, 
          69.00496964645237
        ], 
        [
          0.19815656302330092, 
          32.15227762997859, 
          67.17381790959766
        ], 
        [
          -9.366154029483663, 
          28.734468461023788, 
          67.57825091033703
        ], 
        [
          -7.1566137014802065, 
          23.249695803179872, 
          73.47990502787856
        ], 
        [
          2.4076968910267573, 
          26.667504972134676, 
          73.07547202713917
        ]
      ], 
      "cuboid_centroid": [
        -2.870364320702016, 
        25.75632298633893, 
        68.2916102783947
      ], 
      "location": [
        -2.870364320702016, 
        25.75632298633893, 
        68.2916102783947
      ],