{
  "camera_data": {
    "location_worldframe": [
      -14.24720858697305, 
      0.7549760672823508, 
      70.27219098585967
    ], 
    "quaternion_xyzw_worldframe": [
      -0.8360077150471393, 
      -0.05534161626274411, 
      -0.09114084388497404, 
      0.538259200064292
    ]
  }, 
  "objects": [
    {
      "bounding_box": {
        "bottom_right": [
          349, 
          645
        ], 
        "top_left": [
          235, 
          435
        ]
      }, 
      "class": "003_cracker_box", 
      "cuboid": [
        [
          -5.072264869608019, 
          10.5174108699461, 
          66.73499169469521
        ], 
        [
          -3.1974176972192097, 
          4.142293664260204, 
          51.737627113505965
        ], 
        [
          17.735636310149257, 
          1.9553035435533301, 
          55.28415658369524
        ], 
        [
          15.860789137760447, 
          8.330420749239229, 
          70.28152116488448
        ], 
        [
          -6.208564681512531, 
          3.9428721387072834, 
          69.38766218758518
        ], 
        [
          -4.333717509123722, 
          -2.432245066978615, 
          54.39029760639593
        ], 
        [
          16.599336498244742, 
          -4.619235187685488, 
          57.9368270765852
        ], 
        [
          14.724489325855936, 
          1.7558820180004098, 
          72.93419165777445
        ]
      ], 
      "cuboid_centroid": [
        5.763535814318363, 
        2.9490878411303068, 
        62.33590938564021
      ], 
      "location": [
        5.763535814318363, 
        2.9490878411303068, 
        62.33590938564021
      ], 
      "pose_transform_permuted": [
        [
          0.15825903051134738, 
          0.915673939892015, 
          -0.3694527237201576, 
          0.0
        ], 
        [
          -0.11429485559335506, 
          0.388641330955095, 
          0.9142727174417635, 
          0.0
        ], 
        [
          -0.9807602995872654, 
          0.10246536817914148, 
          -0.16616282098414936, 
          0.0
        ], 
        [
          5.763535814318363, 
          2.9490878411303068, 
          62.33590938564021, 
          1.0
        ]
      ], 
      "projected_cuboid": [
        [
          440.72373614605556, 
          357.3375139201226
        ], 
        [
          448.36291664624804, 
          315.98595141895316
        ], 
        [
          654.1164242142235, 
          292.1491151692091
        ], 
        [
          602.9570162433198, 
          336.50054428049526
        ], 
        [
          433.4798306420043, 
          303.5917948414758
        ], 
        [
          438.7490347638454, 
          249.43735931581662
        ], 
        [
          635.6705028720327, 
          230.76559389160045
        ], 
        [
          590.1648116283639, 
          286.1261437226181
        ]
      ], 
      "projected_cuboid_centroid": [
        531.3183647017125, 
        298.5176818544887
      ], 
      "quaternion_xyzw": [
        0.5825854521668782, 
        0.5876398155193304, 
        0.46024653720922737, 
        -0.32163140880025465
      ], 
      "visibility": 0.9815242494226328
    }, 
    {
      "bounding_box": {
        "bottom_right": [
          358, 
          444
        ], 
        "top_left": [
          305, 
          369
        ]
      }, 
      "class": "005_tomato_soup_can", 
      "cuboid": [
        [
          -15.231563269513575, 
          11.78665351734431, 
          74.06903817535053
        ], 
        [
          -9.222238233710629, 
          9.816001796657444, 
          71.66447207993323
        ], 
        [
          -4.88287715938023, 
          12.181297582569076, 
          80.57063480664581
        ], 
        [
          -10.892202195183174, 
          14.151949303255943, 
          82.97520090206311
        ], 
        [
          -16.397247642944183, 
          5.502593511402679, 
          76.30591466826895
        ], 
        [
          -10.38792260714124, 
          3.5319417907158126, 
          73.90134857285166
        ], 
        [
          -6.048561532810838, 
          5.897237576627442, 
          82.80751129956423
        ], 
        [
          -12.057886568613783, 
          7.867889297314309, 
          85.21207739498152
        ]
      ], 
      "cuboid_centroid": [
        -10.640062401162206, 
        8.841945546985878, 
        78.43827473745738
      ], 
      "location": [
        -10.640062401162206, 
        8.841945546985878, 
        78.43827473745738
      ], 
      "pose_transform_permuted": [
        [
          0.17214820831213418, 
          0.9280296584615644, 
          -0.33034180542213354, 
          0.0
        ], 
        [
          -0.8881782048010034, 
          0.2912623126789816, 
          0.3553948547014694, 
          0.0
        ], 
        [
          -0.42603318566327336, 
          -0.23222185972697446, 
          -0.8743962102951662, 
          0.0
        ], 
        [
          -10.640062401162206, 
          8.841945546985878, 
          78.43827473745738, 
          1.0
        ]
      ], 
      "projected_cuboid": [
        [
          371.01123103584837, 
          358.15402506789127
        ], 
        [
          412.3941887677352, 
          346.3362072898405
        ], 
        [
          449.00658938745175, 
          353.91795617504687
        ], 
        [
          411.00447816658397, 
          364.2475916627645
        ], 
        [
          366.0378780236398, 
          311.7454292825819
        ], 
        [
          406.0064187873634, 
          298.77529779415244
        ], 
        [
          442.31683110919363, 
          311.2675403913545
        ], 
        [
          405.50107748344794, 
          322.5295510467112
        ]
      ], 
      "projected_cuboid_centroid": [
        408.6499941496426, 
        333.4049269863453
      ], 
      "quaternion_xyzw": [
        0.22909695891596646, 
        0.782742273987759, 
        0.5756766718290592, 
        -0.058527133540318084
      ], 
      "visibility": 0.8316831683168316
    }, 
    {
      "bounding_box": {
        "bottom_right": [
          362, 
          577
        ], 
        "top_left": [
          295, 
          501
        ]
      }, 
      "class": "010_potted_meat_can", 
      "cuboid": [
        [
          14.201947111852723, 
          11.100528225574854, 
          74.4194217680346
        ], 
        [
          5.052538410611855, 
          10.117185375145098, 
          70.10173952711112
        ], 
        [
          4.277149661631449, 
          2.5142354054561147, 
          73.47638690702529
        ], 
        [
          13.426558362872315, 
          3.49757825588587, 
          77.79406914794878
        ], 
        [
          11.750173580450426, 
          13.421955350945675, 
          79.0861661440282
        ], 
        [
          2.6007648792095592, 
          12.43861250051592, 
          74.76848390310471
        ], 
        [
          1.8253761302291531, 
          4.8356625308269345, 
          78.14313128301889
        ], 
        [
          10.974784831470021, 
          5.81900538125669, 
          82.46081352394236
        ]
      ], 
      "cuboid_centroid": [
        8.013661621040939, 
        7.9680953782008945, 
        76.28127652552675
      ], 
      "location": [
        8.013661621040939, 
        7.9680953782008945, 
        76.28127652552675
      ],