{
  "camera_data": {
    "location_worldframe": [
      -22.193112357130815, 
      15.402907928366766, 
      71.64103244355249
    ], 
    "quaternion_xyzw_worldframe": [
      0.9113773938660708, 
      0.020212944265571874, 
      -0.09552508318774412, 
      -0.39982489100251395
    ]
  }, 
  "objects": [
    {
      "bounding_box": {
        "bottom_right": [
          484, 
          526
        ], 
        "top_left": [
          351, 
          292
        ]
      }, 
      "class": "003_cracker_box", 
      "cuboid": [
        [
          -16.344803615064716, 
          23.842445267825624, 
          62.33679659630281
        ], 
        [
          -18.359151307233144, 
          12.899783348932692, 
          50.283636463332606
        ], 
        [
          2.670017362195992, 
          13.046622276096542, 
          46.635890508833484
        ], 
        [
          4.684365054364424, 
          23.989284194989477, 
          58.68905064180369
        ], 
        [
          -15.489924003457464, 
          18.493731356237085, 
          67.04984633894082
        ], 
        [
          -17.504271695625896, 
          7.551069437344152, 
          54.99668620597061
        ], 
        [
          3.5248969738032434, 
          7.697908364508003, 
          51.34894025147149
        ], 
        [
          5.539244665971675, 
          18.640570283400937, 
          63.402100384441695
        ]
      ], 
      "cuboid_centroid": [
        -6.409953320630736, 
        15.770176816166813, 
        56.84286842388715
      ], 
      "location": [
        -6.409953320630736, 
        15.770176816166813, 
        56.84286842388715
      ], 
      "pose_transform_permuted": [
        [
          -0.11906401560528479, 
          0.7449462450511195, 
          -0.6564136288744942, 
          0.0
        ], 
        [
          0.1227991176997405, 
          0.6670890205057223, 
          0.7347874627488424, 
          0.0
        ], 
        [
          -0.9852634860178824, 
          -0.006879731459422944, 
          0.17090503917361943, 
          0.0
        ], 
        [
          -6.409953320630736, 
          15.770176816166813, 
          56.84286842388715, 
          1.0
        ]
      ], 
      "projected_cuboid": [
        [
          340.5945193648103, 
          477.26947689254
        ], 
        [
          285.25305611252674, 
          410.1045480246751
        ], 
        [
          512.385357888533, 
          422.4853434113699
        ], 
        [
          524.5196065368796, 
          491.2821420598033
        ], 
        [
          357.36227629331995, 
          420.3870853612029
        ], 
        [
          310.4382570800224, 
          346.5115535712575
        ], 
        [
          518.5123929679856, 
          353.2384368939242
        ], 
        [
          528.5798417528009, 
          430.0854628330692
        ]
      ], 
      "projected_cuboid_centroid": [
        420.95547329477694, 
        421.24782774982725
      ], 
      "quaternion_xyzw": [
        0.6656449908011799, 
        0.62058324232817, 
        0.23125068754835215, 
        -0.3439713724587663
      ], 
      "visibility": 0.9616943340347596
    }, 
    {
      "bounding_box": {
        "bottom_right": [
          491, 
          398
        ], 
        "top_left": [
          421, 
          311
        ]
      }, 
      "class": "005_tomato_soup_can", 
      "cuboid": [
        [
          -23.686994121515188, 
          27.00766173690917, 
          72.0674364452381
        ], 
        [
          -18.527370835700648, 
          24.637238829485035, 
          68.38820058899786
        ], 
        [
          -12.01091978478683, 
          30.06314921025956, 
          74.03087508287017
        ], 
        [
          -17.170543070601372, 
          32.433572117683696, 
          77.71011093911041
        ], 
        [
          -23.039698061369403, 
          21.79114908420747, 
          76.33602523030855
        ], 
        [
          -17.880074775554863, 
          19.420726176783333, 
          72.65678937406831
        ], 
        [
          -11.363623724641046, 
          24.846636557557854, 
          78.29946386794062
        ], 
        [
          -16.523247010455588, 
          27.21705946498199, 
          81.97869972418086
        ]
      ], 
      "cuboid_centroid": [
        -17.525308923078118, 
        25.927149147233514, 
        75.18345015658936
      ], 
      "location": [
        -17.525308923078118, 
        25.927149147233514, 
        75.18345015658936
      ], 
      "pose_transform_permuted": [
        [
          -0.09559264886914393, 
          0.7703743202435861, 
          -0.6303849722275537, 
          0.0
        ], 
        [
          -0.7625922911709991, 
          0.3503484917177279, 
          0.5437910378229859, 
          0.0
        ], 
        [
          -0.639777228233535, 
          -0.5327092733350139, 
          -0.5539909099765962, 
          0.0
        ], 
        [
          -17.525308923078118, 
          25.927149147233514, 
          75.18345015658936, 
          1.0
        ]
      ], 
      "projected_cuboid": [
        [
          304.84576841285514, 
          473.1509373610446
        ], 
        [
          335.9088758980783, 
          465.41795582638395
        ], 
        [
          394.3491408054429, 
          489.8619355798012
        ], 
        [
          362.7746904163445, 
          495.8760949067591
        ], 
        [
          319.28942259342796, 
          425.52981383116526
        ], 
        [
          349.2589774654809, 
          415.83967965906186
        ], 
        [
          403.5512224383426, 
          442.5239400973818
        ], 
        [
          373.20784446768226, 
          450.3494928446597
        ]
      ], 
      "projected_cuboid_centroid": [
        356.2439425784495, 
        457.2027635233512
      ], 
      "quaternion_xyzw": [
        0.28943193614920526, 
        0.855231918360974, 
        0.3871362848449015, 
        -0.18690359683882277
      ], 
      "visibility": 0.2411173731928449
    }, 
    {
      "bounding_box": {
        "bottom_right": [
          522, 
          518
        ], 
        "top_left": [
          430, 
          427
        ]
      }, 
      "class": "010_potted_meat_can", 
      "cuboid": [
        [
          4.010512218815789, 
          27.90444483970359, 
          62.11914660281885
        ], 
        [
          -5.751800074179068, 
          25.086625274284515, 
          61.839549985882236
        ], 
        [
          -4.162129006394357, 
          19.030432154843197, 
          67.37035387760363
        ], 
        [
          5.6001832866005, 
          21.848251720262276, 
          67.64995049454026
        ], 
        [
          2.8385290583916194, 
          31.536701529145088, 
          66.43329625625579
        ], 
        [
          -6.923783234603238, 
          28.718881963726005, 
          66.15369963931916
        ], 
        [
          -5.334112166818527, 
          22.662688844284695, 
          71.68450353104056
        ], 
        [
          4.42820012617633, 
          25.480508409703774, 
          71.96410014797718
        ]
      ], 
      "cuboid_centroid": [
        -0.6617999740013689, 
        25.283566841994144, 
        66.9018250669297
      ], 
      "location": [
        -0.6617999740013689, 
        25.283566841994144, 
        66.9018250669297
      ],