{
  "camera_data": {
    "location_worldframe": [
      -20.060116131296084, 
      14.889191556868461, 
      70.8420205552197
    ], 
    "quaternion_xyzw_worldframe": [
      0.8996984095013755, 
      0.014469490470815232, 
      -0.061583006857714666, 
      -0.43190729929783916
    ]
  }, 
  "objects": [
    {
      "bounding_box": {
        "bottom_right": [
          472, 
          550
        ], 
        "top_left": [
          355, 
          323
        ]
      }, 
      "class": "003_cracker_box", 
      "cuboid": [
        [
          -13.363174222879037, 
          23.659809233850943, 
          62.46182289235992
        ], 
        [
          -15.160804276898554, 
          13.64920154591564, 
          49.5919209659934
        ], 
        [
          6.025583658983422, 
          13.092054372134882, 
          47.06603490295371
        ], 
        [
          7.823213713002937, 
          23.10266206007018, 
          59.93593682932023
        ], 
        [
          -12.991673844693299, 
          17.974942872304762, 
          66.83179765834097
        ], 
        [
          -14.789303898712813, 
          7.964335184369461, 
          53.961895731974465
        ], 
        [
          6.39708403716916, 
          7.407188010588701, 
          51.436009668934766
        ], 
        [
          8.194714091188676, 
          17.417795698524003, 
          64.30591159530128
        ]
      ], 
      "cuboid_centroid": [
        -3.483045092854939, 
        15.53349862221982, 
        56.948916280647346
      ], 
      "location": [
        -3.483045092854939, 
        15.53349862221982, 
        56.948916280647346
      ], 
      "pose_transform_permuted": [
        [
          -0.05174100098435497, 
          0.7917641361366994, 
          -0.6086315975570468, 
          0.0
        ], 
        [
          0.10958752823178214, 
          0.610268920552324, 
          0.7845778599119078, 
          0.0
        ], 
        [
          -0.9926295595403075, 
          0.026103588558032353, 
          0.11834339944081246, 
          0.0
        ], 
        [
          -3.483045092854939, 
          15.53349862221982, 
          56.948916280647346, 
          1.0
        ]
      ], 
      "projected_cuboid": [
        [
          366.5470444937741, 
          475.3017692732138
        ], 
        [
          317.1966009895634, 
          420.0722711672572
        ], 
        [
          550.4437880876769, 
          421.6365954060253
        ], 
        [
          551.7893954733678, 
          478.85773202328863
        ], 
        [
          377.05918489730897, 
          416.72707640882396
        ], 
        [
          334.212412253296, 
          352.0001536383141
        ], 
        [
          548.4786494757022, 
          350.08873254714916
        ], 
        [
          550.1261089058771, 
          417.74062177014457
        ]
      ], 
      "projected_cuboid_centroid": [
        448.70695555177696, 
        418.7558383903537
      ], 
      "quaternion_xyzw": [
        0.6603640500411234, 
        0.6068237966591356, 
        0.2774366877186592, 
        -0.34454765349538485
      ], 
      "visibility": 0.9575800298556975
    }, 
    {
      "bounding_box": {
        "bottom_right": [
          481, 
          414
        ], 
        "top_left": [
          416, 
          329
        ]
      }, 
      "class": "005_tomato_soup_can", 
      "cuboid": [
        [
          -21.093697753248843, 
          26.49493501983027, 
          71.99153941696383
        ], 
        [
          -15.841522785323969, 
          24.145747981213216, 
          68.43157143096994
        ], 
        [
          -9.427258718088408, 
          28.883238142240693, 
          74.76859097117084
        ], 
        [
          -14.67943368601328, 
          31.23242518085775, 
          78.32855895716474
        ], 
        [
          -20.899296166445545, 
          20.980887983364067, 
          75.91701263225816
        ], 
        [
          -15.647121198520672, 
          18.631700944747013, 
          72.35704464626426
        ], 
        [
          -9.232857131285108, 
          23.36919110577449, 
          78.69406418646517
        ], 
        [
          -14.485032099209983, 
          25.718378144391547, 
          82.25403217245906
        ]
      ], 
      "cuboid_centroid": [
        -15.163277442266976, 
        24.932063062802378, 
        75.3428018017145
      ], 
      "location": [
        -15.163277442266976, 
        24.932063062802378, 
        75.3428018017145
      ], 
      "pose_transform_permuted": [
        [
          -0.028709216340211778, 
          0.8143141827344702, 
          -0.5797136825309053, 
          0.0
        ], 
        [
          -0.7762714292403022, 
          0.3472098304334592, 
          0.5261632473049664, 
          0.0
        ], 
        [
          -0.6297446346226231, 
          -0.4651210145406935, 
          -0.6221608610292475, 
          0.0
        ], 
        [
          -15.163277442266976, 
          24.932063062802378, 
          75.3428018017145, 
          1.0
        ]
      ], 
      "projected_cuboid": [
        [
          324.0308919314998, 
          469.56332016110406
        ], 
        [
          357.10773233493893, 
          461.4657654844333
        ], 
        [
          413.79265472007785, 
          479.3088305854536
        ], 
        [
          380.81554901224735, 
          485.94031587090353
        ], 
        [
          333.55529181864085, 
          420.67798616776224
        ], 
        [
          365.30626695443055, 
          410.61457604876847
        ], 
        [
          418.5033860159505, 
          431.66248905757845
        ], 
        [
          386.8961911756364, 
          440.03963627388987
        ]
      ], 
      "projected_cuboid_centroid": [
        373.368216370953, 
        449.7699864632766
      ], 
      "quaternion_xyzw": [
        0.29082692703707025, 
        0.8398074372009189, 
        0.42762036275586407, 
        -0.16517847993064044
      ], 
      "visibility": 0.26401810409856674
    }, 
    {
      "bounding_box": {
        "bottom_right": [
          506, 
          537
        ], 
        "top_left": [
          420, 
          452
        ]
      }, 
      "class": "010_potted_meat_can", 
      "cuboid": [
        [
          7.12373390947974, 
          26.806099939853308, 
          63.58879935846328
        ], 
        [
          -2.716540266518244, 
          24.45590380117296, 
          62.60563867559467
        ], 
        [
          -1.6863619797004306, 
          17.978077642209726, 
          67.77969142407157
        ], 
        [
          8.153912196297554, 
          20.328273780890072, 
          68.76285210694019
        ], 
        [
          5.866916131230459, 
          30.190930993603793, 
          68.0767886887094
        ], 
        [
          -3.973358044767525, 
          27.84073485492345, 
          67.09362800584078
        ], 
        [
          -2.943179757949711, 
          21.36290869596022, 
          72.2676807543177
        ], 
        [
          6.897094418048273, 
          23.713104834640564, 
          73.25084143718631
        ]
      ], 
      "cuboid_centroid": [
        2.0902770757650146, 
        24.08450431790676, 
        67.9282400563905
      ], 
      "location": [
        2.0902770757650146, 
        24.08450431790676, 
        67.9282400563905
      ],