{
  "camera_data": {
    "location_worldframe": [
      -21.80324817413653, 
      10.497916357900115, 
      79.36609833412011
    ], 
    "quaternion_xyzw_worldframe": [
      0.940832618765692, 
      0.04075234999428251, 
      -0.12282228162215733, 
      -0.3131904614744133
    ]
  }, 
  "objects": [
    {
      "bounding_box": {
        "bottom_right": [
          420, 
          521
        ], 
        "top_left": [
          278, 
          321
        ]
      }, 
      "class": "003_cracker_box", 
      "cuboid": [
        [
          -16.7801219936988, 
          17.538355215308616, 
          68.54034652584929
        ], 
        [
          -18.16186143323681, 
          4.501650452173597, 
          58.68066900945789
        ], 
        [
          2.7278203888209744, 
          5.51029761783105, 
          54.41952228412732
        ], 
        [
          4.109559828358984, 
          18.54700238096607, 
          64.27919980051874
        ], 
        [
          -15.436949010275413, 
          13.193745146179255, 
          74.09666250127438
        ], 
        [
          -16.818688449813422, 
          0.15704038304423518, 
          64.23698498488297
        ], 
        [
          4.070993372244362, 
          1.1656875487016882, 
          59.975838259552404
        ], 
        [
          5.452732811782372, 
          14.202392311836709, 
          69.83551577594382
        ]
      ], 
      "cuboid_centroid": [
        -6.354564310727219, 
        9.352021382005153, 
        64.25809239270085
      ], 
      "location": [
        -6.354564310727219, 
        9.352021382005153, 
        64.25809239270085
      ], 
      "pose_transform_permuted": [
        [
          -0.18707145063180097, 
          0.6050989098887846, 
          -0.7738601822098865, 
          0.0
        ], 
        [
          0.08423391092108135, 
          0.7947465320158463, 
          0.6010678814407948, 
          0.0
        ], 
        [
          -0.978728215905444, 
          -0.04725737085567333, 
          0.1996442343028123, 
          0.0
        ], 
        [
          -6.354564310727219, 
          9.352021382005153, 
          64.25809239270085, 
          1.0
        ]
      ], 
      "projected_cuboid": [
        [
          349.9410988566072, 
          409.7543086748367
        ], 
        [
          315.1573242867003, 
          314.1998128854495
        ], 
        [
          508.5529039042373, 
          327.2882914945815
        ], 
        [
          515.9779172188877, 
          427.1695920578371
        ], 
        [
          369.56185128914115, 
          368.25009537115733
        ], 
        [
          340.7983457905972, 
          274.5903462415194
        ], 
        [
          518.0989974871175, 
          283.65211211298754
        ], 
        [
          523.585496811254, 
          381.7473098912918
        ]
      ], 
      "projected_cuboid_centroid": [
        428.4169028743694, 
        350.90502865771896
      ], 
      "quaternion_xyzw": [
        0.6728366670811153, 
        0.6589544070238242, 
        0.15382501098111365, 
        -0.29901132903573585
      ], 
      "visibility": 0.9753573397802944
    }, 
    {
      "bounding_box": {
        "bottom_right": [
          453, 
          400
        ], 
        "top_left": [
          379, 
          321
        ]
      }, 
      "class": "005_tomato_soup_can", 
      "cuboid": [
        [
          -24.172112252130777, 
          21.85361925021889, 
          77.77871560308797
        ], 
        [
          -18.91128263544821, 
          19.242213544039945, 
          74.41990246756285
        ], 
        [
          -12.731305919078384, 
          26.044652619598207, 
          78.81070235043094
        ], 
        [
          -17.99213553576095, 
          28.65605832577715, 
          82.16951548595608
        ], 
        [
          -23.05373673629373, 
          17.544327960392625, 
          82.88078297292054
        ], 
        [
          -17.792907119611158, 
          14.932922254213683, 
          79.52196983739542
        ], 
        [
          -11.612930403241332, 
          21.73536132977194, 
          83.91276972026351
        ], 
        [
          -16.873760019923903, 
          24.346767035950887, 
          87.27158285578864
        ]
      ], 
      "cuboid_centroid": [
        -17.892521327686055, 
        21.794490289995416, 
        80.84574266167574
      ], 
      "location": [
        -17.892521327686055, 
        21.794490289995416, 
        80.84574266167574
      ], 
      "pose_transform_permuted": [
        [
          -0.16516163865601313, 
          0.6363959160363895, 
          -0.7534730467558783, 
          0.0
        ], 
        [
          -0.7775505862755757, 
          0.3859657479504607, 
          0.4964325615936884, 
          0.0
        ], 
        [
          -0.6067425878373504, 
          -0.6678551842076458, 
          -0.4310833852416579, 
          0.0
        ], 
        [
          -17.892521327686055, 
          21.794490289995416, 
          80.84574266167574, 
          1.0
        ]
      ], 
      "projected_cuboid": [
        [
          314.47047022154186, 
          423.1342568456039
        ], 
        [
          344.942666247933, 
          411.1831082043071
        ], 
        [
          394.72513396225736, 
          449.5332007399919
        ], 
        [
          363.8463066987618, 
          459.27810664589384
        ], 
        [
          332.015107537027, 
          386.18042410593733
        ], 
        [
          361.27327379331166, 
          373.43521247263556
        ], 
        [
          407.1743545042255, 
          411.4287287720814
        ], 
        [
          377.6216318870454, 
          422.0704516252915
        ]
      ], 
      "projected_cuboid_centroid": [
        362.5808557401745, 
        417.0594577940442
      ], 
      "quaternion_xyzw": [
        0.2775190364594374, 
        0.8942704872183668, 
        0.29842181882755847, 
        -0.18495360455973278
      ], 
      "visibility": 0.5907657011757959
    }, 
    {
      "bounding_box": {
        "bottom_right": [
          473, 
          513
        ], 
        "top_left": [
          386, 
          426
        ]
      }, 
      "class": "010_potted_meat_can", 
      "cuboid": [
        [
          3.198277861196825, 
          22.95309862441051, 
          66.98170913279836
        ], 
        [
          -6.3234885853980325, 
          19.43417572723585, 
          67.50531973015073
        ], 
        [
          -4.179467621507514, 
          14.594456220296054, 
          73.9686478274196
        ], 
        [
          5.342298825087344, 
          18.113379117470718, 
          73.44503723006721
        ], 
        [
          1.8274340546278505, 
          27.203696325920994, 
          70.61928069312063
        ], 
        [
          -7.6943323919670075, 
          23.684773428746333, 
          71.14289129047302
        ], 
        [
          -5.550311428076489, 
          18.84505392180654, 
          77.60621938774189
        ], 
        [
          3.9714550185183697, 
          22.3639768189812, 
          77.0826087903895
        ]
      ], 
      "cuboid_centroid": [
        -1.1760167834398316, 
        20.899076273108523, 
        72.29396426027012
      ], 
      "location": [
        -1.1760167834398316, 
        20.899076273108523, 
        72.29396426027012
      ],