{
  "camera_data": {
    "location_worldframe": [
      -16.175765101124963, 
      3.5964386090169955, 
      70.97048260699346
    ], 
    "quaternion_xyzw_worldframe": [
      -0.8451368700058426, 
      -0.036590461326606594, 
      -0.05815037428813093, 
      0.5301186823523739
    ]
  }, 
  "objects": [
    {
      "bounding_box": {
        "bottom_right": [
          371, 
          619
        ], 
        "top_left": [
          259, 
          409
        ]
      }, 
      "class": "003_cracker_box", 
      "cuboid": [
        [
          -7.321439765260389, 
          13.279309231104069, 
          66.51631896679957
        ], 
        [
          -6.5759041988878675, 
          6.551763290085944, 
          51.574350621968954
        ], 
        [
          14.571737183921012, 
          4.465451807306865, 
          53.56887198994894
        ], 
        [
          13.82620161754849, 
          11.192997748324991, 
          68.51084033477957
        ], 
        [
          -8.235912720130917, 
          6.768661388784503, 
          69.40207734598737
        ], 
        [
          -7.490377153758397, 
          0.04111544776637527, 
          54.460109001156745
        ], 
        [
          13.657264229050481, 
          -2.0451960350127045, 
          56.45463036913674
        ], 
        [
          12.911728662677962, 
          4.682349906005423, 
          71.39659871396735
        ]
      ], 
      "cuboid_centroid": [
        3.1679122318950466, 
        5.617056598045683, 
        61.485474667968155
      ], 
      "location": [
        3.1679122318950466, 
        5.617056598045683, 
        61.485474667968155
      ], 
      "pose_transform_permuted": [
        [
          0.12736392433621124, 
          0.906775487183551, 
          -0.4019162184096494, 
          0.0
        ], 
        [
          -0.04544950711352502, 
          0.41012617089563397, 
          0.9108956396040231, 
          0.0
        ], 
        [
          -0.9908141970525135, 
          0.09774834929306092, 
          -0.0934477775533703, 
          0.0
        ], 
        [
          3.1679122318950466, 
          5.617056598045683, 
          61.485474667968155, 
          1.0
        ]
      ], 
      "projected_cuboid": [
        [
          422.4054763433428, 
          379.75838991100574
        ], 
        [
          413.03033738481696, 
          341.0369531542099
        ], 
        [
          627.8789608879932, 
          317.74356699990284
        ], 
        [
          590.1234526304423, 
          360.41793009985685
        ], 
        [
          417.7808595033661, 
          325.3002500854273
        ], 
        [
          407.63366016164514, 
          273.6891753221757
        ], 
        [
          611.6906546432521, 
          253.9658358571937
        ], 
        [
          578.8490840255826, 
          308.26283860517543
        ]
      ], 
      "projected_cuboid_centroid": [
        509.30425067161985, 
        322.00839138983235
      ], 
      "quaternion_xyzw": [
        0.6029541982168266, 
        0.580865168569719, 
        0.430488570695244, 
        -0.33722615749069806
      ], 
      "visibility": 0.9850109350829466
    }, 
    {
      "bounding_box": {
        "bottom_right": [
          378, 
          436
        ], 
        "top_left": [
          325, 
          359
        ]
      }, 
      "class": "005_tomato_soup_can", 
      "cuboid": [
        [
          -16.89691274552778, 
          14.714312312792172, 
          74.56996449385555
        ], 
        [
          -11.08275983116267, 
          12.691787901032981, 
          71.76240067630441
        ], 
        [
          -6.08491739617097, 
          15.270946457229662, 
          80.25439251214263
        ], 
        [
          -11.899070310536077, 
          17.29347086898885, 
          83.06195632969379
        ], 
        [
          -17.87302423834784, 
          8.484177258815393, 
          77.03663638612271
        ], 
        [
          -12.058871323982732, 
          6.4616528470562, 
          74.22907256857155
        ], 
        [
          -7.06102888899103, 
          9.040811403252881, 
          82.72106440440979
        ], 
        [
          -12.875181803356137, 
          11.063335815012074, 
          85.52862822196093
        ]
      ], 
      "cuboid_centroid": [
        -11.978970817259405, 
        11.877561858022528, 
        78.64551444913268
      ], 
      "location": [
        -11.978970817259405, 
        11.877561858022528, 
        78.64551444913268
      ], 
      "pose_transform_permuted": [
        [
          0.14415209505410675, 
          0.9200660243289843, 
          -0.36427797817860064, 
          0.0
        ], 
        [
          -0.8593317664051644, 
          0.29892909611311475, 
          0.41495791565277634, 
          0.0
        ], 
        [
          -0.49068208373306804, 
          -0.25321864606455124, 
          -0.833733416619851, 
          0.0
        ], 
        [
          -11.978970817259405, 
          11.877561858022528, 
          78.64551444913268, 
          1.0
        ]
      ], 
      "projected_cuboid": [
        [
          359.74436676542155, 
          378.5223519257343
        ], 
        [
          398.5464827372362, 
          367.60861986951386
        ], 
        [
          440.8236045702318, 
          374.7675229376961
        ], 
        [
          404.5594920815114, 
          384.3234925990617
        ], 
        [
          356.8321549542117, 
          332.021940920661
        ], 
        [
          394.2347073083832, 
          319.7120944883576
        ], 
        [
          435.69380018032973, 
          331.5744940640546
        ], 
        [
          400.6439468505499, 
          342.27272153195827
        ]
      ], 
      "projected_cuboid_centroid": [
        399.687000601561, 
        353.8319623909507
      ], 
      "quaternion_xyzw": [
        0.2508622623272859, 
        0.7868971328338152, 
        0.5571882803260958, 
        -0.08603596623342287
      ], 
      "visibility": 0.7121771217712177
    }, 
    {
      "bounding_box": {
        "bottom_right": [
          385, 
          567
        ], 
        "top_left": [
          316, 
          491
        ]
      }, 
      "class": "010_potted_meat_can", 
      "cuboid": [
        [
          12.479646317072412, 
          14.059199802862976, 
          72.69645072498787
        ], 
        [
          3.031005438948818, 
          12.966716522424825, 
          69.11166502488885
        ], 
        [
          2.533963561008999, 
          5.445348593977175, 
          72.71392747353052
        ], 
        [
          11.982604439132594, 
          6.537831874415323, 
          76.29871317362952
        ], 
        [
          10.383824096572715, 
          16.488773435796116, 
          77.48011266964659
        ], 
        [
          0.9351832184491204, 
          15.396290155357967, 
          73.89532696954757
        ], 
        [
          0.43814134050930154, 
          7.874922226910313, 
          77.49758941818922
        ], 
        [
          9.886782218632897, 
          8.967405507348463, 
          81.08237511828824
        ]
      ], 
      "cuboid_centroid": [
        6.458893828790857, 
        10.967061014886644, 
        75.09702007158855
      ], 
      "location": [
        6.458893828790857, 
        10.967061014886644, 
        75.09702007158855
      ],