{
  "camera_data": {
    "location_worldframe": [
      -22.21516987088083, 
      10.950476035288103, 
      78.32519564960192
    ], 
    "quaternion_xyzw_worldframe": [
      0.9382990672835801, 
      0.040960071584453195, 
      -0.12289262350575794, 
      -0.3206475238241337
    ]
  }, 
  "objects": [
    {
      "bounding_box": {
        "bottom_right": [
          428, 
          518
        ], 
        "top_left": [
          284, 
          314
        ]
      }, 
      "class": "003_cracker_box", 
      "cuboid": [
        [
          -17.196840901216664, 
          18.153692564698716, 
          67.60480356421829
        ], 
        [
          -18.60627837493405, 
          5.27466973215973, 
          57.54387057697616
        ], 
        [
          2.2793729769512843, 
          6.325274031164478, 
          53.2731159175748
        ], 
        [
          3.6888104506686683, 
          19.204296863703462, 
          63.33404890481692
        ], 
        [
          -15.852089678538722, 
          13.72099852967817, 
          73.09071873636069
        ], 
        [
          -17.261527152256107, 
          0.8419756971391843, 
          63.02978574911856
        ], 
        [
          3.6241241996292266, 
          1.8925799961439338, 
          58.7590310897172
        ], 
        [
          5.033561673346611, 
          14.77160282868292, 
          68.81996407695932
        ]
      ], 
      "cuboid_centroid": [
        -6.786358350793718, 
        10.023136280421324, 
        63.18191732696774
      ], 
      "location": [
        -6.786358350793718, 
        10.023136280421324, 
        63.18191732696774
      ], 
      "pose_transform_permuted": [
        [
          -0.18729126111819183, 
          0.6173668720053749, 
          -0.7640550561700745, 
          0.0
        ], 
        [
          0.08592244471912847, 
          0.7851338906482876, 
          0.6133368627833893, 
          0.0
        ], 
        [
          -0.9785393793824779, 
          -0.049223156194832696, 
          0.20009438745745392, 
          0.0
        ], 
        [
          -6.786358350793718, 
          10.023136280421324, 
          63.18191732696774, 
          1.0
        ]
      ], 
      "projected_cuboid": [
        [
          344.8043891549231, 
          416.4970680205545
        ], 
        [
          307.7160472767817, 
          322.17245119364844
        ], 
        [
          504.6061375520752, 
          336.6091436079447
        ], 
        [
          512.9184446315378, 
          435.00093609038504
        ], 
        [
          364.9655243085807, 
          373.4042730790313
        ], 
        [
          334.3233938893171, 
          280.4108225161449
        ], 
        [
          514.7651379948069, 
          290.4643225014079
        ], 
        [
          520.9296724594927, 
          387.75891774834656
        ]
      ], 
      "projected_cuboid_centroid": [
        423.83593289102737, 
        357.8919929801911
      ], 
      "quaternion_xyzw": [
        0.6709609423607253, 
        0.6571445365453816, 
        0.15874456125798778, 
        -0.3045860078630856
      ], 
      "visibility": 0.9737453338863542
    }, 
    {
      "bounding_box": {
        "bottom_right": [
          458, 
          397
        ], 
        "top_left": [
          383, 
          317
        ]
      }, 
      "class": "005_tomato_soup_can", 
      "cuboid": [
        [
          -24.57234801861858, 
          22.332434798046865, 
          76.91881076914272
        ], 
        [
          -19.318767607216117, 
          19.767753105570122, 
          73.51297836360551
        ], 
        [
          -13.125266981097186, 
          26.493277058318682, 
          78.00210865334084
        ], 
        [
          -18.37884739249965, 
          29.057958750795425, 
          81.40794105887805
        ], 
        [
          -23.452905876171112, 
          17.94243438893348, 
          81.95136403354077
        ], 
        [
          -18.19932546476865, 
          15.377752696456737, 
          78.54553162800354
        ], 
        [
          -12.005824838649717, 
          22.1032766492053, 
          83.03466191773889
        ], 
        [
          -17.259405250052183, 
          24.66795834168204, 
          86.4404943232761
        ]
      ], 
      "cuboid_centroid": [
        -18.28908642863415, 
        22.21785572362608, 
        79.9767363434408
      ], 
      "location": [
        -18.28908642863415, 
        22.21785572362608, 
        79.9767363434408
      ], 
      "pose_transform_permuted": [
        [
          -0.1653191580189782, 
          0.6483150346214984, 
          -0.7432072072407142, 
          0.0
        ], 
        [
          -0.7764791537779898, 
          0.3790599390012243, 
          0.5033820094237816, 
          0.0
        ], 
        [
          -0.6080703488266621, 
          -0.6603037511199176, 
          -0.4407373448379279, 
          0.0
        ], 
        [
          -18.28908642863415, 
          22.21785572362608, 
          79.9767363434408, 
          1.0
        ]
      ], 
      "projected_cuboid": [
        [
          309.8039216809425, 
          428.12934819385157
        ], 
        [
          340.27592664444865, 
          416.6969953070511
        ], 
        [
          391.1085370820821, 
          454.42758303156825
        ], 
        [
          360.1902052499278, 
          463.6509944116778
        ], 
        [
          327.6993391210975, 
          390.0515454005337
        ], 
        [
          356.99491566775646, 
          377.7005827806342
        ], 
        [
          403.84278609450314, 
          415.2526761822383
        ], 
        [
          374.222774392556, 
          425.48262806009313
        ]
      ], 
      "projected_cuboid_centroid": [
        358.6211507322534, 
        421.444841198477
      ], 
      "quaternion_xyzw": [
        0.2767780192431602, 
        0.8916263387959418, 
        0.3053555991095132, 
        -0.18749478855284227
      ], 
      "visibility": 0.5578593443541608
    }, 
    {
      "bounding_box": {
        "bottom_right": [
          480, 
          511
        ], 
        "top_left": [
          391, 
          422
        ]
      }, 
      "class": "010_potted_meat_can", 
      "cuboid": [
        [
          2.7861190573557666, 
          23.56858686904667, 
          66.10637019206594
        ], 
        [
          -6.7392158271076, 
          20.0531388091801, 
          66.58662320311859
        ], 
        [
          -4.5931009159475416, 
          15.110242028834236, 
          72.97068798187387
        ], 
        [
          4.932233968515825, 
          18.625690088700804, 
          72.49043497082121
        ], 
        [
          1.4248269969718703, 
          27.763298995168668, 
          69.8117709158556
        ], 
        [
          -8.100507887491496, 
          24.2478509353021, 
          70.29202392690826
        ], 
        [
          -5.954392976331438, 
          19.304954154956235, 
          76.67608870566353
        ], 
        [
          3.570941908131929, 
          22.820402214822803, 
          76.19583569461088
        ]
      ], 
      "cuboid_centroid": [
        -1.5841369594878356, 
        21.436770512001452, 
        71.39122944886473
      ], 
      "location": [
        -1.5841369594878356, 
        21.436770512001452, 
        71.39122944886473
      ],