{
  "camera_data": {
    "location_worldframe": [
      -22.50754848304662, 
      15.565177923239418, 
      72.23832219251123
    ], 
    "quaternion_xyzw_worldframe": [
      0.9131388701993675, 
      0.02359102870243524, 
      -0.10077794141517052, 
      -0.3942909251288457
    ]
  }, 
  "objects": [
    {
      "bounding_box": {
        "bottom_right": [
          485, 
          522
        ], 
        "top_left": [
          350, 
          290
        ]
      }, 
      "class": "003_cracker_box", 
      "cuboid": [
        [
          -16.813987659828562, 
          23.966584015461866, 
          62.80454250816033
        ], 
        [
          -18.778991213098728, 
          12.868758944265482, 
          50.88585317535544
        ], 
        [
          2.223937100494798, 
          13.212897871516283, 
          47.10271720116715
        ], 
        [
          4.188940653764965, 
          24.310722942712665, 
          59.02140653397203
        ], 
        [
          -15.86886744341745, 
          18.680510930205802, 
          67.57073350819432
        ], 
        [
          -17.83387099668762, 
          7.582685859009418, 
          55.65204417538945
        ], 
        [
          3.169057316905906, 
          7.926824786260217, 
          51.868908201201144
        ], 
        [
          5.134060870176073, 
          19.024649857456602, 
          63.78759753400603
        ]
      ], 
      "cuboid_centroid": [
        -6.822465171461327, 
        15.946704400861043, 
        57.33672535468074
      ], 
      "location": [
        -6.822465171461327, 
        15.946704400861043, 
        57.33672535468074
      ], 
      "pose_transform_permuted": [
        [
          -0.13163234526564016, 
          0.73622189577116, 
          -0.6638149183823655, 
          0.0
        ], 
        [
          0.11979098919048725, 
          0.6765481115437063, 
          0.7265898235424231, 
          0.0
        ], 
        [
          -0.9840340667825641, 
          -0.016123676806610587, 
          0.177248363765661, 
          0.0
        ], 
        [
          -6.822465171461327, 
          15.946704400861043, 
          57.33672535468074, 
          1.0
        ]
      ], 
      "projected_cuboid": [
        [
          337.62726694361896, 
          476.80443790884226
        ], 
        [
          283.13983324232504, 
          408.16019593966547
        ], 
        [
          506.98739522442986, 
          422.8893125989761
        ], 
        [
          519.763925659179, 
          492.95911760615144
        ], 
        [
          355.304139137811, 
          420.727327587681
        ], 
        [
          309.2689136374935, 
          345.9522400516026
        ], 
        [
          514.4530719572705, 
          354.7906805880287
        ], 
        [
          524.8799847264892, 
          432.3490944062426
        ]
      ], 
      "projected_cuboid_centroid": [
        417.6088266779842, 
        421.61537419262964
      ], 
      "quaternion_xyzw": [
        0.6647334486029424, 
        0.624529343986031, 
        0.22375791361454495, 
        -0.34354757589551277
      ], 
      "visibility": 0.9625914562190229
    }, 
    {
      "bounding_box": {
        "bottom_right": [
          492, 
          395
        ], 
        "top_left": [
          421, 
          309
        ]
      }, 
      "class": "005_tomato_soup_can", 
      "cuboid": [
        [
          -24.130696368072414, 
          27.156270380549184, 
          72.54624764237727
        ], 
        [
          -18.96752869471257, 
          24.80367048459054, 
          68.86055001455811
        ], 
        [
          -12.47810512408961, 
          30.36521823214542, 
          74.40139666246851
        ], 
        [
          -17.641272797449453, 
          32.717818128104064, 
          78.08709429028768
        ], 
        [
          -23.39741333729806, 
          21.995103029814988, 
          76.86787861179151
        ], 
        [
          -18.23424566393822, 
          19.642503133856344, 
          73.18218098397233
        ], 
        [
          -11.744822093315262, 
          25.20405088141122, 
          78.72302763188274
        ], 
        [
          -16.9079897666751, 
          27.556650777369867, 
          82.40872525970191
        ]
      ], 
      "cuboid_centroid": [
        -17.937759230693835, 
        26.180160630980204, 
        75.63463763713001
      ], 
      "location": [
        -17.937759230693835, 
        26.180160630980204, 
        75.63463763713001
      ], 
      "pose_transform_permuted": [
        [
          -0.10829120026889531, 
          0.762200928895669, 
          -0.6382182392832582, 
          0.0
        ], 
        [
          -0.7631161516292615, 
          0.34771425072839024, 
          0.5447460876241895, 
          0.0
        ], 
        [
          -0.6371237031335196, 
          -0.5460259848219304, 
          -0.5439935760693064, 
          0.0
        ], 
        [
          -17.937759230693835, 
          26.180160630980204, 
          75.63463763713001, 
          1.0
        ]
      ], 
      "projected_cuboid": [
        [
          302.7233071421549, 
          472.9243038274706
        ], 
        [
          333.47082792516716, 
          465.38902919243503
        ], 
        [
          391.40688118731055, 
          490.9486553195877
        ], 
        [
          360.1065484831515, 
          496.74283744986195
        ], 
        [
          317.9098797296869, 
          425.89149328285396
        ], 
        [
          347.60651186120015, 
          416.4324710888466
        ], 
        [
          401.36714264704796, 
          444.0347207514618
        ], 
        [
          371.2627752344531, 
          451.6232548747658
        ]
      ], 
      "projected_cuboid_centroid": [
        354.05918730742457, 
        457.8896879569125
      ], 
      "quaternion_xyzw": [
        0.2868257654209383, 
        0.8583939037141471, 
        0.3804181563129874, 
        -0.190191613974507
      ], 
      "visibility": 0.24425784144233145
    }, 
    {
      "bounding_box": {
        "bottom_right": [
          524, 
          515
        ], 
        "top_left": [
          432, 
          424
        ]
      }, 
      "class": "010_potted_meat_can", 
      "cuboid": [
        [
          3.4920468688627406, 
          28.25579694968305, 
          62.41231976057405
        ], 
        [
          -6.239129159081233, 
          25.324834114953276, 
          62.226060124525695
        ], 
        [
          -4.546114755459172, 
          19.348759198412232, 
          67.81305857748931
        ], 
        [
          5.1850612724848, 
          22.279722033142, 
          67.99931821353768
        ], 
        [
          2.305799766012357, 
          31.922223760152455, 
          66.69354069308973
        ], 
        [
          -7.425376261931616, 
          28.99126092542269, 
          66.50728105704137
        ], 
        [
          -5.732361858309556, 
          23.015186008881646, 
          72.094279510005
        ], 
        [
          3.9988141696344175, 
          25.946148843611418, 
          72.28053914605334
        ]
      ], 
      "cuboid_centroid": [
        -1.1201574947234074, 
        25.635491479282347, 
        67.25329963528952
      ], 
      "location": [
        -1.1201574947234074, 
        25.635491479282347, 
        67.25329963528952
      ],