{
  "camera_data": {
    "location_worldframe": [
      -13.250108110361092, 
      -0.35857135978792365, 
      69.2925058185327
    ], 
    "quaternion_xyzw_worldframe": [
      -0.833223987638852, 
      -0.06388907117724758, 
      -0.10442485691183906, 
      0.5392162574336787
    ]
  }, 
  "objects": [
    {
      "bounding_box": {
        "bottom_right": [
          340, 
          659
        ], 
        "top_left": [
          226, 
          442
        ]
      }, 
      "class": "003_cracker_box", 
      "cuboid": [
        [
          -3.972674680141497, 
          9.423454704333032, 
          66.09294362305664
        ], 
        [
          -1.6182672145795343, 
          3.1169410667706434, 
          51.134241576672345
        ], 
        [
          19.19257018780127, 
          0.9223166611669451, 
          55.33498168722338
        ], 
        [
          16.838162722239307, 
          7.228830298729336, 
          70.29368373360768
        ], 
        [
          -5.1892029791157865, 
          2.8365390749995694, 
          68.67848010989644
        ], 
        [
          -2.834795513553824, 
          -3.4699745625628204, 
          53.719778063512145
        ], 
        [
          17.97604188882698, 
          -5.664598968166519, 
          57.92051817406318
        ], 
        [
          15.621634423265018, 
          0.6419146693958708, 
          72.87922022044748
        ]
      ], 
      "cuboid_centroid": [
        7.001683604342741, 
        1.8794278680832572, 
        62.006730898559915
      ], 
      "location": [
        7.001683604342741, 
        1.8794278680832572, 
        62.006730898559915
      ], 
      "pose_transform_permuted": [
        [
          0.16943291477150102, 
          0.9173977418962707, 
          -0.3601025833782047, 
          0.0
        ], 
        [
          -0.14352991819672217, 
          0.384459104783628, 
          0.9119157632870558, 
          0.0
        ], 
        [
          -0.9750341788750154, 
          0.10282305146510201, 
          -0.19681404958216148, 
          0.0
        ], 
        [
          7.001683604342741, 
          1.8794278680832572, 
          62.006730898559915, 
          1.0
        ]
      ], 
      "projected_cuboid": [
        [
          449.27347478213886, 
          349.32662122556894
        ], 
        [
          464.5782212219, 
          305.79558982698967
        ], 
        [
          668.1169403088203, 
          282.17584312416983
        ], 
        [
          610.4131669128477, 
          328.1318179121846
        ], 
        [
          440.9647394628276, 
          295.31355189768306
        ], 
        [
          453.21923360683365, 
          238.83730058636388
        ], 
        [
          648.4959301000351, 
          221.12813788813142
        ], 
        [
          596.8665913065023, 
          277.9839766049292
        ]
      ], 
      "projected_cuboid_centroid": [
        542.3203720842969, 
        289.4514877003
      ], 
      "quaternion_xyzw": [
        0.5743247593144893, 
        0.5917789811470632, 
        0.47070436217535194, 
        -0.3136656049680818
      ], 
      "visibility": 0.9856574539363484
    }, 
    {
      "bounding_box": {
        "bottom_right": [
          351, 
          448
        ], 
        "top_left": [
          297, 
          373
        ]
      }, 
      "class": "005_tomato_soup_can", 
      "cuboid": [
        [
          -14.360772393690146, 
          10.655444060290932, 
          73.10578845769086
        ], 
        [
          -8.276928706455463, 
          8.698092473702705, 
          70.88474940959205
        ], 
        [
          -4.2243456215942405, 
          11.024865481435453, 
          79.93500415262179
        ], 
        [
          -10.308189308828924, 
          12.98221706802368, 
          82.15604320072062
        ], 
        [
          -15.593591154810166, 
          4.360873008622701, 
          75.27612940764257
        ], 
        [
          -9.50974746757548, 
          2.403521422034474, 
          73.05509035954375
        ], 
        [
          -5.457164382714258, 
          4.730294429767222, 
          82.1053451025735
        ], 
        [
          -11.54100806994894, 
          6.6876460163554485, 
          84.32638415067233
        ]
      ], 
      "cuboid_centroid": [
        -9.908968388202203, 
        7.692869245029077, 
        77.60556678013218
      ], 
      "location": [
        -9.908968388202203, 
        7.692869245029077, 
        77.60556678013218
      ], 
      "pose_transform_permuted": [
        [
          0.18206261123309922, 
          0.9295819291538407, 
          -0.3205158398590149, 
          0.0
        ], 
        [
          -0.8991920610425123, 
          0.2892965529377524, 
          0.328269558191698, 
          0.0
        ], 
        [
          -0.39787767190471485, 
          -0.2284397402796589, 
          -0.8885429889772612, 
          0.0
        ], 
        [
          -9.908968388202203, 
          7.692869245029077, 
          77.60556678013218, 
          1.0
        ]
      ], 
      "projected_cuboid": [
        [
          375.9596520900632, 
          351.01987626594945
        ], 
        [
          418.8045153699852, 
          338.7288664243919
        ], 
        [
          453.1777164329201, 
          346.8435074894459
        ], 
        [
          414.12335587455453, 
          357.56117348743277
        ], 
        [
          370.1982458957, 
          304.18264001965764
        ], 
        [
          411.5951023511761, 
          290.83281759910034
        ], 
        [
          445.8543700097974, 
          304.01241399363136
        ], 
        [
          407.9980534252135, 
          315.5823463664604
        ]
      ], 
      "projected_cuboid_centroid": [
        412.93335239113475, 
        326.153335936442
      ], 
      "quaternion_xyzw": [
        0.2195927830481326, 
        0.7823278790221505, 
        0.5809983789672745, 
        -0.046721761706020944
      ], 
      "visibility": 0.8800383877159309
    }, 
    {
      "bounding_box": {
        "bottom_right": [
          354, 
          583
        ], 
        "top_left": [
          287, 
          507
        ]
      }, 
      "class": "010_potted_meat_can", 
      "cuboid": [
        [
          15.047019353045393, 
          9.979555909661679, 
          74.38915901579891
        ], 
        [
          6.040118975762105, 
          9.012040677067592, 
          69.77822824795908
        ], 
        [
          5.161928719751176, 
          1.3936169896828068, 
          73.09224745220979
        ], 
        [
          14.168829097034463, 
          2.3611322222768925, 
          77.70317822004962
        ], 
        [
          12.446776194428143, 
          12.278897739964608, 
          78.98594953550324
        ], 
        [
          3.439875817144855, 
          11.31138250737052, 
          74.3750187676634
        ], 
        [
          2.561685561133925, 
          3.6929588199857353, 
          77.68903797191412
        ], 
        [
          11.568585938417213, 
          4.660474052579821, 
          82.29996873975396
        ]
      ], 
      "cuboid_centroid": [
        8.80435245708966, 
        6.836257364823707, 
        76.03909849385651
      ], 
      "location": [
        8.80435245708966, 
        6.836257364823707, 
        76.03909849385651
      ],