{
  "camera_data": {
    "location_worldframe": [
      -15.293241166014438, 
      10.256312227924916, 
      76.03743809975397
    ], 
    "quaternion_xyzw_worldframe": [
      -0.8630881560744519, 
      -0.018208594193001807, 
      0.00220694919326211, 
      0.5047284003757976
    ]
  }, 
  "objects": [
    {
      "bounding_box": {
        "bottom_right": [
          416, 
          603
        ], 
        "top_left": [
          318, 
          405
        ]
      }, 
      "class": "003_cracker_box", 
      "cuboid": [
        [
          -7.359626986207115, 
          19.84056067470893, 
          69.93859664583744
        ], 
        [
          -8.202064502810416, 
          12.164781036542262, 
          55.466180756840835
        ], 
        [
          13.088361342728843, 
          10.736839026957803, 
          54.98420972114146
        ], 
        [
          13.930798859332144, 
          18.41261866512447, 
          69.45662561013806
        ], 
        [
          -7.707564960135883, 
          13.51334226449934, 
          73.31463632136641
        ], 
        [
          -8.550002476739186, 
          5.837562626332672, 
          58.84222043236981
        ], 
        [
          12.740423368800075, 
          4.409620616748213, 
          58.36024939667044
        ], 
        [
          13.582860885403376, 
          12.085400254914878, 
          72.83266528566705
        ]
      ], 
      "cuboid_centroid": [
        2.6903981912964796, 
        12.12509064572857, 
        64.14942302125394
      ], 
      "location": [
        2.6903981912964796, 
        12.12509064572857, 
        64.14942302125394
      ], 
      "pose_transform_permuted": [
        [
          0.048459329003811225, 
          0.8812282119056319, 
          -0.4702005231537953, 
          0.0
        ], 
        [
          0.051356865628635395, 
          0.46793260711104934, 
          0.8822706770345812, 
          0.0
        ], 
        [
          -0.9975039678042901, 
          0.06690227009495742, 
          0.022581418707394912, 
          0.0
        ], 
        [
          2.6903981912964796, 
          12.12509064572857, 
          64.14942302125394, 
          1.0
        ]
      ], 
      "projected_cuboid": [
        [
          425.0082502346624, 
          424.58153182440014
        ], 
        [
          402.0751856574294, 
          390.2535954433251
        ], 
        [
          609.6056340863094, 
          377.4285551800766
        ], 
        [
          589.4554958715846, 
          414.66700421214864
        ], 
        [
          425.06195813105535, 
          371.5879198796015
        ], 
        [
          403.45787499491547, 
          326.19559620077024
        ], 
        [
          598.9944642679413, 
          313.5834361883373
        ], 
        [
          581.8868747213361, 
          361.78227819809956
        ]
      ], 
      "projected_cuboid_centroid": [
        504.15065217957516, 
        374.09100331465925
      ], 
      "quaternion_xyzw": [
        0.6301705441539989, 
        0.5813650719277436, 
        0.3692373495844261, 
        -0.35855755199824013
      ], 
      "visibility": 0.9559117059997652
    }, 
    {
      "bounding_box": {
        "bottom_right": [
          421, 
          449
        ], 
        "top_left": [
          369, 
          374
        ]
      }, 
      "class": "005_tomato_soup_can", 
      "cuboid": [
        [
          -15.936266399890059, 
          21.565746589713044, 
          78.99821523489369
        ], 
        [
          -10.440219361609984, 
          19.506946566467946, 
          75.63188145543818
        ], 
        [
          -4.54184582614637, 
          22.761918789108602, 
          83.27117191129399
        ], 
        [
          -10.037892864426446, 
          24.820718812353697, 
          86.63750569074952
        ], 
        [
          -16.405003932685094, 
          15.489259170575501, 
          81.94922056049357
        ], 
        [
          -10.90895689440502, 
          13.430459147330403, 
          78.58288678103806
        ], 
        [
          -5.010583358941407, 
          16.68543136997106, 
          86.22217723689387
        ], 
        [
          -10.506630397221482, 
          18.744231393216157, 
          89.58851101634939
        ]
      ], 
      "cuboid_centroid": [
        -10.473424879415733, 
        19.12558897984205, 
        82.61019623589378
      ], 
      "location": [
        -10.473424879415733, 
        19.12558897984205, 
        82.61019623589378
      ], 
      "pose_transform_permuted": [
        [
          0.06922313473400889, 
          0.8973753495186761, 
          -0.43580431470185294, 
          0.0
        ], 
        [
          -0.8123157197985089, 
          0.3042906312764899, 
          0.4975441127221846, 
          0.0
        ], 
        [
          -0.5790951304814543, 
          -0.31956920880824546, 
          -0.7500162335805401, 
          0.0
        ], 
        [
          -10.473424879415733, 
          19.12558897984205, 
          82.61019623589378, 
          1.0
        ]
      ], 
      "projected_cuboid": [
        [
          373.114230310807, 
          418.8776117519234
        ], 
        [
          407.3641635798993, 
          410.8401253254196
        ], 
        [
          452.2658947808158, 
          419.06780612204136
        ], 
        [
          419.29128647586776, 
          426.0768948306175
        ], 
        [
          373.94478434919375, 
          374.08951314070765
        ], 
        [
          406.94411691641454, 
          364.43522400781444
        ], 
        [
          450.34627580799423, 
          376.4927847781821
        ], 
        [
          418.5299669516264, 
          384.8707752913868
        ]
      ], 
      "projected_cuboid_centroid": [
        413.4186686165289, 
        396.7585984218404
      ], 
      "quaternion_xyzw": [
        0.27564439670506174, 
        0.8012005434516078, 
        0.5140384628304729, 
        -0.133649740220766
      ], 
      "visibility": 0.48486820696387894
    }, 
    {
      "bounding_box": {
        "bottom_right": [
          435, 
          571
        ], 
        "top_left": [
          366, 
          497
        ]
      }, 
      "class": "010_potted_meat_can", 
      "cuboid": [
        [
          13.006066260838466, 
          21.513969455851605, 
          73.5887797653292
        ], 
        [
          3.234792687792945, 
          19.955119055234967, 
          71.26214681906995
        ], 
        [
          3.42018895131201, 
          12.677127506938549, 
          75.35980323961081
        ], 
        [
          13.191462524357533, 
          14.235977907555183, 
          77.68643618587006
        ], 
        [
          11.42419997968867, 
          24.200600575286487, 
          78.4321703871153
        ], 
        [
          1.652926406643146, 
          22.641750174669852, 
          76.10553744085605
        ], 
        [
          1.838322670162211, 
          15.363758626373434, 
          80.20319386139691
        ], 
        [
          11.609596243207735, 
          16.922609026990067, 
          82.52982680765616
        ]
      ], 
      "cuboid_centroid": [
        7.42219446550034, 
        18.438864041112517, 
        76.89598681336307
      ], 
      "location": [
        7.42219446550034, 
        18.438864041112517, 
        76.89598681336307
      ],