{
  "camera_data": {
    "location_worldframe": [
      -23.402654770961362, 
      15.703692800570906, 
      73.57002115892696
    ], 
    "quaternion_xyzw_worldframe": [
      0.9175997508760345, 
      0.031713040800559075, 
      -0.11903916688480318, 
      -0.3779393370098788
    ]
  }, 
  "objects": [
    {
      "bounding_box": {
        "bottom_right": [
          489, 
          511
        ], 
        "top_left": [
          346, 
          282
        ]
      }, 
      "class": "003_cracker_box", 
      "cuboid": [
        [
          -18.22201930442835, 
          23.966503124682625, 
          63.726871111265126
        ], 
        [
          -20.117108036483497, 
          12.424329135198372, 
          52.22622008702884
        ], 
        [
          0.7633016669019901, 
          13.313105349517029, 
          47.89354024586561
        ], 
        [
          2.658390398957139, 
          24.855279339001285, 
          59.39419127010189
        ], 
        [
          -16.986843573746533, 
          18.8734506521469, 
          68.63477850253435
        ], 
        [
          -18.881932305801683, 
          7.331276662662646, 
          57.134127478298055
        ], 
        [
          1.9984773975838046, 
          8.220052876981303, 
          52.80144763713482
        ], 
        [
          3.8935661296389537, 
          19.762226866465557, 
          64.3020986613711
        ]
      ], 
      "cuboid_centroid": [
        -8.111770953422273, 
        16.093278000831965, 
        58.26415937419998
      ], 
      "location": [
        -8.111770953422273, 
        16.093278000831965, 
        58.26415937419998
      ], 
      "pose_transform_permuted": [
        [
          -0.17203005016890383, 
          0.7093388014347912, 
          -0.6835525778006684, 
          0.0
        ], 
        [
          0.11552882611272325, 
          0.7036366103806896, 
          0.7011052780210618, 
          0.0
        ], 
        [
          -0.9782937964517107, 
          -0.04164114925200929, 
          0.2029957204304346, 
          0.0
        ], 
        [
          -8.111770953422273, 
          16.093278000831965, 
          58.26415937419998, 
          1.0
        ]
      ], 
      "projected_cuboid": [
        [
          327.8291821317933, 
          473.8582157311408
        ], 
        [
          274.4548170530845, 
          400.1603194751645
        ], 
        [
          490.16766483379143, 
          421.53491885427917
        ], 
        [
          505.6665390597254, 
          496.4701007712077
        ], 
        [
          348.50254399996123, 
          419.94077151163435
        ], 
        [
          303.87450241078966, 
          341.72047731705806
        ], 
        [
          501.950852633103, 
          356.3129580925625
        ], 
        [
          514.159299725127, 
          437.19382583623394
        ]
      ], 
      "projected_cuboid_centroid": [
        406.72739645612546, 
        420.5959715585659
      ], 
      "quaternion_xyzw": [
        0.6628424123917733, 
        0.6343628498225513, 
        0.19954789327038713, 
        -0.3440993307041094
      ], 
      "visibility": 0.9540490090948807
    }, 
    {
      "bounding_box": {
        "bottom_right": [
          493, 
          388
        ], 
        "top_left": [
          421, 
          303
        ]
      }, 
      "class": "005_tomato_soup_can", 
      "cuboid": [
        [
          -25.39606710635205, 
          27.24096862780344, 
          73.54648327731059
        ], 
        [
          -20.251448249606987, 
          24.933884120295566, 
          69.80647638006495
        ], 
        [
          -13.812380990588766, 
          30.87941004559096, 
          74.99623046946355
        ], 
        [
          -18.956999847333826, 
          33.18649455309883, 
          78.73623736670918
        ], 
        [
          -24.38762871836628, 
          22.251253735621212, 
          78.01164217411123
        ], 
        [
          -19.24300986162122, 
          19.94416922811334, 
          74.27163527686561
        ], 
        [
          -12.803942602603, 
          25.88969515340873, 
          79.4613893662642
        ], 
        [
          -17.94856145934806, 
          28.19677966091661, 
          83.20139626350984
        ]
      ], 
      "cuboid_centroid": [
        -19.100004854477522, 
        26.565331890606085, 
        76.50393632178739
      ], 
      "location": [
        -19.100004854477522, 
        26.565331890606085, 
        76.50393632178739
      ], 
      "pose_transform_permuted": [
        [
          -0.14892612926946852, 
          0.7368808386352421, 
          -0.6594144362174339, 
          0.0
        ], 
        [
          -0.7603746366431448, 
          0.3409870765841771, 
          0.5527729973246726, 
          0.0
        ], 
        [
          -0.6321797817857141, 
          -0.5837244946914311, 
          -0.5095237362465074, 
          0.0
        ], 
        [
          -19.100004854477522, 
          26.565331890606085, 
          76.50393632178739, 
          1.0
        ]
      ], 
      "projected_cuboid": [
        [
          295.9037432546085, 
          470.8234069977186
        ], 
        [
          325.5871866068245, 
          463.78073530309206
        ], 
        [
          382.55473790091736, 
          492.87882936721377
        ], 
        [
          352.1218395936763, 
          498.07512369373075
        ], 
        [
          313.48383831577735, 
          425.4052350963007
        ], 
        [
          342.2679933442633, 
          416.4988959668439
        ], 
        [
          394.9449268151721, 
          447.0499410349692
        ], 
        [
          365.5883125446906, 
          454.0274323758234
        ]
      ], 
      "projected_cuboid_centroid": [
        347.338678687861, 
        458.47716230577277
      ], 
      "quaternion_xyzw": [
        0.2807647076406112, 
        0.8665323951751617, 
        0.35959549285800224, 
        -0.20244457405781668
      ], 
      "visibility": 0.2433383609854198
    }, 
    {
      "bounding_box": {
        "bottom_right": [
          529, 
          505
        ], 
        "top_left": [
          435, 
          412
        ]
      }, 
      "class": "010_potted_meat_can", 
      "cuboid": [
        [
          1.9168342411512767, 
          28.885887214676682, 
          62.67327408015165
        ], 
        [
          -7.714858292808277, 
          25.64148147125383, 
          62.8325002737634
        ], 
        [
          -5.689514712349046, 
          19.910085303055723, 
          68.56341662602831
        ], 
        [
          3.9421778216105077, 
          23.154491046478576, 
          68.40419043241658
        ], 
        [
          0.7175336096155067, 
          32.65190196490456, 
          66.86344487796218
        ], 
        [
          -8.914158924344049, 
          29.40749622148171, 
          67.02267107157392
        ], 
        [
          -6.888815343884816, 
          23.67610005328361, 
          72.75358742383885
        ], 
        [
          2.7428771900747377, 
          26.920505796706458, 
          72.5943612302271
        ]
      ], 
      "cuboid_centroid": [
        -2.48599055136677, 
        26.28099363398014, 
        67.71343075199525
      ], 
      "location": [
        -2.48599055136677, 
        26.28099363398014, 
        67.71343075199525
      ],