{
  "camera_data": {
    "location_worldframe": [
      -21.65584836785014, 
      15.451272462459512, 
      71.48736229885928
    ], 
    "quaternion_xyzw_worldframe": [
      0.9076876187809005, 
      0.02078016437453541, 
      -0.08205920087018173, 
      -0.4110205412478886
    ]
  }, 
  "objects": [
    {
      "bounding_box": {
        "bottom_right": [
          482, 
          532
        ], 
        "top_left": [
          355, 
          303
        ]
      }, 
      "class": "003_cracker_box", 
      "cuboid": [
        [
          -15.490035430852004, 
          24.03966421479371, 
          62.53084112652477
        ], 
        [
          -17.339804810194238, 
          13.412758500615734, 
          50.172631552627124
        ], 
        [
          3.771087335931447, 
          13.394066632373336, 
          47.02883916840293
        ], 
        [
          5.620856715273681, 
          24.02097234655131, 
          59.387048742300586
        ], 
        [
          -14.809637559344896, 
          18.570112067196405, 
          67.13230345670905
        ], 
        [
          -16.65940693868713, 
          7.943206353018427, 
          54.7740938828114
        ], 
        [
          4.451485207438555, 
          7.924514484776029, 
          51.630301498587215
        ], 
        [
          6.3012545867807885, 
          18.551420198954006, 
          63.98851107248487
        ]
      ], 
      "cuboid_centroid": [
        -5.519275111706724, 
        15.98208934978487, 
        57.080571312555996
      ], 
      "location": [
        -5.519275111706724, 
        15.98208934978487, 
        57.080571312555996
      ], 
      "pose_transform_permuted": [
        [
          -0.09476293701591143, 
          0.7617760833377212, 
          -0.6408722061556107, 
          0.0
        ], 
        [
          0.11276605752540036, 
          0.6478398196363953, 
          0.7533839554726799, 
          0.0
        ], 
        [
          -0.9890924132952879, 
          0.0008757557445180364, 
          0.14729368965973885, 
          0.0
        ], 
        [
          -5.519275111706724, 
          15.98208934978487, 
          57.080571312555996, 
          1.0
        ]
      ], 
      "projected_cuboid": [
        [
          348.3830655897642, 
          478.3185424712908
        ], 
        [
          295.74428812310856, 
          415.86001980529346
        ], 
        [
          524.7185901447795, 
          425.1788270461256
        ], 
        [
          532.4952793257024, 
          489.0045308862309
        ], 
        [
          362.96431279517384, 
          420.81319679041246
        ], 
        [
          318.03745588236217, 
          350.6272514635721
        ], 
        [
          527.9622558526438, 
          355.14348320903775
        ], 
        [
          534.5532627657128, 
          427.90547694270253
        ]
      ], 
      "projected_cuboid_centroid": [
        429.5992090422837, 
        422.61162415758463
      ], 
      "quaternion_xyzw": [
        0.6622903478508366, 
        0.6179058166269541, 
        0.2486149090780292, 
        -0.34315379045891053
      ], 
      "visibility": 0.9596089632699039
    }, 
    {
      "bounding_box": {
        "bottom_right": [
          489, 
          402
        ], 
        "top_left": [
          420, 
          316
        ]
      }, 
      "class": "005_tomato_soup_can", 
      "cuboid": [
        [
          -23.026740425412612, 
          27.05960820168197, 
          72.15829689551296
        ], 
        [
          -17.8078227010677, 
          24.715890073802246, 
          68.54619545438882
        ], 
        [
          -11.366925935604662, 
          29.92693384640791, 
          74.47108236129138
        ], 
        [
          -16.585843659949575, 
          32.27065197428763, 
          78.0831838024155
        ], 
        [
          -22.541681605647714, 
          21.735302466176677, 
          76.31381527924562
        ], 
        [
          -17.322763881302805, 
          19.391584338296948, 
          72.70171383812149
        ], 
        [
          -10.881867115839768, 
          24.602628110902614, 
          78.62660074502404
        ], 
        [
          -16.10078484018468, 
          26.946346238782336, 
          82.23870218614817
        ]
      ], 
      "cuboid_centroid": [
        -16.95430377062619, 
        25.831118156292295, 
        75.3924488202685
      ], 
      "location": [
        -16.95430377062619, 
        25.831118156292295, 
        75.3924488202685
      ], 
      "pose_transform_permuted": [
        [
          -0.07163346155424445, 
          0.7862931971677649, 
          -0.6136867411736803, 
          0.0
        ], 
        [
          -0.7713560088355987, 
          0.346401525458781, 
          0.5338685716653175, 
          0.0
        ], 
        [
          -0.6323594005004337, 
          -0.5116139314165115, 
          -0.5816981810004858, 
          0.0
        ], 
        [
          -16.95430377062619, 
          25.831118156292295, 
          75.3924488202685, 
          1.0
        ]
      ], 
      "projected_cuboid": [
        [
          309.9889106314522, 
          473.2832062480462
        ], 
        [
          341.8897342035705, 
          465.58704575557
        ], 
        [
          399.51522515222587, 
          487.6062360237551
        ], 
        [
          367.3692739345994, 
          493.6998180436113
        ], 
        [
          322.75158058319613, 
          425.183837427721
        ], 
        [
          353.4631006888599, 
          415.53781556969216
        ], 
        [
          407.1709012929313, 
          440.1647095505102
        ], 
        [
          376.3130298918738, 
          448.03411743038873
        ]
      ], 
      "projected_cuboid_centroid": [
        360.66434098895866, 
        456.01360658747313
      ], 
      "quaternion_xyzw": [
        0.28753989853801604, 
        0.8509783606863618, 
        0.4018878274016536, 
        -0.17788408647994017
      ], 
      "visibility": 0.2400891972249752
    }, 
    {
      "bounding_box": {
        "bottom_right": [
          518, 
          523
        ], 
        "top_left": [
          429, 
          435
        ]
      }, 
      "class": "010_potted_meat_can", 
      "cuboid": [
        [
          4.909752332997546, 
          27.86091019839806, 
          62.893715128034444
        ], 
        [
          -4.874635404093812, 
          25.168000327221673, 
          62.314909708747
        ], 
        [
          -3.487400351395966, 
          18.962878139208183, 
          67.73398328573317
        ], 
        [
          6.2969873856953935, 
          21.65578801038457, 
          68.31278870502064
        ], 
        [
          3.6762782873859043, 
          31.40298002963111, 
          67.26532850389825
        ], 
        [
          -6.108109449705455, 
          28.710070158454727, 
          66.6865230846108
        ], 
        [
          -4.720874397007608, 
          22.50494797044124, 
          72.10559666159698
        ], 
        [
          5.063513340083751, 
          25.197857841617623, 
          72.68440208088442
        ]
      ], 
      "cuboid_centroid": [
        0.09443896799496906, 
        25.182929084419648, 
        67.49965589481572
      ], 
      "location": [
        0.09443896799496906, 
        25.182929084419648, 
        67.49965589481572
      ],