{
  "camera_data": {
    "location_worldframe": [
      -18.096274280168437, 
      -19.194922238546667, 
      61.05077939521502
    ], 
    "quaternion_xyzw_worldframe": [
      0.8778870732722726, 
      0.01387305217135046, 
      0.11699064592345824, 
      -0.46415113170523165
    ]
  }, 
  "objects": [
    {
      "bounding_box": {
        "bottom_right": [
          157, 
          628
        ], 
        "top_left": [
          0, 
          383
        ]
      }, 
      "class": "003_cracker_box", 
      "cuboid": [
        [
          -7.898174261601483, 
          -11.231596996858205, 
          56.09299466624748
        ], 
        [
          -6.9167137712316, 
          -20.06545495571691, 
          42.306123935160315
        ], 
        [
          13.66177934097471, 
          -24.054427443138575, 
          46.326977932990346
        ], 
        [
          12.680318850604829, 
          -15.220569484279874, 
          60.113848664077494
        ], 
        [
          -9.75442470177238, 
          -17.13080893162341, 
          59.7407378571851
        ], 
        [
          -8.772964211402497, 
          -25.964666890482107, 
          45.95386712609794
        ], 
        [
          11.805528900803814, 
          -29.95363937790378, 
          49.97472112392797
        ], 
        [
          10.824068410433933, 
          -21.11978141904508, 
          63.76159185501513
        ]
      ], 
      "cuboid_centroid": [
        1.9536773196011659, 
        -20.592618187380992, 
        53.03385789508772
      ], 
      "location": [
        1.9536773196011659, 
        -20.592618187380992, 
        53.03385789508772
      ], 
      "pose_transform_permuted": [
        [
          0.2585307081546847, 
          0.8216172807528073, 
          -0.5080422392964977, 
          0.0
        ], 
        [
          -0.059832015467416455, 
          0.5385316385300444, 
          0.8404783187133693, 
          0.0
        ], 
        [
          -0.9641483303237858, 
          0.18689226380593715, 
          -0.18838598372317358, 
          0.0
        ], 
        [
          1.9536773196011659, 
          -20.592618187380992, 
          53.03385789508772, 
          1.0
        ]
      ], 
      "projected_cuboid": [
        [
          405.877205161248, 
          166.49903868047446
        ], 
        [
          393.6769421410518, 
          20.337341086832676
        ], 
        [
          640.1831387653766, 
          -3.6298029884264964
        ], 
        [
          595.032148784348, 
          138.25229955919363
        ], 
        [
          393.79134712526604, 
          120.35578743331327
        ], 
        [
          378.93357683322955, 
          -28.047521352721358
        ], 
        [
          608.6330687470255, 
          -46.37232370321055
        ], 
        [
          572.8870502499385, 
          96.63484696527249
        ]
      ], 
      "projected_cuboid_centroid": [
        501.407382873239, 
        66.20285627338019
      ], 
      "quaternion_xyzw": [
        0.6393556302315282, 
        0.5875759506136157, 
        0.4297330683042835, 
        -0.24760527126363274
      ], 
      "visibility": 0.7746900908958109
    }, 
    {
      "bounding_box": {
        "bottom_right": [
          229, 
          417
        ], 
        "top_left": [
          148, 
          326
        ]
      }, 
      "class": "005_tomato_soup_can", 
      "cuboid": [
        [
          -17.77100205331096, 
          -7.663270834853613, 
          63.05024298902945
        ], 
        [
          -12.051654409181515, 
          -10.665385746818272, 
          61.03684728069116
        ], 
        [
          -7.380906316963075, 
          -7.438736504182339, 
          69.49363509445263
        ], 
        [
          -13.10025396109252, 
          -4.436621592217679, 
          71.50703080279092
        ], 
        [
          -19.627276505567114, 
          -13.339804513120576, 
          66.24133327586065
        ], 
        [
          -13.907928861437671, 
          -16.341919425085237, 
          64.22793756752237
        ], 
        [
          -9.237180769219233, 
          -13.1152701824493, 
          72.68472538128384
        ], 
        [
          -14.956528413348677, 
          -10.113155270484643, 
          74.69812108962213
        ]
      ], 
      "cuboid_centroid": [
        -13.504091411265096, 
        -10.389270508651457, 
        67.86748418515664
      ], 
      "location": [
        -13.504091411265096, 
        -10.389270508651457, 
        67.86748418515664
      ], 
      "pose_transform_permuted": [
        [
          0.2741345156331105, 
          0.8383102016382288, 
          -0.47126004942790656, 
          0.0
        ], 
        [
          -0.845319548024247, 
          0.44371256625808675, 
          0.29757987380141726, 
          0.0
        ], 
        [
          -0.4585683595056756, 
          -0.31678849312402435, 
          -0.8302771286049524, 
          0.0
        ], 
        [
          -13.504091411265096, 
          -10.389270508651457, 
          67.86748418515664, 
          1.0
        ]
      ], 
      "projected_cuboid": [
        [
          330.0257981302286, 
          208.46565524379315
        ], 
        [
          375.41619009063163, 
          180.09595992462937
        ], 
        [
          424.4812507908635, 
          216.19895224299415
        ], 
        [
          383.0774532638887, 
          240.1969641075711
        ], 
        [
          322.25783858522783, 
          165.88563539249822
        ], 
        [
          365.14955440268244, 
          137.59067125925714
        ], 
        [
          413.2550148748988, 
          177.05407111595667
        ], 
        [
          373.9225694660665, 
          201.0819942161535
        ]
      ], 
      "projected_cuboid_centroid": [
        374.59421580047433, 
        191.64506440021626
      ], 
      "quaternion_xyzw": [
        0.2780071697454222, 
        0.8113827842911411, 
        0.5141184169013799, 
        -0.007223889458287452
      ], 
      "visibility": 0.9314456035767511
    }, 
    {
      "bounding_box": {
        "bottom_right": [
          204, 
          570
        ], 
        "top_left": [
          121, 
          477
        ]
      }, 
      "class": "010_potted_meat_can", 
      "cuboid": [
        [
          11.391557385508671, 
          -11.660429811572918, 
          63.748676204154734
        ], 
        [
          2.147065943773859, 
          -12.255504938103433, 
          59.56462478777659
        ], 
        [
          0.5386110417241373, 
          -19.090906604515013, 
          64.09060288972215
        ], 
        [
          9.78310248345895, 
          -18.4958314779845, 
          68.27465430610029
        ], 
        [
          9.268937661464404, 
          -8.365884155875452, 
          67.9699526518875
        ], 
        [
          0.02444621972959235, 
          -8.960959282405966, 
          63.78590123550936
        ], 
        [
          -1.5840086823201296, 
          -15.796360948817545, 
          68.31187933745491
        ], 
        [
          7.660482759414683, 
          -15.201285822287034, 
          72.49593075383306
        ]
      ], 
      "cuboid_centroid": [
        4.90377435159427, 
        -13.728395380195233, 
        66.03027777080483
      ], 
      "location": [
        4.90377435159427, 
        -13.728395380195233, 
        66.03027777080483
      ],