{
  "camera_data": {
    "location_worldframe": [
      -16.112037201727926, 
      -19.124863344148217, 
      60.44673259684831
    ], 
    "quaternion_xyzw_worldframe": [
      0.868470217618284, 
      0.021610208506292153, 
      0.13148421382085412, 
      -0.4775004170732521
    ]
  }, 
  "objects": [
    {
      "bounding_box": {
        "bottom_right": [
          159, 
          656
        ], 
        "top_left": [
          0, 
          410
        ]
      }, 
      "class": "003_cracker_box", 
      "cuboid": [
        [
          -5.78156646893573, 
          -10.982098665272654, 
          56.09070360470234
        ], 
        [
          -4.290774157028469, 
          -19.38381521411169, 
          42.08117780962709
        ], 
        [
          16.15318959744926, 
          -23.43347919049675, 
          46.685318862023884
        ], 
        [
          14.662397285542001, 
          -15.031762641657718, 
          60.69484465709913
        ], 
        [
          -7.738334227261929, 
          -16.99645525484845, 
          59.48937574074959
        ], 
        [
          -6.247541915354669, 
          -25.39817180368748, 
          45.47984994567433
        ], 
        [
          14.196421839123058, 
          -29.447835780072545, 
          50.08399099807113
        ], 
        [
          12.7056295272158, 
          -21.04611923123351, 
          64.09351679314638
        ]
      ], 
      "cuboid_centroid": [
        4.2074276850936645, 
        -20.214967222672602, 
        53.087347301386735
      ], 
      "location": [
        4.2074276850936645, 
        -20.214967222672602, 
        53.087347301386735
      ], 
      "pose_transform_permuted": [
        [
          0.2725303349734166, 
          0.8376541411376961, 
          -0.4733526765046818, 
          0.0
        ], 
        [
          -0.09088201668833867, 
          0.5121873365615935, 
          0.8540518668726164, 
          0.0
        ], 
        [
          -0.9578453296654621, 
          0.18973579551789765, 
          -0.21571428403620518, 
          0.0
        ], 
        [
          4.2074276850936645, 
          -20.214967222672602, 
          53.087347301386735, 
          1.0
        ]
      ], 
      "projected_cuboid": [
        [
          426.16687811581613, 
          168.86694781575613
        ], 
        [
          426.7643845113656, 
          27.624016437384554
        ], 
        [
          667.6642172152766, 
          5.5892477249145776
        ], 
        [
          611.5077677888792, 
          141.2039297851754
        ], 
        [
          411.6451213258902, 
          120.9140795544816
        ], 
        [
          407.7247224310446, 
          -24.545192242645115
        ], 
        [
          634.0275103585196, 
          -40.288861872890756
        ], 
        [
          588.2011489881854, 
          98.1626237796808
        ]
      ], 
      "projected_cuboid_centroid": [
        524.2174547908443, 
        70.20541901332872
      ], 
      "quaternion_xyzw": [
        0.626938285506285, 
        0.5861951248678042, 
        0.44923967314273194, 
        -0.2480068100320442
      ], 
      "visibility": 0.8029223586126564
    }, 
    {
      "bounding_box": {
        "bottom_right": [
          227, 
          429
        ], 
        "top_left": [
          147, 
          341
        ]
      }, 
      "class": "005_tomato_soup_can", 
      "cuboid": [
        [
          -15.902368615560627, 
          -7.659363225552289, 
          62.80943073728149
        ], 
        [
          -10.10505465474115, 
          -10.580910361507984, 
          60.90335968155425
        ], 
        [
          -5.741055976492366, 
          -7.602558912657352, 
          69.61136469914133
        ], 
        [
          -11.538369937311845, 
          -4.681011776701657, 
          71.51743575486857
        ], 
        [
          -17.844341317028928, 
          -13.437079374432159, 
          65.75876706788726
        ], 
        [
          -12.047027356209448, 
          -16.358626510387854, 
          63.85269601216002
        ], 
        [
          -7.683028677960666, 
          -13.380275061537224, 
          72.5607010297471
        ], 
        [
          -13.480342638780144, 
          -10.45872792558153, 
          74.46677208547435
        ]
      ], 
      "cuboid_centroid": [
        -11.792698646760646, 
        -10.519819143544757, 
        67.6850658835143
      ], 
      "location": [
        -11.792698646760646, 
        -10.519819143544757, 
        67.6850658835143
      ], 
      "pose_transform_permuted": [
        [
          0.2867904286689345, 
          0.8532528236940988, 
          -0.43555783760696654, 
          0.0
        ], 
        [
          -0.8568429691705703, 
          0.43180464943978975, 
          0.28171729077935875, 
          0.0
        ], 
        [
          -0.42845207561150794, 
          -0.29241091811528, 
          -0.8549413277361024, 
          0.0
        ], 
        [
          -11.792698646760646, 
          -10.519819143544757, 
          67.6850658835143, 
          1.0
        ]
      ], 
      "projected_cuboid": [
        [
          345.4436039428889, 
          208.25031085984003
        ], 
        [
          392.37153508114136, 
          180.63144090507842
        ], 
        [
          437.24607352231135, 
          215.0403942970477
        ], 
        [
          394.8361259714816, 
          238.37931258640566
        ], 
        [
          335.66907942237316, 
          164.30855845801244
        ], 
        [
          380.13764391981283, 
          136.65368742629136
        ], 
        [
          424.656379280805, 
          174.941805677804
        ], 
        [
          384.24837228292176, 
          198.38273509644918
        ]
      ], 
      "projected_cuboid_centroid": [
        387.9030034721948, 
        190.3963835960257
      ], 
      "quaternion_xyzw": [
        0.267536858555425, 
        0.8038674836210284, 
        0.5312424579408367, 
        0.0015777282925799401
      ], 
      "visibility": 0.9452887537993921
    }, 
    {
      "bounding_box": {
        "bottom_right": [
          205, 
          584
        ], 
        "top_left": [
          121, 
          491
        ]
      }, 
      "class": "010_potted_meat_can", 
      "cuboid": [
        [
          13.234924135090825, 
          -11.58918063218245, 
          64.39068781092256
        ], 
        [
          4.142319377706395, 
          -12.082586753594263, 
          59.8738181202227
        ], 
        [
          2.406779856490799, 
          -19.059017677515122, 
          64.1295947857046
        ], 
        [
          11.499384613875227, 
          -18.56561155610331, 
          68.64646447640445
        ], 
        [
          10.955040156167648, 
          -8.432664938501965, 
          68.63536190168128
        ], 
        [
          1.862435398783218, 
          -8.92607105991378, 
          64.11849221098144
        ], 
        [
          0.12689587756762183, 
          -15.902501983834638, 
          68.37426887646333
        ], 
        [
          9.219500634952052, 
          -15.409095862422825, 
          72.89113856716318
        ]
      ], 
      "cuboid_centroid": [
        6.680910006329223, 
        -13.745841308008544, 
        66.38247834369294
      ], 
      "location": [
        6.680910006329223, 
        -13.745841308008544, 
        66.38247834369294
      ],