{
  "camera_data": {
    "location_worldframe": [
      -26.778155189512365, 
      -13.652685075357631, 
      76.085749328383
    ], 
    "quaternion_xyzw_worldframe": [
      0.9305945981928643, 
      0.018562273163484834, 
      0.026191480046343845, 
      -0.3646470095617216
    ]
  }, 
  "objects": [
    {
      "bounding_box": {
        "bottom_right": [
          214, 
          502
        ], 
        "top_left": [
          62, 
          308
        ]
      }, 
      "class": "003_cracker_box", 
      "cuboid": [
        [
          -18.1941527197642, 
          -6.562696380427589, 
          67.83695347891086
        ], 
        [
          -18.610469439261795, 
          -18.277878062656676, 
          56.36266420991528
        ], 
        [
          2.608111995994528, 
          -20.232848381365503, 
          57.588812681658695
        ], 
        [
          3.024428715492121, 
          -8.517666699136413, 
          69.06310195065427
        ], 
        [
          -18.948760737795865, 
          -11.545183124091409, 
          72.95142218282129
        ], 
        [
          -19.365077457293463, 
          -23.2603648063205, 
          61.47713291382571
        ], 
        [
          1.8535039779628615, 
          -25.21533512502932, 
          62.703281385569134
        ], 
        [
          2.269820697460455, 
          -13.500153442800233, 
          74.1775706545647
        ]
      ], 
      "cuboid_centroid": [
        -8.17032437090067, 
        -15.889015752728456, 
        65.27011743224
      ], 
      "location": [
        -8.17032437090067, 
        -15.889015752728456, 
        65.27011743224
      ], 
      "pose_transform_permuted": [
        [
          0.1050986122664399, 
          0.6939396744827938, 
          -0.7123215635360076, 
          0.0
        ], 
        [
          0.025379593620662777, 
          0.7141835443121715, 
          0.6994982067606422, 
          0.0
        ], 
        [
          -0.9941378968369119, 
          0.09159472262318558, 
          -0.05744779247510816, 
          0.0
        ], 
        [
          -8.17032437090067, 
          -15.889015752728456, 
          65.27011743224, 
          1.0
        ]
      ], 
      "projected_cuboid": [
        [
          337.36652563459984, 
          221.69202616161263
        ], 
        [
          304.0319919432876, 
          100.33604945725685
        ], 
        [
          505.95160466412904, 
          85.9137868750127
        ], 
        [
          505.1469661145391, 
          207.5113508660361
        ], 
        [
          341.915601596984, 
          188.88417724411588
        ], 
        [
          312.2033227550454, 
          71.50080928936434
        ], 
        [
          497.49333042632753, 
          58.818782526832806
        ], 
        [
          498.052554067264, 
          176.22355595969046
        ]
      ], 
      "projected_cuboid_centroid": [
        414.28132595383704, 
        143.4580101403129
      ], 
      "quaternion_xyzw": [
        0.6762573252431089, 
        0.6315352815346421, 
        0.2974447702795072, 
        -0.23529944085222002
      ], 
      "visibility": 0.9956017437334579
    }, 
    {
      "bounding_box": {
        "bottom_right": [
          286, 
          372
        ], 
        "top_left": [
          213, 
          291
        ]
      }, 
      "class": "005_tomato_soup_can", 
      "cuboid": [
        [
          -27.13680010204813, 
          -1.968794909559184, 
          75.42222883891498
        ], 
        [
          -21.56310670988918, 
          -5.073893785901425, 
          73.17063015448066
        ], 
        [
          -15.93053714903106, 
          0.23678765075999253, 
          79.78993797504195
        ], 
        [
          -21.504230541190008, 
          3.341886527102232, 
          82.04153665947626
        ], 
        [
          -27.98143898755079, 
          -6.840090098641169, 
          80.04920571320665
        ], 
        [
          -22.40774559539184, 
          -9.945188974983408, 
          77.79760702877235
        ], 
        [
          -16.77517603453372, 
          -4.6345075383219925, 
          84.41691484933364
        ], 
        [
          -22.34886942669267, 
          -1.529408661979752, 
          86.66851353376795
        ]
      ], 
      "cuboid_centroid": [
        -21.955988068290925, 
        -3.3016512239405884, 
        79.9195718441243
      ], 
      "location": [
        -21.955988068290925, 
        -3.3016512239405884, 
        79.9195718441243
      ], 
      "pose_transform_permuted": [
        [
          0.12473622716766786, 
          0.7193926229722265, 
          -0.6833117068103227, 
          0.0
        ], 
        [
          -0.8237918504432323, 
          0.45893359558487673, 
          0.33278627226160046, 
          0.0
        ], 
        [
          -0.5529988199593777, 
          -0.5213962359315303, 
          -0.6498755806152187, 
          0.0
        ], 
        [
          -21.955988068290925, 
          -3.3016512239405884, 
          79.9195718441243, 
          1.0
        ]
      ], 
      "projected_cuboid": [
        [
          288.1104156504282, 
          259.3649541635116
        ], 
        [
          323.1200561721184, 
          236.3043920953252
        ], 
        [
          374.22927460852594, 
          274.8692374346282
        ], 
        [
          340.64162278983395, 
          295.01082060960033
        ], 
        [
          293.62005021095666, 
          227.71514264079994
        ], 
        [
          326.7069669258901, 
          205.11009604107042
        ], 
        [
          374.7335799551121, 
          244.00717337834797
        ], 
        [
          342.9259724533428, 
          263.8752355735824
        ]
      ], 
      "projected_cuboid_centroid": [
        333.8592861483246, 
        251.2539467913468
      ], 
      "quaternion_xyzw": [
        0.2907419762902089, 
        0.8701292710260191, 
        0.39340941891681874, 
        -0.05977561381443039
      ], 
      "visibility": 0.8285876993166287
    }, 
    {
      "bounding_box": {
        "bottom_right": [
          268, 
          492
        ], 
        "top_left": [
          195, 
          416
        ]
      }, 
      "class": "010_potted_meat_can", 
      "cuboid": [
        [
          2.0148835666249005, 
          -4.282296082553742, 
          71.99402090120681
        ], 
        [
          -7.681467626392818, 
          -6.271924267980558, 
          69.68248982790529
        ], 
        [
          -7.97561658090107, 
          -11.949895067470804, 
          75.80363717828808
        ], 
        [
          1.7207346121166491, 
          -9.960266882043987, 
          78.11516825158962
        ], 
        [
          0.2985252208029643, 
          -0.21024225130970367, 
          75.68877556731637
        ], 
        [
          -9.397825972214754, 
          -2.1998704367365187, 
          73.37724449401483
        ], 
        [
          -9.691974926723006, 
          -7.877841236226764, 
          79.49839184439764
        ], 
        [
          0.004376266294713049, 
          -5.888213050799948, 
          81.80992291769917
        ]
      ], 
      "cuboid_centroid": [
        -3.8385456800490525, 
        -6.080068659390253, 
        75.74620637280222
      ], 
      "location": [
        -3.8385456800490525, 
        -6.080068659390253, 
        75.74620637280222
      ],