{
  "camera_data": {
    "location_worldframe": [
      -20.52488447477439, 
      -19.084526095966204, 
      62.69245892472411
    ], 
    "quaternion_xyzw_worldframe": [
      0.8897658076063137, 
      0.011014524849509908, 
      0.09869251301005574, 
      -0.4454834869746466
    ]
  }, 
  "objects": [
    {
      "bounding_box": {
        "bottom_right": [
          158, 
          593
        ], 
        "top_left": [
          0, 
          354
        ]
      }, 
      "class": "003_cracker_box", 
      "cuboid": [
        [
          -10.581091609169375, 
          -11.280051884898633, 
          57.01731119172393
        ], 
        [
          -10.037333506238427, 
          -20.702211874963574, 
          43.60070417153166
        ], 
        [
          10.706948767129774, 
          -24.378470714933943, 
          47.023191724578
        ], 
        [
          10.163190664198826, 
          -14.956310724869004, 
          60.43979874477028
        ], 
        [
          -12.253902184581626, 
          -17.02585759772731, 
          60.984655268579004
        ], 
        [
          -11.710144081650679, 
          -26.44801758779225, 
          47.56804824838672
        ], 
        [
          9.034138191717524, 
          -30.12427642776262, 
          50.99053580143307
        ], 
        [
          8.490380088786576, 
          -20.702116437697683, 
          64.40714282162534
        ]
      ], 
      "cuboid_centroid": [
        -0.7734767087259259, 
        -20.70216415633063, 
        54.0039234965785
      ], 
      "location": [
        -0.7734767087259259, 
        -20.70216415633063, 
        54.0039234965785
      ], 
      "pose_transform_permuted": [
        [
          0.23298197986159597, 
          0.800251511170049, 
          -0.5525548985664901, 
          0.0
        ], 
        [
          -0.03314870394103836, 
          0.5743958394591909, 
          0.8179062189756239, 
          0.0
        ], 
        [
          -0.9719159225400109, 
          0.17224093149430197, 
          -0.16035118032361045, 
          0.0
        ], 
        [
          -0.7734767087259259, 
          -20.70216415633063, 
          54.0039234965785, 
          1.0
        ]
      ], 
      "projected_cuboid": [
        [
          381.8005298122378, 
          167.77695775632932
        ], 
        [
          357.7982246328212, 
          20.059090909943556
        ], 
        [
          604.0432829201494, 
          -3.205026355379582
        ], 
        [
          572.0242108159533, 
          141.31234933052667
        ], 
        [
          373.5418928674837, 
          124.39296406252875
        ], 
        [
          349.21210981795474, 
          -23.241199334397447
        ], 
        [
          576.8742489914672, 
          -41.788922499118975
        ], 
        [
          552.4870466747527, 
          101.86387233251966
        ]
      ], 
      "projected_cuboid_centroid": [
        473.894889052242, 
        68.84084508109665
      ], 
      "quaternion_xyzw": [
        0.6503166778808139, 
        0.5944456810788574, 
        0.4039909457119213, 
        -0.24599566357873554
      ], 
      "visibility": 0.8020110996766711
    }, 
    {
      "bounding_box": {
        "bottom_right": [
          234, 
          402
        ], 
        "top_left": [
          153, 
          310
        ]
      }, 
      "class": "005_tomato_soup_can", 
      "cuboid": [
        [
          -20.219244348934534, 
          -7.474556091947587, 
          64.17508495681227
        ], 
        [
          -14.553959734595335, 
          -10.52489202220241, 
          62.08286253829828
        ], 
        [
          -9.60080588447281, 
          -6.9011931759193175, 
          70.21179154594822
        ], 
        [
          -15.26609049881201, 
          -3.8508572456644954, 
          72.30401396446221
        ], 
        [
          -21.91070507042239, 
          -13.017892621807858, 
          67.67683129338306
        ], 
        [
          -16.24542045608319, 
          -16.06822855206268, 
          65.58460887486906
        ], 
        [
          -11.292266605960666, 
          -12.444529705779589, 
          73.713537882519
        ], 
        [
          -16.957551220299866, 
          -9.394193775524766, 
          75.805760301033
        ]
      ], 
      "cuboid_centroid": [
        -15.7557554774476, 
        -9.959542898863589, 
        68.94431141966564
      ], 
      "location": [
        -15.7557554774476, 
        -9.959542898863589, 
        68.94431141966564
      ], 
      "pose_transform_permuted": [
        [
          0.2497948323503178, 
          0.8186396536124233, 
          -0.5171377188750873, 
          0.0
        ], 
        [
          -0.8373290325405417, 
          0.45083963247658265, 
          0.30923046109984154, 
          0.0
        ], 
        [
          -0.4862946128938185, 
          -0.35577033967023297, 
          -0.798088350297997, 
          0.0
        ], 
        [
          -15.7557554774476, 
          -9.959542898863589, 
          68.94431141966564, 
          1.0
        ]
      ], 
      "projected_cuboid": [
        [
          312.1671090824267, 
          211.1701084974775
        ], 
        [
          355.530139485226, 
          182.8730036064761
        ], 
        [
          408.0628687518886, 
          220.86597746125244
        ], 
        [
          368.0549057723545, 
          244.88233925854286
        ], 
        [
          307.49333866871075, 
          170.7005135747622
        ], 
        [
          348.39199666970853, 
          142.62324516475053
        ], 
        [
          399.216344549678, 
          183.25000485471324
        ], 
        [
          361.3006583764076, 
          207.1951553649145
        ]
      ], 
      "projected_cuboid_centroid": [
        358.70254459646713, 
        196.2443693380339
      ], 
      "quaternion_xyzw": [
        0.28462180630632183, 
        0.8231398865147195, 
        0.491024681951647, 
        -0.018051496994387507
      ], 
      "visibility": 0.9077784960137901
    }, 
    {
      "bounding_box": {
        "bottom_right": [
          209, 
          550
        ], 
        "top_left": [
          126, 
          459
        ]
      }, 
      "class": "010_potted_meat_can", 
      "cuboid": [
        [
          8.980587207444543, 
          -11.2489307537898, 
          63.96177640183892
        ], 
        [
          -0.4067697883048119, 
          -12.086216194123336, 
          60.154217550923995
        ], 
        [
          -1.7920198794370636, 
          -18.72726482042241, 
          65.0298586595937
        ], 
        [
          7.595337116312292, 
          -17.88997938008887, 
          68.83741751050863
        ], 
        [
          6.9885061974039875, 
          -7.786600699713928, 
          68.1117889638246
        ], 
        [
          -2.3988507983453684, 
          -8.623886140047464, 
          64.30423011290966
        ], 
        [
          -3.78410088947762, 
          -15.264934766346535, 
          69.17987122157938
        ], 
        [
          5.603256106271735, 
          -14.427649326013, 
          72.98743007249429
        ]
      ], 
      "cuboid_centroid": [
        2.598243158983462, 
        -13.25693276006817, 
        66.57082381170915
      ], 
      "location": [
        2.598243158983462, 
        -13.25693276006817, 
        66.57082381170915
      ],