{
  "camera_data": {
    "location_worldframe": [
      -24.430012795705217, 
      -16.63981814049938, 
      69.60476604023559
    ], 
    "quaternion_xyzw_worldframe": [
      0.9156793084293452, 
      0.011162548183466136, 
      0.05261624895207796, 
      -0.398295541804365
    ]
  }, 
  "objects": [
    {
      "bounding_box": {
        "bottom_right": [
          186, 
          531
        ], 
        "top_left": [
          12, 
          318
        ]
      }, 
      "class": "003_cracker_box", 
      "cuboid": [
        [
          -15.285579549595823, 
          -9.238908966011214, 
          62.28340381120524
        ], 
        [
          -15.532236230917723, 
          -20.05170296410255, 
          49.95049003855787
        ], 
        [
          5.545101638467638, 
          -22.776970191945846, 
          51.91830456818516
        ], 
        [
          5.791758319789539, 
          -11.964176193854513, 
          64.25121834083252
        ], 
        [
          -16.411203695850052, 
          -14.559811447889684, 
          66.97097936735913
        ], 
        [
          -16.657860377171954, 
          -25.372605445981016, 
          54.63806559471177
        ], 
        [
          4.419477492213407, 
          -28.09787267382432, 
          56.60588012433906
        ], 
        [
          4.666134173535308, 
          -17.285078675732983, 
          68.93879389698643
        ]
      ], 
      "cuboid_centroid": [
        -5.4330510286912075, 
        -18.668390819917764, 
        59.44464196777215
      ], 
      "location": [
        -5.4330510286912075, 
        -18.668390819917764, 
        59.44464196777215
      ], 
      "pose_transform_permuted": [
        [
          0.1567721689646181, 
          0.7410727867816218, 
          -0.6528656919534442, 
          0.0
        ], 
        [
          0.01503674016101425, 
          0.659171983067777, 
          0.7518418671395093, 
          0.0
        ], 
        [
          -0.9875203205420428, 
          0.12768485199981366, 
          -0.09219650257100964, 
          0.0
        ], 
        [
          -5.4330510286912075, 
          -18.668390819917764, 
          59.44464196777215, 
          1.0
        ]
      ], 
      "projected_cuboid": [
        [
          349.6191396652436, 
          194.17571909226598
        ], 
        [
          314.3779336159314, 
          59.19522759725524
        ], 
        [
          539.0326144595841, 
          39.31502543489652
        ], 
        [
          530.0724024173899, 
          173.9774567614519
        ], 
        [
          349.81827595775496, 
          157.34030805033208
        ], 
        [
          317.6454755144221, 
          25.625732037269348
        ], 
        [
          523.5827421142725, 
          8.558815181544217
        ], 
        [
          517.9957195527003, 
          139.56689431901063
        ]
      ], 
      "projected_cuboid_centroid": [
        432.44714989673463, 
        105.79930816596551
      ], 
      "quaternion_xyzw": [
        0.6699976276290596, 
        0.6144396023598689, 
        0.3390362885759262, 
        -0.24211887380363187
      ], 
      "visibility": 0.9956252971944841
    }, 
    {
      "bounding_box": {
        "bottom_right": [
          261, 
          382
        ], 
        "top_left": [
          184, 
          295
        ]
      }, 
      "class": "005_tomato_soup_can", 
      "cuboid": [
        [
          -24.418999077072698, 
          -4.93337668041015, 
          69.81028079642527
        ], 
        [
          -18.843425561901725, 
          -8.041520311490405, 
          67.5675554804528
        ], 
        [
          -13.358433406268064, 
          -3.4209589558415185, 
          74.80009908656199
        ], 
        [
          -18.934006921439035, 
          -0.3128153247612647, 
          77.04282440253446
        ], 
        [
          -25.60961161236033, 
          -10.104422555427451, 
          74.01677256636717
        ], 
        [
          -20.034038097189356, 
          -13.212566186507704, 
          71.7740472503947
        ], 
        [
          -14.549045941555692, 
          -8.592004830858817, 
          79.00659085650389
        ], 
        [
          -20.124619456726663, 
          -5.4838611997785645, 
          81.24931617247637
        ]
      ], 
      "cuboid_centroid": [
        -19.484022509314194, 
        -6.762690755634485, 
        74.40843582646458
      ], 
      "location": [
        -19.484022509314194, 
        -6.762690755634485, 
        74.40843582646458
      ], 
      "pose_transform_permuted": [
        [
          0.17582959797301748, 
          0.763659788853703, 
          -0.6212144882272833, 
          0.0
        ], 
        [
          -0.8240697326133053, 
          0.45938361031717306, 
          0.3314747884553462, 
          0.0
        ], 
        [
          -0.5385098500389852, 
          -0.45364108682831045, 
          -0.7100823232219065, 
          0.0
        ], 
        [
          -19.484022509314194, 
          -6.762690755634485, 
          74.40843582646458, 
          1.0
        ]
      ], 
      "projected_cuboid": [
        [
          293.49212373833, 
          235.59772818427837
        ], 
        [
          331.62396192573914, 
          209.8137627701569
        ], 
        [
          385.5586292084993, 
          248.89533493952962
        ], 
        [
          349.4364465594046, 
          271.1211119355317
        ], 
        [
          295.532111685327, 
          200.4802504522981
        ], 
        [
          331.4928847473231, 
          175.1101001023424
        ], 
        [
          382.5679461392131, 
          215.28777629178478
        ], 
        [
          348.3984561665774, 
          237.2905357132333
        ]
      ], 
      "projected_cuboid_centroid": [
        340.7823064808232, 
        224.81521379822266
      ], 
      "quaternion_xyzw": [
        0.2930459124519253, 
        0.851311533410199, 
        0.4327857823598566, 
        -0.04570747146430708
      ], 
      "visibility": 0.8511006678209251
    }, 
    {
      "bounding_box": {
        "bottom_right": [
          239, 
          514
        ], 
        "top_left": [
          162, 
          433
        ]
      }, 
      "class": "010_potted_meat_can", 
      "cuboid": [
        [
          4.776558914459442, 
          -7.927316108618178, 
          67.4482288339654
        ], 
        [
          -4.861279437579524, 
          -9.425726106004307, 
          64.58678478294507
        ], 
        [
          -5.592005809689652, 
          -15.529343426812506, 
          70.2441883802354
        ], 
        [
          4.045832542349315, 
          -14.030933429426378, 
          73.10563243125573
        ], 
        [
          3.0168801484929233, 
          -4.0870159026371615, 
          71.36413810093123
        ], 
        [
          -6.620958203546043, 
          -5.58542590002329, 
          68.5026940499109
        ], 
        [
          -7.35168457565617, 
          -11.68904322083149, 
          74.16009764720124
        ], 
        [
          2.286153776382796, 
          -10.190633223445362, 
          77.02154169822157
        ]
      ], 
      "cuboid_centroid": [
        -1.2875628305983642, 
        -9.808179664724834, 
        70.80416324058332
      ], 
      "location": [
        -1.2875628305983642, 
        -9.808179664724834, 
        70.80416324058332
      ],