{
  "camera_data": {
    "location_worldframe": [
      -25.067274331201535, 
      -15.685106335422116, 
      72.13928081389388
    ], 
    "quaternion_xyzw_worldframe": [
      0.9220593854824327, 
      0.009614186660052815, 
      0.03705021175300368, 
      -0.3851508155654882
    ]
  }, 
  "objects": [
    {
      "bounding_box": {
        "bottom_right": [
          195, 
          519
        ], 
        "top_left": [
          28, 
          314
        ]
      }, 
      "class": "003_cracker_box", 
      "cuboid": [
        [
          -16.20968905611035, 
          -8.433782713498246, 
          64.33176173726952
        ], 
        [
          -16.7344486234142, 
          -19.606705472809647, 
          52.33307263811619
        ], 
        [
          4.414773318326192, 
          -22.11268331268607, 
          53.74162986856541
        ], 
        [
          4.939532885630044, 
          -10.939760553374668, 
          65.74031896771874
        ], 
        [
          -17.149064754546895, 
          -13.622701537362989, 
          69.20465536133639
        ], 
        [
          -17.673824321850745, 
          -24.79562429667439, 
          57.205966262183075
        ], 
        [
          3.4753976198896472, 
          -27.301602136550812, 
          58.61452349263229
        ], 
        [
          4.000157187193498, 
          -16.12867937723941, 
          70.61321259178561
        ]
      ], 
      "cuboid_centroid": [
        -6.367145718110351, 
        -17.86769242502453, 
        61.4731426149509
      ], 
      "location": [
        -6.367145718110351, 
        -17.86769242502453, 
        61.4731426149509
      ], 
      "pose_transform_permuted": [
        [
          0.13083227310520795, 
          0.7226906612705872, 
          -0.6786760084358411, 
          0.0
        ], 
        [
          0.03199051093311567, 
          0.6811262337207605, 
          0.7314667873168342, 
          0.0
        ], 
        [
          -0.9908882497660182, 
          0.11741065475353529, 
          -0.06599404992863928, 
          0.0
        ], 
        [
          -6.367145718110351, 
          -17.86769242502453, 
          61.4731426149509, 
          1.0
        ]
      ], 
      "projected_cuboid": [
        [
          346.0965437158339, 
          203.36926290838053
        ], 
        [
          309.6372762944373, 
          73.47713518894045
        ], 
        [
          525.7733667655684, 
          53.84535102898464
        ], 
        [
          522.0030648915753, 
          184.53752322258018
        ], 
        [
          348.33797090852914, 
          168.30438804314755
        ], 
        [
          315.45448995041676, 
          42.12197808634903
        ], 
        [
          513.4824053089902, 
          24.875765296403728
        ], 
        [
          512.0607815240186, 
          151.47165027342297
        ]
      ], 
      "projected_cuboid_centroid": [
        425.8975925912851, 
        118.27265922088024
      ], 
      "quaternion_xyzw": [
        0.6760320210837819, 
        0.6183192627496719, 
        0.318882476542918, 
        -0.24284966941697658
      ], 
      "visibility": 0.9950208034922584
    }, 
    {
      "bounding_box": {
        "bottom_right": [
          269, 
          381
        ], 
        "top_left": [
          194, 
          296
        ]
      }, 
      "class": "005_tomato_soup_can", 
      "cuboid": [
        [
          -25.149360254843305, 
          -3.9779464370839803, 
          72.00229880754748
        ], 
        [
          -19.617409524471864, 
          -7.108361374153615, 
          69.68380422357305
        ], 
        [
          -13.957330171060722, 
          -2.235253419879009, 
          76.60917307887772
        ], 
        [
          -19.489280901432167, 
          0.895161517190627, 
          78.92766766285214
        ], 
        [
          -26.169383035673782, 
          -9.031745572626948, 
          76.39211822131365
        ], 
        [
          -20.63743230530234, 
          -12.162160509696584, 
          74.07362363733924
        ], 
        [
          -14.977352951891199, 
          -7.289052555421977, 
          80.99899249264391
        ], 
        [
          -20.50930368226264, 
          -4.1586376183523415, 
          83.31748707661832
        ]
      ], 
      "cuboid_centroid": [
        -20.063356603367254, 
        -5.633499496252979, 
        76.50064565009569
      ], 
      "location": [
        -20.063356603367254, 
        -5.633499496252979, 
        76.50064565009569
      ], 
      "pose_transform_permuted": [
        [
          0.150636911808941, 
          0.7463447963986314, 
          -0.648288305237933, 
          0.0
        ], 
        [
          -0.8176222852775682, 
          0.46267530921087074, 
          0.34267348581854495, 
          0.0
        ], 
        [
          -0.5556996978899169, 
          -0.47843580432195487, 
          -0.6799242802752813, 
          0.0
        ], 
        [
          -20.063356603367254, 
          -5.633499496252979, 
          76.50064565009569, 
          1.0
        ]
      ], 
      "projected_cuboid": [
        [
          293.76388543371246, 
          243.8219685046565
        ], 
        [
          330.20555018738884, 
          218.88324632229504
        ], 
        [
          383.6225100642304, 
          257.7256805245307
        ], 
        [
          348.80923547789985, 
          279.3352048349682
        ], 
        [
          297.3771143080958, 
          210.23282385157452
        ], 
        [
          331.7722330932378, 
          185.72070746059248
        ], 
        [
          382.16025820257204, 
          225.29341669757167
        ], 
        [
          349.221910683039, 
          246.66688154436633
        ]
      ], 
      "projected_cuboid_centroid": [
        340.5609880819099, 
        234.012939992753
      ], 
      "quaternion_xyzw": [
        0.2967449149166539, 
        0.8579548931670965, 
        0.4156014168206773, 
        -0.05595765451628546
      ], 
      "visibility": 0.8412241695003924
    }, 
    {
      "bounding_box": {
        "bottom_right": [
          248, 
          507
        ], 
        "top_left": [
          173, 
          428
        ]
      }, 
      "class": "010_potted_meat_can", 
      "cuboid": [
        [
          3.986506028267166, 
          -6.818324680780337, 
          68.84725110625016
        ], 
        [
          -5.719770438243598, 
          -8.473518599762563, 
          66.32345378403053
        ], 
        [
          -6.228707517481531, 
          -14.413228478719784, 
          72.17624375938378
        ], 
        [
          3.477568949029233, 
          -12.758034559737558, 
          74.70004108160342
        ], 
        [
          2.3125748160050588, 
          -2.877826682605747, 
          72.70071062226393
        ], 
        [
          -7.393701650505706, 
          -4.533020601587974, 
          70.17691330004428
        ], 
        [
          -7.9026387297436385, 
          -10.472730480545193, 
          76.02970327539754
        ], 
        [
          1.8036377367671261, 
          -8.817536561562967, 
          78.55350059761716
        ]
      ], 
      "cuboid_centroid": [
        -1.9580663507382363, 
        -8.645527580662765, 
        72.43847719082385
      ], 
      "location": [
        -1.9580663507382363, 
        -8.645527580662765, 
        72.43847719082385
      ],