{
  "camera_data": {
    "location_worldframe": [
      -9.463454425978624, 
      -15.136069690413118, 
      63.96320016246375
    ], 
    "quaternion_xyzw_worldframe": [
      -0.8397170053140149, 
      -0.05328931382478552, 
      -0.17168407320749665, 
      0.5124089568985151
    ]
  }, 
  "objects": [
    {
      "bounding_box": {
        "bottom_right": [
          208, 
          714
        ], 
        "top_left": [
          51, 
          475
        ]
      }, 
      "class": "003_cracker_box", 
      "cuboid": [
        [
          1.0065208646943629, 
          -6.428770831167545, 
          61.401783021848644
        ], 
        [
          4.21943229041148, 
          -13.606470046390942, 
          47.006090963686454
        ], 
        [
          24.18520424815451, 
          -17.558661984437762, 
          53.43272897765886
        ], 
        [
          20.972292822437392, 
          -10.380962769214365, 
          67.82842103582105
        ], 
        [
          -1.1062372313832087, 
          -12.746543338396698, 
          64.08029031310264
        ], 
        [
          2.106674194333909, 
          -19.924242553620097, 
          49.68459825494045
        ], 
        [
          22.07244615207694, 
          -23.876434491666913, 
          56.111236268912855
        ], 
        [
          18.859534726359822, 
          -16.698735276443518, 
          70.50692832707504
        ]
      ], 
      "cuboid_centroid": [
        11.53948350838565, 
        -15.15260266141723, 
        58.75650964538075
      ], 
      "location": [
        11.53948350838565, 
        -15.15260266141723, 
        58.75650964538075
      ], 
      "pose_transform_permuted": [
        [
          0.294256009274368, 
          0.8799126265008587, 
          -0.3730511636897593, 
          0.0
        ], 
        [
          -0.1958662299757966, 
          0.43756851618536396, 
          0.8775934215788125, 
          0.0
        ], 
        [
          -0.9354409767382394, 
          0.1851690129792224, 
          -0.30110233421763627, 
          0.0
        ], 
        [
          11.53948350838565, 
          -15.15260266141723, 
          58.75650964538075, 
          1.0
        ]
      ], 
      "projected_cuboid": [
        [
          490.4122969033036, 
          217.44794158821503
        ], 
        [
          529.8686614723397, 
          118.91086485477994
        ], 
        [
          725.0046744839497, 
          98.03106311136484
        ], 
        [
          647.8716820159606, 
          191.66336804108312
        ], 
        [
          472.3134879131094, 
          167.20116997059992
        ], 
        [
          504.3987746453542, 
          59.41767103048126
        ], 
        [
          693.137005062699, 
          46.348567310420094
        ], 
        [
          625.440793548134, 
          146.9760781666898
        ]
      ], 
      "projected_cuboid_centroid": [
        587.211222381789, 
        135.7497818991186
      ], 
      "quaternion_xyzw": [
        0.5835995944766379, 
        0.5881641736552672, 
        0.5019920515469493, 
        -0.24794837837502667
      ], 
      "visibility": 0.9911350725476716
    }, 
    {
      "bounding_box": {
        "bottom_right": [
          253, 
          470
        ], 
        "top_left": [
          184, 
          396
        ]
      }, 
      "class": "005_tomato_soup_can", 
      "cuboid": [
        [
          -9.861689017072054, 
          -3.9036045237729327, 
          67.2429456301083
        ], 
        [
          -3.807927588768166, 
          -6.525235519782721, 
          65.7408080906848
        ], 
        [
          -0.47580814479726147, 
          -4.179493157931029, 
          75.07562924515128
        ], 
        [
          -6.529569573101152, 
          -1.5578621619212412, 
          76.57776678457479
        ], 
        [
          -11.920091386029744, 
          -9.948087959614679, 
          69.49661959557238
        ], 
        [
          -5.8663299577258545, 
          -12.569718955624465, 
          67.99448205614887
        ], 
        [
          -2.5342105137549504, 
          -10.223976593772774, 
          77.32930321061536
        ], 
        [
          -8.58797194205884, 
          -7.6023455977629855, 
          78.83144075003887
        ]
      ], 
      "cuboid_centroid": [
        -6.197949765413503, 
        -7.063790558772853, 
        72.28612442036183
      ], 
      "location": [
        -6.197949765413503, 
        -7.063790558772853, 
        72.28612442036183
      ], 
      "pose_transform_permuted": [
        [
          0.3039847559752951, 
          0.8926490029116536, 
          -0.3328224553037123, 
          0.0
        ], 
        [
          -0.8947459033502047, 
          0.3874770457270693, 
          0.22201591945527152, 
          0.0
        ], 
        [
          -0.32714342904606397, 
          -0.2303021283655629, 
          -0.9164813726979262, 
          0.0
        ], 
        [
          -6.197949765413503, 
          -7.063790558772853, 
          72.28612442036183, 
          1.0
        ]
      ], 
      "projected_cuboid": [
        [
          402.72988893335497, 
          242.3261343587925
        ], 
        [
          450.4479777116269, 
          220.35083505086578
        ], 
        [
          478.1888725721721, 
          243.59640322977236
        ], 
        [
          435.74345237624163, 
          262.4369345819105
        ], 
        [
          389.3595433971393, 
          196.944549625075
        ], 
        [
          435.20063997770745, 
          174.69504833002094
        ], 
        [
          463.9736434308339, 
          202.7744977980197
        ], 
        [
          423.01254683295207, 
          221.85427000883774
        ]
      ], 
      "projected_cuboid_centroid": [
        435.48815961993495, 
        221.17061854846824
      ], 
      "quaternion_xyzw": [
        0.22791135443411212, 
        0.7838798516066541, 
        0.576979486046731, 
        0.026142028128423898
      ], 
      "visibility": 0.9497896213183731
    }, 
    {
      "bounding_box": {
        "bottom_right": [
          239, 
          617
        ], 
        "top_left": [
          164, 
          532
        ]
      }, 
      "class": "010_potted_meat_can", 
      "cuboid": [
        [
          19.058294542473863, 
          -7.289254395694794, 
          71.61339353662792
        ], 
        [
          10.508950940898538, 
          -7.613227226017151, 
          66.12478822518172
        ], 
        [
          8.556408447165484, 
          -14.955426255378484, 
          69.5995561477649
        ], 
        [
          17.10575204874081, 
          -14.63145342505613, 
          75.0881614592111
        ], 
        [
          16.24847022160366, 
          -4.547290686044742, 
          75.82827701299695
        ], 
        [
          7.699126620028338, 
          -4.871263516367098, 
          70.33967170155074
        ], 
        [
          5.746584126295284, 
          -12.213462545728431, 
          73.81443962413393
        ], 
        [
          14.29592772787061, 
          -11.889489715406075, 
          79.30304493558012
        ]
      ], 
      "cuboid_centroid": [
        12.402439334384574, 
        -9.751358470711613, 
        72.71391658038092
      ], 
      "location": [
        12.402439334384574, 
        -9.751358470711613, 
        72.71391658038092
      ],