{
  "camera_data": {
    "location_worldframe": [
      -22.53563837917126, 
      -4.384601258693286, 
      92.08408134691174
    ], 
    "quaternion_xyzw_worldframe": [
      0.951053483795765, 
      0.0371539200898229, 
      -0.06358587454328268, 
      -0.3001224180038112
    ]
  }, 
  "objects": [
    {
      "bounding_box": {
        "bottom_right": [
          283, 
          516
        ], 
        "top_left": [
          168, 
          360
        ]
      }, 
      "class": "003_cracker_box", 
      "cuboid": [
        [
          -16.033887352789968, 
          2.1292305645256193, 
          81.7258409545359
        ], 
        [
          -16.861134228639024, 
          -11.12560228095027, 
          72.0975916571793
        ], 
        [
          4.398302552270166, 
          -11.076582270142346, 
          70.20352409147273
        ], 
        [
          5.225549428119224, 
          2.178250575333543, 
          79.83177338882935
        ], 
        [
          -15.509352849068476, 
          -2.1006331078467193, 
          87.50386089241195
        ], 
        [
          -16.336599724917534, 
          -15.355465953322609, 
          77.87561159505533
        ], 
        [
          4.922837055991656, 
          -15.306445942514685, 
          75.98154402934878
        ], 
        [
          5.750083931840715, 
          -2.051613097038796, 
          85.60979332670539
        ]
      ], 
      "cuboid_centroid": [
        -5.555525148399154, 
        -6.588607688994533, 
        78.85369249194234
      ], 
      "location": [
        -5.555525148399154, 
        -6.588607688994533, 
        78.85369249194234
      ], 
      "pose_transform_permuted": [
        [
          -0.07305494655462441, 
          0.589117517200705, 
          -0.8047381721474248, 
          0.0
        ], 
        [
          0.05043081036560043, 
          0.8080441053003075, 
          0.5869595022276195, 
          0.0
        ], 
        [
          -0.9960520609635674, 
          -0.0022966969114409097, 
          0.08874129271949517, 
          0.0
        ], 
        [
          -5.555525148399154, 
          -6.588607688994533, 
          78.85369249194234, 
          1.0
        ]
      ], 
      "projected_cuboid": [
        [
          376.0925238657928, 
          287.18129077791957
        ], 
        [
          355.8326561815421, 
          190.9883441774333
        ], 
        [
          515.2883813745638, 
          189.14035991242366
        ], 
        [
          516.7974954147471, 
          287.83843429496187
        ], 
        [
          386.2827387784489, 
          260.48357406593715
        ], 
        [
          368.7859421582165, 
          168.12690540983436
        ], 
        [
          516.4387489979389, 
          165.84956135536868
        ], 
        [
          517.7166311135383, 
          260.50569365016094
        ]
      ], 
      "projected_cuboid_centroid": [
        443.7096673833315, 
        228.72510534171678
      ], 
      "quaternion_xyzw": [
        0.6806012572721242, 
        0.6626847023082066, 
        0.18876858886976797, 
        -0.2489926380084443
      ], 
      "visibility": 0.9913281064385839
    }, 
    {
      "bounding_box": {
        "bottom_right": [
          343, 
          408
        ], 
        "top_left": [
          279, 
          342
        ]
      }, 
      "class": "005_tomato_soup_can", 
      "cuboid": [
        [
          -24.221930426594522, 
          7.005090495348081, 
          89.95938911592079
        ], 
        [
          -18.735017572816755, 
          4.088476084135107, 
          87.28272301631897
        ], 
        [
          -12.799350959712259, 
          10.764837191729463, 
          92.17541935085963
        ], 
        [
          -18.286263813490027, 
          13.681451602942435, 
          94.85208545046146
        ], 
        [
          -23.868171913217378, 
          2.8061476326847994, 
          95.25991554370215
        ], 
        [
          -18.381259059439607, 
          -0.11046677852817322, 
          92.58324944410033
        ], 
        [
          -12.445592446335114, 
          6.5658943290661815, 
          97.475945778641
        ], 
        [
          -17.932505300112883, 
          9.482508740279155, 
          100.15261187824282
        ]
      ], 
      "cuboid_centroid": [
        -18.33376143646482, 
        6.785492412207131, 
        93.71766744728089
      ], 
      "location": [
        -18.33376143646482, 
        6.785492412207131, 
        93.71766744728089
      ], 
      "pose_transform_permuted": [
        [
          -0.05224303906023394, 
          0.6200996659886481, 
          -0.7827814702261663, 
          0.0
        ], 
        [
          -0.8109656873830136, 
          0.43107559275194773, 
          0.39561123371293855, 
          0.0
        ], 
        [
          -0.5827565194275182, 
          -0.6554770028547832, 
          -0.4803589676411122, 
          0.0
        ], 
        [
          -18.33376143646482, 
          6.785492412207131, 
          93.71766744728089, 
          1.0
        ]
      ], 
      "projected_cuboid": [
        [
          336.8019259423093, 
          314.8158544849197
        ], 
        [
          366.1673714986392, 
          298.2681641915669
        ], 
        [
          406.9239030267484, 
          335.57102254825116
        ], 
        [
          377.92307340261146, 
          350.21248042545517
        ], 
        [
          346.85577783805735, 
          288.9969601168987
        ], 
        [
          374.8306747101691, 
          272.6502015314549
        ], 
        [
          412.9361113217502, 
          309.2104779724916
        ], 
        [
          385.3094544440082, 
          323.78155267891066
        ]
      ], 
      "projected_cuboid_centroid": [
        376.39559023256743, 
        311.90077245248614
      ], 
      "quaternion_xyzw": [
        0.2812200041858013, 
        0.9012802228585685, 
        0.30524874664936696, 
        -0.12422725513512436
      ], 
      "visibility": 0.8349358974358975
    }, 
    {
      "bounding_box": {
        "bottom_right": [
          338, 
          508
        ], 
        "top_left": [
          272, 
          440
        ]
      }, 
      "class": "010_potted_meat_can", 
      "cuboid": [
        [
          4.20736790715825, 
          6.694567150016177, 
          82.30436502737493
        ], 
        [
          -5.455409485916272, 
          3.575190013498523, 
          81.8340013282246
        ], 
        [
          -4.2586679243801475, 
          -1.154514639021182, 
          88.61574331883632
        ], 
        [
          5.404109468694374, 
          1.9648624974964723, 
          89.08610701798663
        ], 
        [
          2.621523769359293, 
          11.101353318083957, 
          85.65758056743424
        ], 
        [
          -7.04125362371523, 
          7.981976181566303, 
          85.18721686828393
        ], 
        [
          -5.8445120621791045, 
          3.252271529046598, 
          91.96895885889565
        ], 
        [
          3.818265330895417, 
          6.371648665564251, 
          92.43932255804597
        ]
      ], 
      "cuboid_centroid": [
        -0.8185720775104273, 
        4.973419339531388, 
        87.13666194313528
      ], 
      "location": [
        -0.8185720775104273, 
        4.973419339531388, 
        87.13666194313528
      ],