{
  "camera_data": {
    "location_worldframe": [
      -10.923036567618162, 
      -16.561619776173504, 
      62.31845440981354
    ], 
    "quaternion_xyzw_worldframe": [
      -0.8457140909719186, 
      -0.04223932567397708, 
      -0.1625794483109023, 
      0.5065121946324717
    ]
  }, 
  "objects": [
    {
      "bounding_box": {
        "bottom_right": [
          192, 
          707
        ], 
        "top_left": [
          22, 
          462
        ]
      }, 
      "class": "003_cracker_box", 
      "cuboid": [
        [
          -0.4280835829867033, 
          -8.015528942493376, 
          59.348916114852116
        ], 
        [
          2.2945402562405155, 
          -15.418835576027625, 
          44.96640986569318
        ], 
        [
          22.385492028717955, 
          -19.52761179410649, 
          50.88461584488405
        ], 
        [
          19.66286818949074, 
          -12.124305160572241, 
          65.26712209404299
        ], 
        [
          -2.5384993073768416, 
          -14.27181884101002, 
          62.169798904141324
        ], 
        [
          0.18412453185037703, 
          -21.67512547454427, 
          47.787292654982394
        ], 
        [
          20.275076304327822, 
          -25.783901692623136, 
          53.70549863417327
        ], 
        [
          17.5524524651006, 
          -18.380595059088886, 
          68.0880048833322
        ]
      ], 
      "cuboid_centroid": [
        9.923496360670558, 
        -16.899715317558258, 
        56.52720737451269
      ], 
      "location": [
        9.923496360670558, 
        -16.899715317558258, 
        56.52720737451269
      ], 
      "pose_transform_permuted": [
        [
          0.2939297736555051, 
          0.871349588870991, 
          -0.3928806207147135, 
          0.0
        ], 
        [
          -0.1659772077011552, 
          0.4513220464337915, 
          0.8767895853205274, 
          0.0
        ], 
        [
          -0.9413059304405509, 
          0.19250533597064196, 
          -0.2772811586463804, 
          0.0
        ], 
        [
          9.923496360670558, 
          -16.899715317558258, 
          56.52720737451269, 
          1.0
        ]
      ], 
      "projected_cuboid": [
        [
          477.7181785989336, 
          201.25761421416476
        ], 
        [
          509.038023168943, 
          90.41298888217118
        ], 
        [
          718.1737226833197, 
          68.61843526630234
        ], 
        [
          643.6079355433405, 
          174.21476697306838
        ], 
        [
          459.6392437525546, 
          150.8566667328967
        ], 
        [
          483.66907492021204, 
          31.386061075866646
        ], 
        [
          684.6155080585238, 
          17.240880591604522
        ], 
        [
          620.2276161051071, 
          129.31505119535998
        ]
      ], 
      "projected_cuboid_centroid": [
        576.0029228910792, 
        113.84209436763321
      ], 
      "quaternion_xyzw": [
        0.595694709768393, 
        0.5844554072906732, 
        0.4913252290889111, 
        -0.24931748615645136
      ], 
      "visibility": 0.9912059096287295
    }, 
    {
      "bounding_box": {
        "bottom_right": [
          243, 
          462
        ], 
        "top_left": [
          170, 
          383
        ]
      }, 
      "class": "005_tomato_soup_can", 
      "cuboid": [
        [
          -11.097393587996256, 
          -5.283303660243782, 
          65.45736958130468
        ], 
        [
          -5.11936420799201, 
          -7.997232653997216, 
          63.82178166068557
        ], 
        [
          -1.498849282544136, 
          -5.570226294616225, 
          73.02753665465988
        ], 
        [
          -7.476878662548381, 
          -2.8562973008627908, 
          74.66312457527897
        ], 
        [
          -13.162217576479668, 
          -11.272552243556692, 
          67.84844673714348
        ], 
        [
          -7.1841881964754215, 
          -13.986481237310128, 
          66.21285881652439
        ], 
        [
          -3.5636732710275467, 
          -11.559474877929135, 
          75.4186138104987
        ], 
        [
          -9.541702651031791, 
          -8.845545884175701, 
          77.05420173111779
        ]
      ], 
      "cuboid_centroid": [
        -7.330533429511902, 
        -8.42138926908646, 
        70.43799169590169
      ], 
      "location": [
        -7.330533429511902, 
        -8.42138926908646, 
        70.43799169590169
      ], 
      "pose_transform_permuted": [
        [
          0.3049331004165627, 
          0.8844919227311584, 
          -0.35311415139102204, 
          0.0
        ], 
        [
          -0.8835527070587855, 
          0.4011186892484744, 
          0.24173988500782842, 
          0.0
        ], 
        [
          -0.3554577462001133, 
          -0.2382805286770609, 
          -0.9038098142417552, 
          0.0
        ], 
        [
          -7.330533429511902, 
          -8.42138926908646, 
          70.43799169590169, 
          1.0
        ]
      ], 
      "projected_cuboid": [
        [
          390.4266019536144, 
          230.24036420648787
        ], 
        [
          438.4611710874776, 
          206.45855739906665
        ], 
        [
          470.55976387892895, 
          232.60721478774906
        ], 
        [
          427.74456382807244, 
          252.88397253062664
        ], 
        [
          377.27387015482816, 
          184.67916149867457
        ], 
        [
          423.2489177299313, 
          160.63071135140146
        ], 
        [
          456.1866941414455, 
          191.5441933254493
        ], 
        [
          415.00518651982713, 
          212.063363412297
        ]
      ], 
      "projected_cuboid_centroid": [
        425.6315735708374, 
        209.5241889056529
      ], 
      "quaternion_xyzw": [
        0.24045833151397827, 
        0.7865982753488068, 
        0.5683656426083298, 
        0.020084335736914777
      ], 
      "visibility": 0.9425051334702259
    }, 
    {
      "bounding_box": {
        "bottom_right": [
          226, 
          613
        ], 
        "top_left": [
          148, 
          524
        ]
      }, 
      "class": "010_potted_meat_can", 
      "cuboid": [
        [
          17.892396581236365, 
          -8.960563498836088, 
          69.06240651106855
        ], 
        [
          9.188894424408529, 
          -9.252896672650419, 
          63.81982945402871
        ], 
        [
          7.249023592411861, 
          -16.524994044159087, 
          67.44582198944104
        ], 
        [
          15.952525749239694, 
          -16.232660870344752, 
          72.68839904648088
        ], 
        [
          15.234487913479477, 
          -6.130078450825478, 
          73.3171211108286
        ], 
        [
          6.530985756651646, 
          -6.4224116246398095, 
          68.07454405378877
        ], 
        [
          4.591114924654978, 
          -13.694508996148475, 
          71.7005365892011
        ], 
        [
          13.294617081482812, 
          -13.402175822334145, 
          76.94311364624093
        ]
      ], 
      "cuboid_centroid": [
        11.24175575294567, 
        -11.327536247492281, 
        70.38147155013482
      ], 
      "location": [
        11.24175575294567, 
        -11.327536247492281, 
        70.38147155013482
      ],