{
  "camera_data": {
    "location_worldframe": [
      -24.807404955217304, 
      -7.616414547319319, 
      87.04303773167321
    ], 
    "quaternion_xyzw_worldframe": [
      0.9461604062488601, 
      0.027745146506310353, 
      -0.03485054699694862, 
      -0.3206167788066422
    ]
  }, 
  "objects": [
    {
      "bounding_box": {
        "bottom_right": [
          260, 
          506
        ], 
        "top_left": [
          136, 
          338
        ]
      }, 
      "class": "003_cracker_box", 
      "cuboid": [
        [
          -17.5871144519331, 
          -0.9279769022271289, 
          77.2897087973902
        ], 
        [
          -18.436165818215002, 
          -13.725690454621544, 
          67.06348000592307
        ], 
        [
          2.877070289581998, 
          -14.412937884596813, 
          66.15397204571276
        ], 
        [
          3.726121655863901, 
          -1.6152243322023974, 
          76.38020083717988
        ], 
        [
          -17.492539958489832, 
          -5.413534433843856, 
          82.89535120755953
        ], 
        [
          -18.341591324771738, 
          -18.21124798623827, 
          72.6691224160924
        ], 
        [
          2.971644783025265, 
          -18.89849541621354, 
          71.75961445588209
        ], 
        [
          3.820696149307168, 
          -6.100781863819125, 
          81.98584324734922
        ]
      ], 
      "cuboid_centroid": [
        -7.3077348344539175, 
        -9.913236159220334, 
        74.52466162663615
      ], 
      "location": [
        -7.3077348344539175, 
        -9.913236159220334, 
        74.52466162663615
      ], 
      "pose_transform_permuted": [
        [
          -0.01317193533487182, 
          0.6247294761641573, 
          -0.7807301593580148, 
          0.0
        ], 
        [
          0.05176006062237387, 
          0.7801770959988963, 
          0.6234136628299839, 
          0.0
        ], 
        [
          -0.9985726795000461, 
          0.03219907592441429, 
          0.042612477817086394, 
          0.0
        ], 
        [
          -7.3077348344539175, 
          -9.913236159220334, 
          74.52466162663615, 
          1.0
        ]
      ], 
      "projected_cuboid": [
        [
          359.22997163687313, 
          266.8832501131165
        ], 
        [
          333.76241150948886, 
          164.13354575155986
        ], 
        [
          504.9847029999339, 
          157.09242616645275
        ], 
        [
          507.83127811576094, 
          262.0083433951918
        ], 
        [
          368.1183464377764, 
          238.4577582527482
        ], 
        [
          345.8661353013166, 
          139.63396502981593
        ], 
        [
          503.86647022464985, 
          132.8323594806109
        ], 
        [
          506.6578946240636, 
          233.60082747634397
        ]
      ], 
      "projected_cuboid_centroid": [
        428.8650370525742, 
        202.34461270575056
      ], 
      "quaternion_xyzw": [
        0.6827681333924429, 
        0.6513008181346056, 
        0.22344398400047913, 
        -0.2443516039132671
      ], 
      "visibility": 0.9902022424814
    }, 
    {
      "bounding_box": {
        "bottom_right": [
          325, 
          394
        ], 
        "top_left": [
          259, 
          322
        ]
      }, 
      "class": "005_tomato_soup_can", 
      "cuboid": [
        [
          -25.975350373155592, 
          3.908693253444716, 
          85.34278291021792
        ], 
        [
          -20.476838967550954, 
          0.8985797127569379, 
          82.79661274858137
        ], 
        [
          -14.54216045461568, 
          7.131146513635664, 
          88.24446693382147
        ], 
        [
          -20.040671860220314, 
          10.141260054323443, 
          90.79063709545802
        ], 
        [
          -26.02737672722286, 
          -0.5194076735694254, 
          90.46538596920712
        ], 
        [
          -20.528865321618227, 
          -3.529521214257203, 
          87.91921580757057
        ], 
        [
          -14.594186808682954, 
          2.7030455866215233, 
          93.36706999281067
        ], 
        [
          -20.09269821428759, 
          5.713159127309302, 
          95.91324015444722
        ]
      ], 
      "cuboid_centroid": [
        -20.28476859091927, 
        3.30586942003312, 
        89.35492645151429
      ], 
      "location": [
        -20.28476859091927, 
        3.30586942003312, 
        89.35492645151429
      ], 
      "pose_transform_permuted": [
        [
          0.007683249292718706, 
          0.6539417171454106, 
          -0.7565057562742917, 
          0.0
        ], 
        [
          -0.8126799532745245, 
          0.4448947635361243, 
          0.37632393485237237, 
          0.0
        ], 
        [
          -0.5826595089562444, 
          -0.6119058182885257, 
          -0.5348636893335696, 
          0.0
        ], 
        [
          -20.28476859091927, 
          3.30586942003312, 
          89.35492645151429, 
          1.0
        ]
      ], 
      "projected_cuboid": [
        [
          317.92056003181966, 
          297.71253612194613
        ], 
        [
          348.59999555193264, 
          279.07457860223695
        ], 
        [
          392.9767747614159, 
          316.38476519421584
        ], 
        [
          362.89372518856095, 
          332.85801757481437
        ], 
        [
          326.8794770386772, 
          270.224479703607
        ], 
        [
          356.03083201523754, 
          251.87639725746308
        ], 
        [
          397.53929010814664, 
          288.72653353512027
        ], 
        [
          368.9418183460124, 
          305.0542025860362
        ]
      ], 
      "projected_cuboid_centroid": [
        359.51741338387757, 
        293.0177936729386
      ], 
      "quaternion_xyzw": [
        0.2880624772594488, 
        0.8917807364814153, 
        0.33326729257729226, 
        -0.10334398089101808
      ], 
      "visibility": 0.8231268011527377
    }, 
    {
      "bounding_box": {
        "bottom_right": [
          315, 
          497
        ], 
        "top_left": [
          248, 
          428
        ]
      }, 
      "class": "010_potted_meat_can", 
      "cuboid": [
        [
          2.7562001665633535, 
          2.829110292135396, 
          78.99829645485283
        ], 
        [
          -6.9802205938023985, 
          0.10523632145466988, 
          77.94775181211446
        ], 
        [
          -6.28063451566096, 
          -4.947248395684023, 
          84.5641933326564
        ], 
        [
          3.4557862447047922, 
          -2.223374425003297, 
          85.61473797539477
        ], 
        [
          1.1736986306949373, 
          7.148934474009519, 
          82.46435016840515
        ], 
        [
          -8.562722129670815, 
          4.425060503328793, 
          81.41380552566679
        ], 
        [
          -7.863136051529376, 
          -0.6274242138099, 
          88.03024704620871
        ], 
        [
          1.8732847088363758, 
          2.096449756870826, 
          89.08079168894709
        ]
      ], 
      "cuboid_centroid": [
        -2.553467942483011, 
        1.100843039162748, 
        83.51427175053078
      ], 
      "location": [
        -2.553467942483011, 
        1.100843039162748, 
        83.51427175053078
      ],