{
  "camera_data": {
    "location_worldframe": [
      -18.454365010940347, 
      -19.263474357239705, 
      61.346176695067726
    ], 
    "quaternion_xyzw_worldframe": [
      0.8804465831804315, 
      0.014481652355850104, 
      0.11375989218639511, 
      -0.4600689054154808
    ]
  }, 
  "objects": [
    {
      "bounding_box": {
        "bottom_right": [
          156, 
          623
        ], 
        "top_left": [
          0, 
          379
        ]
      }, 
      "class": "003_cracker_box", 
      "cuboid": [
        [
          -8.308499463104038, 
          -11.318318271788087, 
          56.25378956630181
        ], 
        [
          -7.376890448471146, 
          -20.283636343460543, 
          42.54856092155625
        ], 
        [
          13.235850343781546, 
          -24.17108740104333, 
          46.49269434382988
        ], 
        [
          12.304241329148654, 
          -15.205769329370872, 
          60.19792298857545
        ], 
        [
          -10.126271742129845, 
          -17.187125223119182, 
          59.969325388300554
        ], 
        [
          -9.194662727496953, 
          -26.152443294791638, 
          46.26409674355499
        ], 
        [
          11.41807806475574, 
          -30.039894352374425, 
          50.20823016582862
        ], 
        [
          10.48646905012285, 
          -21.07457628070197, 
          63.91345881057418
        ]
      ], 
      "cuboid_centroid": [
        1.5547893008258513, 
        -20.679106312081256, 
        53.231009866065214
      ], 
      "location": [
        1.5547893008258513, 
        -20.679106312081256, 
        53.231009866065214
      ], 
      "pose_transform_permuted": [
        [
          0.2531716326581612, 
          0.8173826032930523, 
          -0.5174841101435615, 
          0.0
        ], 
        [
          -0.05679295857553379, 
          0.5465457395360427, 
          0.8355012354576372, 
          0.0
        ], 
        [
          -0.9657529105694888, 
          0.18213575823784067, 
          -0.18479145352988646, 
          0.0
        ], 
        [
          1.5547893008258513, 
          -20.679106312081256, 
          53.231009866065214, 
          1.0
        ]
      ], 
      "projected_cuboid": [
        [
          402.17109464607637, 
          165.98210872527113
        ], 
        [
          388.36180660298106, 
          19.043850435945426
        ], 
        [
          634.6913167334205, 
          -3.9809862920534425
        ], 
        [
          591.5141214813121, 
          138.5720136601276
        ], 
        [
          390.79156908745, 
          120.4378874329594
        ], 
        [
          374.72026573193284, 
          -28.191522515408092
        ], 
        [
          603.8923883428552, 
          -45.80186409128415
        ], 
        [
          569.8295921875784, 
          97.43180492992101
        ]
      ], 
      "projected_cuboid_centroid": [
        497.3042620306504, 
        66.1033117668658
      ], 
      "quaternion_xyzw": [
        0.6408640475572547, 
        0.5899451903527259, 
        0.424689476756198, 
        -0.24677275631796555
      ], 
      "visibility": 0.7711906742194207
    }, 
    {
      "bounding_box": {
        "bottom_right": [
          230, 
          415
        ], 
        "top_left": [
          148, 
          324
        ]
      }, 
      "class": "005_tomato_soup_can", 
      "cuboid": [
        [
          -18.153328111682026, 
          -7.711857444019617, 
          63.23110188635265
        ], 
        [
          -12.436115184011564, 
          -10.716271307170373, 
          61.21507426352855
        ], 
        [
          -7.728187986069732, 
          -7.392989210428835, 
          69.61362359107947
        ], 
        [
          -13.445400913740194, 
          -4.388575347278078, 
          71.62965121390357
        ], 
        [
          -19.974343693346324, 
          -13.362473694243937, 
          66.48783105921045
        ], 
        [
          -14.25713076567586, 
          -16.366887557394694, 
          64.47180343638635
        ], 
        [
          -9.549203567734027, 
          -13.043605460653158, 
          72.87035276393729
        ], 
        [
          -15.266416495404489, 
          -10.039191597502398, 
          74.88638038676139
        ]
      ], 
      "cuboid_centroid": [
        -13.851265839708027, 
        -10.377731452336386, 
        68.05072732514496
      ], 
      "location": [
        -13.851265839708027, 
        -10.377731452336386, 
        68.05072732514496
      ], 
      "pose_transform_permuted": [
        [
          0.2689274874376176, 
          0.8344827171979347, 
          -0.48095359674022836, 
          0.0
        ], 
        [
          -0.8450040369442171, 
          0.4440523512298144, 
          0.29796887074687745, 
          0.0
        ], 
        [
          -0.4622185588276791, 
          -0.32627578905749255, 
          -0.8245593449535171, 
          0.0
        ], 
        [
          -13.851265839708027, 
          -10.377731452336386, 
          68.05072732514496, 
          1.0
        ]
      ], 
      "projected_cuboid": [
        [
          327.2077516463338, 
          208.2412600276831
        ], 
        [
          372.34791196574304, 
          179.92395669818308
        ], 
        [
          421.89695284384123, 
          216.64782675365305
        ], 
        [
          380.6548937055702, 
          240.61133804312811
        ], 
        [
          320.04144084910274, 
          166.1019782324021
        ], 
        [
          362.67730085589596, 
          137.8974037449262
        ], 
        [
          411.12646092593974, 
          177.82370620594455
        ], 
        [
          371.9679292002155, 
          201.79025987981998
        ]
      ], 
      "projected_cuboid_centroid": [
        372.13883606723175, 
        191.95533653846329
      ], 
      "quaternion_xyzw": [
        0.27824167079891715, 
        0.8142839527373018, 
        0.5093561209742639, 
        -0.008916233462428608
      ], 
      "visibility": 0.94136460554371
    }, 
    {
      "bounding_box": {
        "bottom_right": [
          205, 
          567
        ], 
        "top_left": [
          122, 
          474
        ]
      }, 
      "class": "010_potted_meat_can", 
      "cuboid": [
        [
          11.024831817994402, 
          -11.614124819302582, 
          63.80498770916615
        ], 
        [
          1.7590168836672149, 
          -12.277969840272874, 
          59.67885076665544
        ], 
        [
          0.19681526265747235, 
          -19.073579081700277, 
          64.2803224905218
        ], 
        [
          9.462630196984659, 
          -18.40973406072999, 
          68.40645943303252
        ], 
        [
          8.915689388279729, 
          -8.284848599215364, 
          68.00572079758052
        ], 
        [
          -0.350125546047457, 
          -8.948693620185654, 
          63.8795838550698
        ], 
        [
          -1.912327167057199, 
          -15.744302861613061, 
          68.48105557893616
        ], 
        [
          7.3534877672699865, 
          -15.080457840642769, 
          72.60719252144689
        ]
      ], 
      "cuboid_centroid": [
        4.556252325468601, 
        -13.679213840457821, 
        66.14302164405116
      ], 
      "location": [
        4.556252325468601, 
        -13.679213840457821, 
        66.14302164405116
      ],