{
  "camera_data": {
    "location_worldframe": [
      -11.897810664647524, 
      -17.400782997387275, 
      61.362584265733574
    ], 
    "quaternion_xyzw_worldframe": [
      -0.849755879087966, 
      -0.03718405992874928, 
      -0.15702667088231395, 
      0.5018722547810058
    ]
  }, 
  "objects": [
    {
      "bounding_box": {
        "bottom_right": [
          181, 
          701
        ], 
        "top_left": [
          4, 
          453
        ]
      }, 
      "class": "003_cracker_box", 
      "cuboid": [
        [
          -1.409998631582897, 
          -8.938159541808568, 
          58.13950871725445
        ], 
        [
          1.0551236514966171, 
          -16.508552349601402, 
          43.79759669157462
        ], 
        [
          21.21567908417549, 
          -20.651167363937258, 
          49.44952491433869
        ], 
        [
          18.75055680109598, 
          -13.080774556144426, 
          63.79143694001852
        ], 
        [
          -3.5058855932651385, 
          -15.153481722139652, 
          61.06002674895319
        ], 
        [
          -1.0407633101856244, 
          -22.723874529932488, 
          46.71811472327336
        ], 
        [
          19.11979212249325, 
          -26.866489544268347, 
          52.37004294603743
        ], 
        [
          16.654669839413735, 
          -19.29609673647551, 
          66.71195497171726
        ]
      ], 
      "cuboid_centroid": [
        8.854896745455177, 
        -17.902324543038457, 
        55.254775831645944
      ], 
      "location": [
        8.854896745455177, 
        -17.902324543038457, 
        55.254775831645944
      ], 
      "pose_transform_permuted": [
        [
          0.29190626905170924, 
          0.8656437784023242, 
          -0.4067573957553312, 
          0.0
        ], 
        [
          -0.15027933983842867, 
          0.46150799142161614, 
          0.8743148711257929, 
          0.0
        ], 
        [
          -0.9445670172656027, 
          0.19409075909824663, 
          -0.2648054514669766, 
          0.0
        ], 
        [
          8.854896745455177, 
          -17.902324543038457, 
          55.254775831645944, 
          1.0
        ]
      ], 
      "projected_cuboid": [
        [
          468.55522293669634, 
          191.29589811660554
        ], 
        [
          494.55228987603715, 
          72.2633101580204
        ], 
        [
          712.3177655275819, 
          50.56100139414684
        ], 
        [
          639.6649109081529, 
          163.92651148762482
        ], 
        [
          450.72025455323836, 
          140.93074015529635
        ], 
        [
          469.61702533831874, 
          13.877797621891657
        ], 
        [
          677.9294693502086, 
          -0.3131040846454916
        ], 
        [
          615.8501002590989, 
          119.02653656654488
        ]
      ], 
      "projected_cuboid_centroid": [
        567.7768568265757, 
        100.4931437565035
      ], 
      "quaternion_xyzw": [
        0.6021978111499471, 
        0.583726386352269, 
        0.48415201723770196, 
        -0.24943561559448243
      ], 
      "visibility": 0.9921926136710943
    }, 
    {
      "bounding_box": {
        "bottom_right": [
          237, 
          456
        ], 
        "top_left": [
          162, 
          375
        ]
      }, 
      "class": "005_tomato_soup_can", 
      "cuboid": [
        [
          -11.970684813600178, 
          -6.088701401562415, 
          64.3817595135131
        ], 
        [
          -6.031461603952283, 
          -8.849043775482482, 
          62.68366312575249
        ], 
        [
          -2.257689460234428, 
          -6.34099804481683, 
          71.80576615209124
        ], 
        [
          -8.196912669882321, 
          -3.5806556708967623, 
          73.50386253985185
        ], 
        [
          -14.026374784273422, 
          -12.041839025988086, 
          66.86895428482221
        ], 
        [
          -8.087151574625526, 
          -14.802181399908154, 
          65.1708578970616
        ], 
        [
          -4.313379430907672, 
          -12.294135669242502, 
          74.29296092340034
        ], 
        [
          -10.252602640555565, 
          -9.533793295322434, 
          75.99105731116096
        ]
      ], 
      "cuboid_centroid": [
        -8.142032122253925, 
        -9.191418535402459, 
        69.33736021845672
      ], 
      "location": [
        -8.142032122253925, 
        -9.191418535402459, 
        69.33736021845672
      ], 
      "pose_transform_permuted": [
        [
          0.30358418913615853, 
          0.879159058180031, 
          -0.36730879589993853, 
          0.0
        ], 
        [
          -0.8778171553093035, 
          0.40797858656298835, 
          0.2509786360821761, 
          0.0
        ], 
        [
          -0.370504353248255, 
          -0.2462368754574174, 
          -0.8955969659333718, 
          0.0
        ], 
        [
          -8.142032122253925, 
          -9.191418535402459, 
          69.33736021845672, 
          1.0
        ]
      ], 
      "projected_cuboid": [
        [
          381.60906613471974, 
          222.84952417392552
        ], 
        [
          429.85307611540526, 
          197.99788855557455
        ], 
        [
          464.68889835640067, 
          226.1903420159492
        ], 
        [
          421.6273676682679, 
          247.3064911662532
        ], 
        [
          368.7961476577419, 
          177.24572743429502
        ], 
        [
          414.86510847493065, 
          152.15427934688034
        ], 
        [
          450.37499605694023, 
          185.03183351043975
        ], 
        [
          409.0427320011098, 
          206.37657717537027
        ]
      ], 
      "projected_cuboid_centroid": [
        418.44941114119797, 
        202.58924742107826
      ], 
      "quaternion_xyzw": [
        0.24660428229923928, 
        0.7892025764445176, 
        0.5621991352679558, 
        0.016664147654895774
      ], 
      "visibility": 0.9447688564476886
    }, 
    {
      "bounding_box": {
        "bottom_right": [
          219, 
          610
        ], 
        "top_left": [
          139, 
          519
        ]
      }, 
      "class": "010_potted_meat_can", 
      "cuboid": [
        [
          17.05382513450344, 
          -9.867908924793438, 
          67.57914107865481
        ], 
        [
          8.269027859276761, 
          -10.174204370572806, 
          62.47477602406828
        ], 
        [
          6.3513480950151, 
          -17.39744981134882, 
          66.20861460071438
        ], 
        [
          15.136145370241783, 
          -17.09115436556945, 
          71.31297965530091
        ], 
        [
          14.475331770390218, 
          -6.979035574648557, 
          71.84347023534605
        ], 
        [
          5.690534495163536, 
          -7.285331020427924, 
          66.73910518075951
        ], 
        [
          3.7728547309018743, 
          -14.508576461203937, 
          70.4729437574056
        ], 
        [
          12.557652006128556, 
          -14.20228101542457, 
          75.57730881199214
        ]
      ], 
      "cuboid_centroid": [
        10.413339932702659, 
        -12.188242692998688, 
        69.02604241803022
      ], 
      "location": [
        10.413339932702659, 
        -12.188242692998688, 
        69.02604241803022
      ],