{
  "camera_data": {
    "location_worldframe": [
      -8.417700938712493, 
      -13.465972204298007, 
      66.0264887955169
    ], 
    "quaternion_xyzw_worldframe": [
      -0.8345125040555634, 
      -0.06469529965644373, 
      -0.1800537112214836, 
      0.516704672802537
    ]
  }, 
  "objects": [
    {
      "bounding_box": {
        "bottom_right": [
          226, 
          715
        ], 
        "top_left": [
          81, 
          483
        ]
      }, 
      "class": "003_cracker_box", 
      "cuboid": [
        [
          2.005893657864603, 
          -4.604289021045485, 
          63.83159352173307
        ], 
        [
          5.69760710652237, 
          -11.6015125414436, 
          49.4618951774482
        ], 
        [
          25.531212452012113, 
          -15.366398741006565, 
          56.39062363583772
        ], 
        [
          21.839499003354344, 
          -8.369175220608449, 
          70.76032198012258
        ], 
        [
          -0.09782319719520705, 
          -10.973586594599283, 
          66.3926131132633
        ], 
        [
          3.5938902514625615, 
          -17.9708101149974, 
          52.022914768978424
        ], 
        [
          23.4274955969523, 
          -21.735696314560364, 
          58.951643227367946
        ], 
        [
          19.735782148294536, 
          -14.738472794162247, 
          73.32134157165281
        ]
      ], 
      "cuboid_centroid": [
        12.716694627408454, 
        -13.169992667802925, 
        61.391618374550504
      ], 
      "location": [
        12.716694627408454, 
        -13.169992667802925, 
        61.391618374550504
      ], 
      "pose_transform_permuted": [
        [
          0.2929967834757717, 
          0.8870888197538561, 
          -0.35668797392197377, 
          0.0
        ], 
        [
          -0.22505506673846531, 
          0.42656631622904223, 
          0.8760087869388813, 
          0.0
        ], 
        [
          -0.9292486759787162, 
          0.17639332109378714, 
          -0.3246263921268689, 
          0.0
        ], 
        [
          12.716694627408454, 
          -13.169992667802925, 
          61.391618374550504, 
          1.0
        ]
      ], 
      "projected_cuboid": [
        [
          498.4961840047592, 
          234.81722574865512
        ], 
        [
          543.5431000647905, 
          148.19400340385658
        ], 
        [
          725.0731384203798, 
          127.95738850583054
        ], 
        [
          647.572808101245, 
          210.20817831265074
        ], 
        [
          480.80472500585296, 
          185.13774620937275
        ], 
        [
          518.7473301041942, 
          89.05647316597214
        ], 
        [
          695.3055167579438, 
          76.64956802103939
        ], 
        [
          626.3461050116285, 
          166.08287805548554
        ]
      ], 
      "projected_cuboid_centroid": [
        592.9898125771223, 
        158.87653893063052
      ], 
      "quaternion_xyzw": [
        0.571844871507408, 
        0.5927372351149056, 
        0.5110676114542672, 
        -0.24589816908924628
      ], 
      "visibility": 0.9879413227250124
    }, 
    {
      "bounding_box": {
        "bottom_right": [
          264, 
          474
        ], 
        "top_left": [
          199, 
          404
        ]
      }, 
      "class": "005_tomato_soup_can", 
      "cuboid": [
        [
          -9.047392270381845, 
          -2.2716532510478773, 
          69.39908578984443
        ], 
        [
          -2.9223710313132534, 
          -4.802867316942898, 
          68.0372987760356
        ], 
        [
          0.12624950547005243, 
          -2.506306792328062, 
          77.48061047175091
        ], 
        [
          -5.99877173359854, 
          0.024907273566958377, 
          78.84239748555973
        ], 
        [
          -11.08877509935982, 
          -8.36290528091682, 
          71.53947162316464
        ], 
        [
          -4.963753860291227, 
          -10.894119346811841, 
          70.17768460935582
        ], 
        [
          -1.9151333235079213, 
          -8.597558822197005, 
          79.62099630507112
        ], 
        [
          -8.040154562576515, 
          -6.0663447563019846, 
          80.98278331887995
        ]
      ], 
      "cuboid_centroid": [
        -5.4812627969448835, 
        -5.434606036622442, 
        74.51004104745778
      ], 
      "location": [
        -5.4812627969448835, 
        -5.434606036622442, 
        74.51004104745778
      ], 
      "pose_transform_permuted": [
        [
          0.3014713111864781, 
          0.8995557864720828, 
          -0.31609206977559406, 
          0.0
        ], 
        [
          -0.9052781029603721, 
          0.37411342399010306, 
          0.2012721125983217, 
          0.0
        ], 
        [
          -0.29930985159253837, 
          -0.225473515480883, 
          -0.9271328419144392, 
          0.0
        ], 
        [
          -5.4812627969448835, 
          -5.434606036622442, 
          74.51004104745778, 
          1.0
        ]
      ], 
      "projected_cuboid": [
        [
          411.4900646297406, 
          255.82928834810485
        ], 
        [
          458.49876838790476, 
          235.63861189415633
        ], 
        [
          482.4733198378157, 
          256.0349638696031
        ], 
        [
          440.6809669554456, 
          273.455020132921
        ], 
        [
          398.2424661868832, 
          210.94191818871468
        ], 
        [
          443.5603593725575, 
          190.49601530460384
        ], 
        [
          468.66216702939306, 
          215.6981291429557
        ], 
        [
          428.2066366684779, 
          233.3360654956474
        ]
      ], 
      "projected_cuboid_centroid": [
        442.0369526056612, 
        234.38732674217695
      ], 
      "quaternion_xyzw": [
        0.215255875285886, 
        0.7821195062483817, 
        0.5838905096321723, 
        0.03202809730087962
      ], 
      "visibility": 0.9511289823693164
    }, 
    {
      "bounding_box": {
        "bottom_right": [
          253, 
          617
        ], 
        "top_left": [
          181, 
          536
        ]
      }, 
      "class": "010_potted_meat_can", 
      "cuboid": [
        [
          19.78474490612157, 
          -5.3384166874858225, 
          74.52069927115754
        ], 
        [
          11.391592616482177, 
          -5.715833935467228, 
          68.79937306639815
        ], 
        [
          9.439563461443782, 
          -13.115148015610833, 
          72.15109713225878
        ], 
        [
          17.832715751083178, 
          -12.737730767629426, 
          77.87242333701818
        ], 
        [
          16.827407760992347, 
          -2.6726941197603336, 
          78.683246642722
        ], 
        [
          8.434255471352953, 
          -3.0501113677417395, 
          72.96192043796259
        ], 
        [
          6.48222631631456, 
          -10.449425447885345, 
          76.31364450382323
        ], 
        [
          14.875378605953953, 
          -10.072008199903939, 
          82.03497070858263
        ]
      ], 
      "cuboid_centroid": [
        13.133485611218065, 
        -7.893921067685583, 
        75.41717188749038
      ], 
      "location": [
        13.133485611218065, 
        -7.893921067685583, 
        75.41717188749038
      ],