{
  "camera_data": {
    "location_worldframe": [
      -21.43015029122168, 
      -18.883019010176845, 
      63.825609115038795
    ], 
    "quaternion_xyzw_worldframe": [
      0.8962634901625119, 
      0.009609587828278645, 
      0.0886231211019983, 
      -0.43447178999852865
    ]
  }, 
  "objects": [
    {
      "bounding_box": {
        "bottom_right": [
          161, 
          579
        ], 
        "top_left": [
          0, 
          344
        ]
      }, 
      "class": "003_cracker_box", 
      "cuboid": [
        [
          -11.637268061185772, 
          -11.186334116967283, 
          57.75464774854348
        ], 
        [
          -11.322487926969812, 
          -20.943618072767073, 
          44.572294432077136
        ], 
        [
          9.502570080686963, 
          -24.45098865729238, 
          47.66565146076503
        ], 
        [
          9.187789946471003, 
          -14.69370470149259, 
          60.84800477723138
        ], 
        [
          -13.204423635597722, 
          -16.836125376722404, 
          61.89907529185111
        ], 
        [
          -12.889643501381764, 
          -26.59340933252219, 
          48.716721975384765
        ], 
        [
          7.935414506275011, 
          -30.1007799170475, 
          51.81007900407266
        ], 
        [
          7.620634372059051, 
          -20.343495961247708, 
          64.99243232053901
        ]
      ], 
      "cuboid_centroid": [
        -1.8509267774553806, 
        -20.643557017007392, 
        54.782363376308076
      ], 
      "location": [
        -1.8509267774553806, 
        -20.643557017007392, 
        54.782363376308076
      ], 
      "pose_transform_permuted": [
        [
          0.21826679831196805, 
          0.7868790243498407, 
          -0.5772183345952258, 
          0.0
        ], 
        [
          -0.01918969743972765, 
          0.5948257421379963, 
          0.8036255919283273, 
          0.0
        ], 
        [
          -0.9757004459703884, 
          0.16432813979421051, 
          -0.14493068068894263, 
          0.0
        ], 
        [
          -1.8509267774553806, 
          -20.643557017007392, 
          54.782363376308076, 
          1.0
        ]
      ], 
      "projected_cuboid": [
        [
          373.24035197372814, 
          169.9893786870198
        ], 
        [
          344.99143376498716, 
          22.690471456634825
        ], 
        [
          588.8050922860514, 
          -0.28973086623429417
        ], 
        [
          562.7971487984144, 
          144.49939869347253
        ], 
        [
          366.8802680235946, 
          128.22725679193422
        ], 
        [
          339.31355337027134, 
          -17.841136567081108
        ], 
        [
          563.9629035237647, 
          -36.56312268447942
        ], 
        [
          544.6521481734643, 
          106.3504132833018
        ]
      ], 
      "projected_cuboid_centroid": [
        463.4276846722945, 
        72.31650775741039
      ], 
      "quaternion_xyzw": [
        0.6561929550348946, 
        0.5983477024775694, 
        0.3893261815748822, 
        -0.24457300963660947
      ], 
      "visibility": 0.8340350434925102
    }, 
    {
      "bounding_box": {
        "bottom_right": [
          238, 
          397
        ], 
        "top_left": [
          157, 
          306
        ]
      }, 
      "class": "005_tomato_soup_can", 
      "cuboid": [
        [
          -21.145893505390067, 
          -7.238063603315837, 
          65.00772061785499
        ], 
        [
          -15.51053190147425, 
          -10.318387247056036, 
          62.87894173306422
        ], 
        [
          -10.410574141402678, 
          -6.470360358865755, 
          70.81162936817252
        ], 
        [
          -16.045935745318495, 
          -3.390036715125556, 
          72.94040825296328
        ], 
        [
          -22.741971335359963, 
          -12.697334971692698, 
          68.68205570714743
        ], 
        [
          -17.106609731444145, 
          -15.777658615432896, 
          66.55327682235666
        ], 
        [
          -12.006651971372573, 
          -11.929631727242615, 
          74.48596445746496
        ], 
        [
          -17.64201357528839, 
          -8.849308083502416, 
          76.61474334225572
        ]
      ], 
      "cuboid_centroid": [
        -16.57627273838132, 
        -9.583847665279226, 
        69.74684253765997
      ], 
      "location": [
        -16.57627273838132, 
        -9.583847665279226, 
        69.74684253765997
      ], 
      "pose_transform_permuted": [
        [
          0.23570869183689247, 
          0.8062249148883815, 
          -0.5426256170000485, 
          0.0
        ], 
        [
          -0.832906411776689, 
          0.455271816352616, 
          0.31463350659964906, 
          0.0
        ], 
        [
          -0.5007076419900589, 
          -0.3777945936307245, 
          -0.778821611330959, 
          0.0
        ], 
        [
          -16.57627273838132, 
          -9.583847665279226, 
          69.74684253765997, 
          1.0
        ]
      ], 
      "projected_cuboid": [
        [
          306.6716826415252, 
          213.90588246547495
        ], 
        [
          348.94525079926467, 
          185.7691937971153
        ], 
        [
          402.53615456291686, 
          224.55485477703226
        ], 
        [
          363.2960192083028, 
          248.4995507524162
        ], 
        [
          303.53288985323127, 
          174.691099554818
        ], 
        [
          343.37218191851827, 
          146.853479866817
        ], 
        [
          394.9130145757813, 
          187.87036237708398
        ], 
        [
          357.7665935466969, 
          211.6860014193872
        ]
      ], 
      "projected_cuboid_centroid": [
        353.79023650713856, 
        200.00359848116136
      ], 
      "quaternion_xyzw": [
        0.28806447149234143, 
        0.8296575532120861, 
        0.4776207123296549, 
        -0.023782346842137703
      ], 
      "visibility": 0.9080938802368941
    }, 
    {
      "bounding_box": {
        "bottom_right": [
          212, 
          542
        ], 
        "top_left": [
          131, 
          453
        ]
      }, 
      "class": "010_potted_meat_can", 
      "cuboid": [
        [
          8.060067765763657, 
          -10.90279695258274, 
          64.29835646233265
        ], 
        [
          -1.398340303958917, 
          -11.872990760201638, 
          60.704157881329614
        ], 
        [
          -2.6557384094315712, 
          -18.39356639449639, 
          65.77321738918667
        ], 
        [
          6.802669660291004, 
          -17.423372586877488, 
          69.36741597018971
        ], 
        [
          6.136785461663886, 
          -7.344095477216686, 
          68.39900877708996
        ], 
        [
          -3.3216226080586884, 
          -8.314289284835583, 
          64.8048101960869
        ], 
        [
          -4.579020713531342, 
          -14.834864919130336, 
          69.87386970394397
        ], 
        [
          4.879387356191232, 
          -13.864671111511436, 
          73.46806828494701
        ]
      ], 
      "cuboid_centroid": [
        1.7405235261161576, 
        -12.868830935856538, 
        67.08611308313832
      ], 
      "location": [
        1.7405235261161576, 
        -12.868830935856538, 
        67.08611308313832
      ],