{
  "camera_data": {
    "location_worldframe": [
      -12.46208127036217, 
      -17.72689670022626, 
      61.034237599855636
    ], 
    "quaternion_xyzw_worldframe": [
      0.8521306667621947, 
      0.035128424169609415, 
      0.1542155186278083, 
      -0.4988593108494888
    ]
  }, 
  "objects": [
    {
      "bounding_box": {
        "bottom_right": [
          177, 
          696
        ], 
        "top_left": [
          0, 
          448
        ]
      }, 
      "class": "003_cracker_box", 
      "cuboid": [
        [
          -1.9833573928233386, 
          -9.306360084574765, 
          57.67432102353604
        ], 
        [
          0.36264587361230227, 
          -16.98228786325643, 
          43.36856983397969
        ], 
        [
          20.556936848304286, 
          -21.12159075489505, 
          48.90123020193482
        ], 
        [
          18.210933581868645, 
          -13.445662976213384, 
          63.20698139149117
        ], 
        [
          -4.068658351764783, 
          -15.49708407365972, 
          60.65406160562511
        ], 
        [
          -1.7226550853291416, 
          -23.173011852341386, 
          46.34831041606877
        ], 
        [
          18.47163588936284, 
          -27.312314743980004, 
          51.88097078402391
        ], 
        [
          16.125632622927203, 
          -19.63638696529834, 
          66.18672197358025
        ]
      ], 
      "cuboid_centroid": [
        8.244139248269752, 
        -18.309337414277387, 
        54.77764590377997
      ], 
      "location": [
        8.244139248269752, 
        -18.309337414277387, 
        54.77764590377997
      ], 
      "pose_transform_permuted": [
        [
          0.29043189537568026, 
          0.8622178463919858, 
          -0.4150056620236109, 
          0.0
        ], 
        [
          -0.14301757951671296, 
          0.46794163808649036, 
          0.8721104260895592, 
          0.0
        ], 
        [
          -0.9461476027014339, 
          0.19393557875773493, 
          -0.25921748628175484, 
          0.0
        ], 
        [
          8.244139248269752, 
          -18.309337414277387, 
          54.77764590377997, 
          1.0
        ]
      ], 
      "projected_cuboid": [
        [
          463.1039473624269, 
          187.22979742404647
        ], 
        [
          486.09382569662154, 
          64.4489692260995
        ], 
        [
          707.6605220868302, 
          42.93327425379915
        ], 
        [
          636.5354097207795, 
          159.83648521718246
        ], 
        [
          445.52400154310317, 
          137.0236365409504
        ], 
        [
          461.6096755731022, 
          6.639902732655483
        ], 
        [
          673.061896811596, 
          -7.475215211972781
        ], 
        [
          612.617079334498, 
          115.06039534967738
        ]
      ], 
      "projected_cuboid_centroid": [
        562.5315702688564, 
        95.02535065194395
      ], 
      "quaternion_xyzw": [
        0.6053766722596422, 
        0.5839708175034496, 
        0.48009048528658554, 
        -0.2490186638095331
      ], 
      "visibility": 0.978685161840564
    }, 
    {
      "bounding_box": {
        "bottom_right": [
          235, 
          453
        ], 
        "top_left": [
          159, 
          370
        ]
      }, 
      "class": "005_tomato_soup_can", 
      "cuboid": [
        [
          -12.49269461336111, 
          -6.393674283701599, 
          63.97379831161673
        ], 
        [
          -6.57103594413068, 
          -9.176749892221808, 
          62.25163616483948
        ], 
        [
          -2.725727238737379, 
          -6.611228435553842, 
          71.3277649551637
        ], 
        [
          -8.64738590796781, 
          -3.8281528270336334, 
          73.04992710194097
        ], 
        [
          -14.54053220852323, 
          -12.325347021463903, 
          66.51809907552703
        ], 
        [
          -8.6188735392928, 
          -15.108422629984114, 
          64.79593692874978
        ], 
        [
          -4.7735648338995, 
          -12.542901173316146, 
          73.87206571907402
        ], 
        [
          -10.695223503129931, 
          -9.759825564795937, 
          75.59422786585127
        ]
      ], 
      "cuboid_centroid": [
        -8.633129723630304, 
        -9.468287728508873, 
        68.92293201534537
      ], 
      "location": [
        -8.633129723630304, 
        -9.468287728508873, 
        68.92293201534537
      ], 
      "pose_transform_permuted": [
        [
          0.3024245507245569, 
          0.8759891248216152, 
          -0.37574220595007857, 
          0.0
        ], 
        [
          -0.8752211163393374, 
          0.4113385585026284, 
          0.2545355551227041, 
          0.0
        ], 
        [
          -0.377527725754008, 
          -0.25187977224052355, 
          -0.8910832714303796, 
          0.0
        ], 
        [
          -8.633129723630304, 
          -9.468287728508873, 
          68.92293201534537, 
          1.0
        ]
      ], 
      "projected_cuboid": [
        [
          376.583425612639, 
          219.98547107735212
        ], 
        [
          424.83283111629714, 
          194.66787461930093
        ], 
        [
          461.04689440050237, 
          223.8542082888512
        ], 
        [
          417.9385115417354, 
          245.33813404696005
        ], 
        [
          364.0444761943307, 
          174.4660811842074
        ], 
        [
          410.06603979659803, 
          148.93278925399804
        ], 
        [
          446.84710808535294, 
          182.73302820212754
        ], 
        [
          405.5131335340669, 
          204.43067095310897
        ]
      ], 
      "projected_cuboid_centroid": [
        414.23797118633007, 
        200.02176068512782
      ], 
      "quaternion_xyzw": [
        0.24931969514723357, 
        0.7910188200242045, 
        0.5584798842706181, 
        0.015135226365533064
      ], 
      "visibility": 0.9426327064984528
    }, 
    {
      "bounding_box": {
        "bottom_right": [
          216, 
          607
        ], 
        "top_left": [
          135, 
          515
        ]
      }, 
      "class": "010_potted_meat_can", 
      "cuboid": [
        [
          16.547851760778, 
          -10.203036938002505, 
          66.9842757249275
        ], 
        [
          7.725157210238318, 
          -10.529357273594595, 
          61.94695514907808
        ], 
        [
          5.82226327279536, 
          -17.72256113772012, 
          65.74578835473123
        ], 
        [
          14.644957823335043, 
          -17.39624080212803, 
          70.78310893058067
        ], 
        [
          14.00596173601081, 
          -7.279442527963982, 
          71.24691707110486
        ], 
        [
          5.183267185471131, 
          -7.605762863556073, 
          66.20959649525544
        ], 
        [
          3.2803732480281718, 
          -14.798966727681599, 
          70.00842970090861
        ], 
        [
          12.103067798567855, 
          -14.472646392089509, 
          75.04575027675803
        ]
      ], 
      "cuboid_centroid": [
        9.914112504403086, 
        -12.501001832842052, 
        68.49635271291805
      ], 
      "location": [
        9.914112504403086, 
        -12.501001832842052, 
        68.49635271291805
      ],