{
  "camera_data": {
    "location_worldframe": [
      -19.792098593253467, 
      -19.29803511761983, 
      62.1326955210765
    ], 
    "quaternion_xyzw_worldframe": [
      0.8867919586733739, 
      0.010896064500639424, 
      0.10313708265524012, 
      -0.4503828286157956
    ]
  }, 
  "objects": [
    {
      "bounding_box": {
        "bottom_right": [
          156, 
          603
        ], 
        "top_left": [
          0, 
          362
        ]
      }, 
      "class": "003_cracker_box", 
      "cuboid": [
        [
          -9.777427613523127, 
          -11.460689219398503, 
          56.63007075098263
        ], 
        [
          -9.151446203003829, 
          -20.729935132860618, 
          43.11092347178611
        ], 
        [
          11.552251399436878, 
          -24.511300784135134, 
          46.662222747325664
        ], 
        [
          10.92626998891758, 
          -15.24205487067302, 
          60.18137002652219
        ], 
        [
          -11.5008625105943, 
          -17.246289909735037, 
          60.51709973755802
        ], 
        [
          -10.874881100075005, 
          -26.515535823197155, 
          46.9979524583615
        ], 
        [
          9.828816502365703, 
          -30.29690147447167, 
          50.54925173390106
        ], 
        [
          9.202835091846406, 
          -21.027655561009556, 
          64.06839901309758
        ]
      ], 
      "cuboid_centroid": [
        0.025694444421288376, 
        -20.878795346935085, 
        53.58966124244184
      ], 
      "location": [
        0.025694444421288376, 
        -20.878795346935085, 
        53.58966124244184
      ], 
      "pose_transform_permuted": [
        [
          0.2400327212082901, 
          0.8057939872785851, 
          -0.5413689525776508, 
          0.0
        ], 
        [
          -0.03816121973732289, 
          0.5650738570806256, 
          0.8241573013400929, 
          0.0
        ], 
        [
          -0.9700144401283433, 
          0.17716542018606324, 
          -0.16638629701027874, 
          0.0
        ], 
        [
          0.025694444421288376, 
          -20.878795346935085, 
          53.58966124244184, 
          1.0
        ]
      ], 
      "projected_cuboid": [
        [
          388.74977635599686, 
          165.35430487120934
        ], 
        [
          367.44227763361874, 
          16.839227789681352
        ], 
        [
          614.7322856090724, 
          -6.862069339820561
        ], 
        [
          579.2311848967169, 
          138.2134024460259
        ], 
        [
          379.39868122836583, 
          121.30000548407072
        ], 
        [
          357.16356832693293, 
          -27.6043258347217
        ], 
        [
          586.1601174586314, 
          -46.360742868542154
        ], 
        [
          558.8419144760735, 
          98.24766278538986
        ]
      ], 
      "projected_cuboid_centroid": [
        481.8549089125099, 
        65.50260777207002
      ], 
      "quaternion_xyzw": [
        0.6481460392971616, 
        0.5921074125800383, 
        0.41047462995468287, 
        -0.24662948297951068
      ], 
      "visibility": 0.7771729578461398
    }, 
    {
      "bounding_box": {
        "bottom_right": [
          231, 
          407
        ], 
        "top_left": [
          150, 
          315
        ]
      }, 
      "class": "005_tomato_soup_can", 
      "cuboid": [
        [
          -19.462891069913574, 
          -7.706865195883821, 
          63.75124348727752
        ], 
        [
          -13.789890187526876, 
          -10.75102401293385, 
          61.67096663492809
        ], 
        [
          -8.893206383420909, 
          -7.236655234677933, 
          69.88169821110179
        ], 
        [
          -14.566207265807604, 
          -4.192496417627903, 
          71.96197506345122
        ], 
        [
          -21.200487209717846, 
          -13.284606919910633, 
          67.17489702937172
        ], 
        [
          -15.52748632733115, 
          -16.328765736960662, 
          65.09462017702229
        ], 
        [
          -10.630802523225178, 
          -12.814396958704744, 
          73.30535175319599
        ], 
        [
          -16.303803405611877, 
          -9.770238141654715, 
          75.38562860554542
        ]
      ], 
      "cuboid_centroid": [
        -15.046846796569376, 
        -10.260631077294283, 
        68.52829762023676
      ], 
      "location": [
        -15.046846796569376, 
        -10.260631077294283, 
        68.52829762023676
      ], 
      "pose_transform_permuted": [
        [
          0.2566081085543453, 
          0.823720610917333, 
          -0.5056049790034288, 
          0.0
        ], 
        [
          -0.8384694969123899, 
          0.44992665518139596, 
          0.3074649064912701, 
          0.0
        ], 
        [
          -0.48075045254696447, 
          -0.3450364467370235, 
          -0.8061196268538424, 
          0.0
        ], 
        [
          -15.046846796569376, 
          -10.260631077294283, 
          68.52829762023676, 
          1.0
        ]
      ], 
      "projected_cuboid": [
        [
          317.42078127263125, 
          208.81372288026446
        ], 
        [
          361.35074968923743, 
          180.31358882721392
        ], 
        [
          413.160747172325, 
          218.05820134810222
        ], 
        [
          372.74538546448673, 
          242.21540020451448
        ], 
        [
          311.8780269309467, 
          167.81646897602377
        ], 
        [
          353.32036341900795, 
          139.50512082510434
        ], 
        [
          403.610088062314, 
          180.05775343627357
        ], 
        [
          365.2937499252051, 
          204.16647584791062
        ]
      ], 
      "projected_cuboid_centroid": [
        363.5195293153379, 
        193.4334600669547
      ], 
      "quaternion_xyzw": [
        0.2837688221086733, 
        0.81992544213679, 
        0.49694769609895373, 
        -0.015506531241544358
      ], 
      "visibility": 0.9236036807190242
    }, 
    {
      "bounding_box": {
        "bottom_right": [
          206, 
          557
        ], 
        "top_left": [
          123, 
          465
        ]
      }, 
      "class": "010_potted_meat_can", 
      "cuboid": [
        [
          9.725922516642836, 
          -11.57157297304511, 
          63.735863548937985
        ], 
        [
          0.3679516525536091, 
          -12.335199420742354, 
          59.84147288637549
        ], 
        [
          -1.0782385503767484, 
          -19.027317671493847, 
          64.62879030924476
        ], 
        [
          8.27973231371248, 
          -18.263691223796606, 
          68.52318097180726
        ], 
        [
          7.710171472717159, 
          -8.15076867687927, 
          67.908820068578
        ], 
        [
          -1.6477993913720672, 
          -8.914395124576515, 
          64.01442940601551
        ], 
        [
          -3.093989594302425, 
          -15.606513375328014, 
          68.80174682888477
        ], 
        [
          6.263981269786802, 
          -14.842886927630767, 
          72.69613749144727
        ]
      ], 
      "cuboid_centroid": [
        3.3159664611702055, 
        -13.58904317418656, 
        66.26880518891139
      ], 
      "location": [
        3.3159664611702055, 
        -13.58904317418656, 
        66.26880518891139
      ],