{
  "camera_data": {
    "location_worldframe": [
      -19.5766489360918, 
      -18.998897306747722, 
      61.82712389630628
    ], 
    "quaternion_xyzw_worldframe": [
      0.8835707170751615, 
      0.009625311776519591, 
      0.10712685118502036, 
      -0.455782042175924
    ]
  }, 
  "objects": [
    {
      "bounding_box": {
        "bottom_right": [
          158, 
          607
        ], 
        "top_left": [
          0, 
          364
        ]
      }, 
      "class": "003_cracker_box", 
      "cuboid": [
        [
          -9.490199285281198, 
          -11.138924949848894, 
          56.49027686896044
        ], 
        [
          -8.819105980116232, 
          -20.237062943876413, 
          42.85753560006841
        ], 
        [
          11.843351295820964, 
          -24.16096297465804, 
          46.493386946713024
        ], 
        [
          11.172257990655998, 
          -15.062824980630518, 
          60.12612821560506
        ], 
        [
          -11.265606382616463, 
          -16.96567512948893, 
          60.29150160813847
        ], 
        [
          -10.594513077451499, 
          -26.06381312351645, 
          46.658760339246435
        ], 
        [
          10.067944198485698, 
          -29.987713154298074, 
          50.29461168589104
        ], 
        [
          9.396850893320732, 
          -20.889575160270553, 
          63.92735295478308
        ]
      ], 
      "cuboid_centroid": [
        0.2888724566022502, 
        -20.563319052073485, 
        53.392444277425746
      ], 
      "location": [
        0.2888724566022502, 
        -20.563319052073485, 
        53.392444277425746
      ], 
      "pose_transform_permuted": [
        [
          0.24727118938470471, 
          0.8115251140595476, 
          -0.5294185000081804, 
          0.0
        ], 
        [
          -0.04091134121922474, 
          0.554642737557567, 
          0.831082243724586, 
          0.0
        ], 
        [
          -0.9680822387896173, 
          0.18384347398068251, 
          -0.17034775024870857, 
          0.0
        ], 
        [
          0.2888724566022502, 
          -20.563319052073485, 
          53.392444277425746, 
          1.0
        ]
      ], 
      "projected_cuboid": [
        [
          391.25430605895747, 
          168.12495725474835
        ], 
        [
          370.9374663279223, 
          21.45633303098624
        ], 
        [
          618.5827480618973, 
          -3.8607199162617216
        ], 
        [
          581.5209877762195, 
          139.67907349871766
        ], 
        [
          381.11461983845606, 
          123.21353354568687
        ], 
        [
          359.49035478062734, 
          -24.62840553223354
        ], 
        [
          589.2463369380858, 
          -44.70050165590573
        ], 
        [
          560.6444261172638, 
          99.01341384663978
        ]
      ], 
      "projected_cuboid_centroid": [
        484.5065671675289, 
        67.88630029080284
      ], 
      "quaternion_xyzw": [
        0.6465969828203728, 
        0.588745778593512, 
        0.41693414203916157, 
        -0.24790456066393396
      ], 
      "visibility": 0.7870597925470668
    }, 
    {
      "bounding_box": {
        "bottom_right": [
          232, 
          408
        ], 
        "top_left": [
          151, 
          316
        ]
      }, 
      "class": "005_tomato_soup_can", 
      "cuboid": [
        [
          -19.20439962282546, 
          -7.431090882774805, 
          63.59650554454288
        ], 
        [
          -13.53211218880383, 
          -10.475010650357438, 
          61.51393467857829
        ], 
        [
          -8.672771473462229, 
          -7.089182324376492, 
          69.80051343957236
        ], 
        [
          -14.34505890748386, 
          -4.045262556793858, 
          71.88308430553695
        ], 
        [
          -20.98999926594994, 
          -13.043992726524356, 
          66.93698656802034
        ], 
        [
          -15.31771183192831, 
          -16.08791249410699, 
          64.85441570205576
        ], 
        [
          -10.45837111658671, 
          -12.702084168126044, 
          73.14099446304982
        ], 
        [
          -16.13065855060834, 
          -9.65816440054341, 
          75.22356532901442
        ]
      ], 
      "cuboid_centroid": [
        -14.831385369706085, 
        -10.066587525450425, 
        68.36875000379635
      ], 
      "location": [
        -14.831385369706085, 
        -10.066587525450425, 
        68.36875000379635
      ], 
      "pose_transform_permuted": [
        [
          0.2636972634556497, 
          0.8289130555895527, 
          -0.4933220657320259, 
          0.0
        ], 
        [
          -0.8383640492482465, 
          0.4498913236715266, 
          0.30780396169004276, 
          0.0
        ], 
        [
          -0.47708415356970196, 
          -0.3324165016733934, 
          -0.8135662110903471, 
          0.0
        ], 
        [
          -14.831385369706085, 
          -10.066587525450425, 
          68.36875000379635, 
          1.0
        ]
      ], 
      "projected_cuboid": [
        [
          319.20709165506236, 
          210.96949307190678
        ], 
        [
          363.2973203020612, 
          182.4692566133586
        ], 
        [
          414.7794455188791, 
          219.12075071206468
        ], 
        [
          374.28035351651664, 
          243.27366692213155
        ], 
        [
          312.96583967033513, 
          169.3586929965373
        ], 
        [
          354.58468036430776, 
          140.99024492919477
        ], 
        [
          404.7026310028718, 
          180.66720345253327
        ], 
        [
          366.28097481402364, 
          204.8121418295494
        ]
      ], 
      "projected_cuboid_centroid": [
        364.9387217470734, 
        194.76077492841827
      ], 
      "quaternion_xyzw": [
        0.2839636664417223, 
        0.8161039481361527, 
        0.5031464651136206, 
        -0.013511360389545198
      ], 
      "visibility": 0.9065840102607952
    }, 
    {
      "bounding_box": {
        "bottom_right": [
          207, 
          559
        ], 
        "top_left": [
          124, 
          466
        ]
      }, 
      "class": "010_potted_meat_can", 
      "cuboid": [
        [
          9.965777519499907, 
          -11.432556026330012, 
          63.71969491961151
        ], 
        [
          0.6299202717845953, 
          -12.10219089871053, 
          59.75555803178929
        ], 
        [
          -0.8783101353556533, 
          -18.848212358618813, 
          64.44712028692724
        ], 
        [
          8.457547112359658, 
          -18.178577486238297, 
          68.41125717474948
        ], 
        [
          7.938743459513469, 
          -8.056046397841351, 
          67.92315017296421
        ], 
        [
          -1.3971137882018425, 
          -8.72568127022187, 
          63.959013285142
        ], 
        [
          -2.9053441953420918, 
          -15.471702730130152, 
          68.65057554027996
        ], 
        [
          6.43051305237322, 
          -14.802067857749634, 
          72.61471242810218
        ]
      ], 
      "cuboid_centroid": [
        3.5302166620789075, 
        -13.452129378230083, 
        66.18513522994573
      ], 
      "location": [
        3.5302166620789075, 
        -13.452129378230083, 
        66.18513522994573
      ],