{
  "camera_data": {
    "location_worldframe": [
      -9.27479516528871, 
      -14.611398432151077, 
      64.54307884474832
    ], 
    "quaternion_xyzw_worldframe": [
      -0.8378888168784071, 
      -0.05623558884508567, 
      -0.17427448209629756, 
      0.5142096526981229
    ]
  }, 
  "objects": [
    {
      "bounding_box": {
        "bottom_right": [
          214, 
          713
        ], 
        "top_left": [
          60, 
          476
        ]
      }, 
      "class": "003_cracker_box", 
      "cuboid": [
        [
          1.1876345648284339, 
          -5.861178695815143, 
          62.09970366881515
        ], 
        [
          4.535080037495643, 
          -12.968759637044016, 
          47.69987666782114
        ], 
        [
          24.462378002211693, 
          -16.88604821442336, 
          54.265788118134225
        ], 
        [
          21.114932529544483, 
          -9.778467273194485, 
          68.66561511912825
        ], 
        [
          -0.926210685745106, 
          -12.196574444029809, 
          64.7353850807225
        ], 
        [
          2.4212347869221023, 
          -19.30415538525868, 
          50.33555807972848
        ], 
        [
          22.34853275163815, 
          -23.221443962638023, 
          56.901469530041574
        ], 
        [
          19.001087278970942, 
          -16.11386302140915, 
          71.30129653103559
        ]
      ], 
      "cuboid_centroid": [
        11.768083658233293, 
        -14.541311329226584, 
        59.50058659942836
      ], 
      "location": [
        11.768083658233293, 
        -14.541311329226584, 
        59.50058659942836
      ], 
      "pose_transform_permuted": [
        [
          0.2944074235531926, 
          0.8823671169474956, 
          -0.3670865563958123, 
          0.0
        ], 
        [
          -0.2040677248469538, 
          0.4332939501734321, 
          0.8778454968950355, 
          0.0
        ], 
        [
          -0.9336383842969178, 
          0.1835337126330432, 
          -0.30762760554698715, 
          0.0
        ], 
        [
          11.768083658233293, 
          -14.541311329226584, 
          59.50058659942836, 
          1.0
        ]
      ], 
      "projected_cuboid": [
        [
          491.8816131189497, 
          222.95004369453156
        ], 
        [
          532.7251439104352, 
          128.28629967807237
        ], 
        [
          724.0147531954897, 
          107.33188206601396
        ], 
        [
          646.9615085612913, 
          197.3380726375341
        ], 
        [
          473.9029343007511, 
          172.80560331958466
        ], 
        [
          507.46452736122535, 
          68.75351011214919
        ], 
        [
          692.8084291129692, 
          55.63924491376247
        ], 
        [
          624.9058381762217, 
          152.75803249887113
        ]
      ], 
      "projected_cuboid_centroid": [
        587.956557514219, 
        142.94889695825458
      ], 
      "quaternion_xyzw": [
        0.5802052533763166, 
        0.5889865381758999, 
        0.5051026828982859, 
        -0.2476449101658416
      ], 
      "visibility": 0.9918680822227242
    }, 
    {
      "bounding_box": {
        "bottom_right": [
          256, 
          471
        ], 
        "top_left": [
          188, 
          397
        ]
      }, 
      "class": "005_tomato_soup_can", 
      "cuboid": [
        [
          -9.733663656001013, 
          -3.394004540312244, 
          67.86622999189501
        ], 
        [
          -3.6602165710516688, 
          -5.990624230688519, 
          66.40055595334651
        ], 
        [
          -0.40833086749547043, 
          -3.6735845167326815, 
          75.77077364227497
        ], 
        [
          -6.481777952444815, 
          -1.076964826356406, 
          77.23644768082346
        ], 
        [
          -11.790694136367193, 
          -9.45417435197573, 
          70.07865267256737
        ], 
        [
          -5.717247051417852, 
          -12.050794042352006, 
          68.61297863401889
        ], 
        [
          -2.4653613478616534, 
          -9.733754328396166, 
          77.98319632294734
        ], 
        [
          -8.538808432810995, 
          -7.137134638019892, 
          79.44887036149582
        ]
      ], 
      "cuboid_centroid": [
        -6.099512501931333, 
        -6.563879434354206, 
        72.92471315742117
      ], 
      "location": [
        -6.099512501931333, 
        -6.563879434354206, 
        72.92471315742117
      ], 
      "pose_transform_permuted": [
        [
          0.3037821555386636, 
          0.8949655660861914, 
          -0.32673046768739944, 
          0.0
        ], 
        [
          -0.8976554432861406, 
          0.3837803749021512, 
          0.21662661424129437, 
          0.0
        ], 
        [
          -0.31926617812339625, 
          -0.2274841373501624, 
          -0.9199565613443559, 
          0.0
        ], 
        [
          -6.099512501931333, 
          -6.563879434354206, 
          72.92471315742117, 
          1.0
        ]
      ], 
      "projected_cuboid": [
        [
          404.4686640595537, 
          246.6151126357741
        ], 
        [
          451.95375150232167, 
          225.1707176878442
        ], 
        [
          478.69904342862384, 
          247.42967432504062
        ], 
        [
          436.46724945636197, 
          265.8500691959219
        ], 
        [
          391.1185737306492, 
          201.33743319225633
        ], 
        [
          436.7873289321923, 
          179.61731411885302
        ], 
        [
          464.59619345485163, 
          206.71832782994898
        ], 
        [
          423.80060316159285, 
          225.37681122426503
        ]
      ], 
      "projected_cuboid_centroid": [
        436.6178267112147, 
        225.28298346132823
      ], 
      "quaternion_xyzw": [
        0.22449432318056972, 
        0.7829224176640529, 
        0.5795344744520137, 
        0.02783019726188475
      ], 
      "visibility": 0.9355118565644881
    }, 
    {
      "bounding_box": {
        "bottom_right": [
          243, 
          616
        ], 
        "top_left": [
          169, 
          532
        ]
      }, 
      "class": "010_potted_meat_can", 
      "cuboid": [
        [
          19.161815143104526, 
          -6.708508902134963, 
          72.4483414766824
        ], 
        [
          10.656586797350396, 
          -7.035981848761486, 
          66.8918250380108
        ], 
        [
          8.699939109142534, 
          -14.398618658687662, 
          70.32073593241323
        ], 
        [
          17.205167454896664, 
          -14.071145712061139, 
          75.87725237108482
        ], 
        [
          16.310659961931663, 
          -3.9928569956787063, 
          76.65249053141295
        ], 
        [
          7.805431616177534, 
          -4.320329942305229, 
          71.09597409274136
        ], 
        [
          5.848783927969671, 
          -11.682966752231405, 
          74.52488498714378
        ], 
        [
          14.354012273723802, 
          -11.355493805604883, 
          80.08140142581539
        ]
      ], 
      "cuboid_centroid": [
        12.505299535537098, 
        -9.195737827183184, 
        73.48661323191308
      ], 
      "location": [
        12.505299535537098, 
        -9.195737827183184, 
        73.48661323191308
      ],