{
  "camera_data": {
    "location_worldframe": [
      -14.348014165914687, 
      -18.495536491290192, 
      60.55746876137831
    ], 
    "quaternion_xyzw_worldframe": [
      0.8601341793296026, 
      0.023446721312893597, 
      0.14019388150280587, 
      -0.4898674360919543
    ]
  }, 
  "objects": [
    {
      "bounding_box": {
        "bottom_right": [
          167, 
          676
        ], 
        "top_left": [
          0, 
          430
        ]
      }, 
      "class": "003_cracker_box", 
      "cuboid": [
        [
          -3.9283834467407965, 
          -10.247064649971833, 
          56.634240470282535
        ], 
        [
          -2.1882584006881283, 
          -18.23712188507144, 
          42.4142170564098
        ], 
        [
          18.161690734367138, 
          -22.45649743933508, 
          47.27528558906199
        ], 
        [
          16.42156568831447, 
          -14.466440204235473, 
          61.495309002934725
        ], 
        [
          -5.955354470325844, 
          -16.35496813093597, 
          59.818153325829215
        ], 
        [
          -4.215229424273176, 
          -24.345025366035575, 
          45.598129911956484
        ], 
        [
          16.13471971078209, 
          -28.564400920299214, 
          50.45919844460867
        ], 
        [
          14.394594664729421, 
          -20.574343685199608, 
          64.67922185848141
        ]
      ], 
      "cuboid_centroid": [
        6.103168132020646, 
        -19.405732785135523, 
        53.546719457445604
      ], 
      "location": [
        6.103168132020646, 
        -19.405732785135523, 
        53.546719457445604
      ], 
      "pose_transform_permuted": [
        [
          0.28230794875298315, 
          0.8506829564057861, 
          -0.44344191248865317, 
          0.0
        ], 
        [
          -0.10608189498430459, 
          0.4870916687597434, 
          0.8668842701199435, 
          0.0
        ], 
        [
          -0.9534405349194158, 
          0.19768716171152767, 
          -0.22775190990860705, 
          0.0
        ], 
        [
          6.103168132020646, 
          -19.405732785135523, 
          53.546719457445604, 
          1.0
        ]
      ], 
      "projected_cuboid": [
        [
          444.2955488912246, 
          176.79084557926808
        ], 
        [
          453.8524421589994, 
          43.971583775112045
        ], 
        [
          688.1892379059102, 
          19.95142419840922
        ], 
        [
          625.2003339304198, 
          147.8259787162568
        ], 
        [
          428.05854995438335, 
          127.47085659693781
        ], 
        [
          431.88453230778873, 
          -11.454937284648791
        ], 
        [
          653.5512809491721, 
          -28.61985098093494
        ], 
        [
          601.2783955054817, 
          103.63854156275724
        ]
      ], 
      "projected_cuboid_centroid": [
        542.8905386176741, 
        80.00752061186563
      ], 
      "quaternion_xyzw": [
        0.6194851045860337, 
        0.5813425508599533, 
        0.46376910855704345, 
        -0.2513906476062278
      ], 
      "visibility": 0.8772767697301416
    }, 
    {
      "bounding_box": {
        "bottom_right": [
          230, 
          442
        ], 
        "top_left": [
          152, 
          355
        ]
      }, 
      "class": "005_tomato_soup_can", 
      "cuboid": [
        [
          -14.167965658115374, 
          -7.104631940021033, 
          63.259066025467725
        ], 
        [
          -8.339910663272937, 
          -9.979403065942675, 
          61.37575520458237
        ], 
        [
          -4.134578679763599, 
          -7.2653960163557105, 
          70.24670565231993
        ], 
        [
          -9.962633674606035, 
          -4.390624890434069, 
          72.13001647320529
        ], 
        [
          -16.17152052867689, 
          -12.962841885796298, 
          66.00114384587609
        ], 
        [
          -10.343465533834454, 
          -15.837613011717938, 
          64.11783302499073
        ], 
        [
          -6.138133550325113, 
          -13.123605962130974, 
          72.98878347272829
        ], 
        [
          -11.966188545167553, 
          -10.248834836209333, 
          74.87209429361364
        ]
      ], 
      "cuboid_centroid": [
        -10.153049604220245, 
        -10.114118951076003, 
        68.12392474909801
      ], 
      "location": [
        -10.153049604220245, 
        -10.114118951076003, 
        68.12392474909801
      ], 
      "pose_transform_permuted": [
        [
          0.29588488023318804, 
          0.8651401434794725, 
          -0.40494991148119824, 
          0.0
        ], 
        [
          -0.8613864938176092, 
          0.42489115543301254, 
          0.27835332820414677, 
          0.0
        ], 
        [
          -0.41287437275143, 
          -0.2664579069227457, 
          -0.870939111628053, 
          0.0
        ], 
        [
          -10.153049604220245, 
          -10.114118951076003, 
          68.12392474909801, 
          1.0
        ]
      ], 
      "projected_cuboid": [
        [
          361.1554847524626, 
          213.3893630324568
        ], 
        [
          408.5241781638816, 
          186.5713347927333
        ], 
        [
          449.9453692572935, 
          218.12696944317517
        ], 
        [
          407.32083606319134, 
          240.82285155905652
        ], 
        [
          349.8347791325433, 
          168.54081649227197
        ], 
        [
          394.8451730842739, 
          141.55237337635296
        ], 
        [
          436.3727592492835, 
          177.3940497330019
        ], 
        [
          395.6506869348512, 
          200.2833132899724
        ]
      ], 
      "projected_cuboid_centroid": [
        401.4498261448375, 
        194.1064595728927
      ], 
      "quaternion_xyzw": [
        0.2632040269303915, 
        0.7957377570879669, 
        0.5454307149697076, 
        0.005507955313443547
      ], 
      "visibility": 0.9437570303712036
    }, 
    {
      "bounding_box": {
        "bottom_right": [
          208, 
          597
        ], 
        "top_left": [
          126, 
          503
        ]
      }, 
      "class": "010_potted_meat_can", 
      "cuboid": [
        [
          14.93005660263535, 
          -11.13112597937876, 
          65.26353710541835
        ], 
        [
          5.922238243201357, 
          -11.475652928310693, 
          60.56656656449274
        ], 
        [
          4.099346066288832, 
          -18.570737768549723, 
          64.5829276181783
        ], 
        [
          13.107164425722825, 
          -18.22621081961779, 
          69.27989815910391
        ], 
        [
          12.575715458239593, 
          -8.096337612583737, 
          69.55607222619851
        ], 
        [
          3.5678970988055982, 
          -8.440864561515667, 
          64.85910168527289
        ], 
        [
          1.745004921893073, 
          -15.535949401754698, 
          68.87546273895845
        ], 
        [
          10.752823281327066, 
          -15.191422452822767, 
          73.57243327988407
        ]
      ], 
      "cuboid_centroid": [
        8.337530762264212, 
        -13.333537690566729, 
        67.0694999221884
      ], 
      "location": [
        8.337530762264212, 
        -13.333537690566729, 
        67.0694999221884
      ],