{
  "camera_data": {
    "location_worldframe": [
      -17.5008757560182, 
      -0.7740546172368454, 
      90.59873656226449
    ], 
    "quaternion_xyzw_worldframe": [
      0.8849017346481822, 
      0.030694446852448855, 
      0.006632969937785804, 
      -0.46471787633535666
    ]
  }, 
  "objects": [
    {
      "bounding_box": {
        "bottom_right": [
          413, 
          333
        ], 
        "top_left": [
          270, 
          189
        ]
      }, 
      "class": "003_cracker_box", 
      "cuboid": [
        [
          -23.64324614584602, 
          17.20115230744854, 
          72.7966099185635
        ], 
        [
          -40.037355808929306, 
          17.182530130790596, 
          72.23899243633043
        ], 
        [
          -40.3888350219683, 
          -1.137625145469072, 
          83.18439878616196
        ], 
        [
          -23.99472535888501, 
          -1.1190029688111238, 
          83.74201626839502
        ], 
        [
          -23.85692472971674, 
          20.88506515236665, 
          78.95579210037832
        ], 
        [
          -40.25103439280003, 
          20.8664429757087, 
          78.39817461814526
        ], 
        [
          -40.60251360583902, 
          2.5462876994490333, 
          89.34358096797678
        ], 
        [
          -24.20840394275573, 
          2.5649098761069813, 
          89.90119845020985
        ]
      ], 
      "cuboid_centroid": [
        -32.12287987584252, 
        9.873720003448788, 
        81.07009544327013
      ], 
      "location": [
        -32.12287987584252, 
        9.873720003448788, 
        81.07009544327013
      ], 
      "pose_transform_permuted": [
        [
          0.02976024916147682, 
          -0.513079795681628, 
          -0.8578248369178558, 
          0.0
        ], 
        [
          0.9994214057118611, 
          0.0011352493276783615, 
          0.033993602543590073, 
          0.0
        ], 
        [
          0.016467585578170907, 
          0.8583401624485849, 
          -0.5128167159453392, 
          0.0
        ], 
        [
          -32.12287987584252, 
          9.873720003448788, 
          81.07009544327013, 
          1.0
        ]
      ], 
      "projected_cuboid": [
        [
          306.93938853037673, 
          399.30492522411504
        ], 
        [
          183.54959367035264, 
          400.1401872104939
        ], 
        [
          220.49447638007905, 
          265.9928894458939
        ], 
        [
          327.5107395562142, 
          266.16005329087193
        ], 
        [
          319.1087277870939, 
          414.3580660512426
        ], 
        [
          205.4993400088815, 
          415.23477496875086
        ], 
        [
          237.20826562826494, 
          288.48612008673183
        ], 
        [
          336.7891155516144, 
          288.5023158529007
        ]
      ], 
      "projected_cuboid_centroid": [
        268.51567513193686, 
        338.2408001886724
      ], 
      "quaternion_xyzw": [
        0.963792820719046, 
        -0.003977083020563932, 
        0.01653722935430842, 
        0.26610919109710424
      ], 
      "visibility": 0.3625544267053701
    }, 
    {
      "bounding_box": {
        "bottom_right": [
          420, 
          372
        ], 
        "top_left": [
          307, 
          306
        ]
      }, 
      "class": "006_mustard_bottle", 
      "cuboid": [
        [
          -18.89262565275503, 
          22.55968547591427, 
          83.78533666499656
        ], 
        [
          -28.075291917762936, 
          20.886031291668512, 
          81.53065492531618
        ], 
        [
          -27.78486671043561, 
          4.980005836777206, 
          92.15490751134261
        ], 
        [
          -18.602200445427712, 
          6.65366002102296, 
          94.409589251023
        ], 
        [
          -20.593669235440665, 
          25.632482176053585, 
          88.43225258360246
        ], 
        [
          -29.77633550044857, 
          23.95882799180783, 
          86.1775708439221
        ], 
        [
          -29.485910293121247, 
          8.052802536916522, 
          96.80182342994853
        ], 
        [
          -20.303244028113344, 
          9.726456721162277, 
          99.0565051696289
        ]
      ], 
      "cuboid_centroid": [
        -24.18926797293814, 
        15.306244006415396, 
        90.29358004747255
      ], 
      "location": [
        -24.18926797293814, 
        15.306244006415396, 
        90.29358004747255
      ], 
      "pose_transform_permuted": [
        [
          0.29202965523766033, 
          -0.5275277894646053, 
          -0.7977674807639961, 
          0.0
        ], 
        [
          0.9562886810958202, 
          0.17429540683209147, 
          0.23480398447519119, 
          0.0
        ], 
        [
          -0.015181583134861718, 
          0.8314658703729644, 
          -0.5553683695876526, 
          0.0
        ], 
        [
          -24.18926797293814, 
          15.306244006415396, 
          90.29358004747255, 
          1.0
        ]
      ], 
      "projected_cuboid": [
        [
          360.33749454499144, 
          416.8859138793089
        ], 
        [
          296.41663853609174, 
          409.9091311983749
        ], 
        [
          319.4602718284717, 
          302.1068657185446
        ], 
        [
          375.6375566095591, 
          310.873050295766
        ], 
        [
          356.36522228037273, 
          427.8715938902058
        ], 
        [
          295.78721558548244, 
          421.55843788218885
        ], 
        [
          317.7937333112242, 
          317.6526164309365
        ], 
        [
          371.37357530438584, 
          325.6537180609208
        ]
      ], 
      "projected_cuboid_centroid": [
        337.5323645411097, 
        363.692961883616
      ], 
      "quaternion_xyzw": [
        0.9467737364641011, 
        0.05003227874555052, 
        0.13911286810732826, 
        0.28594375755936435
      ], 
      "visibility": 0.4025145067698259
    }, 
    {
      "bounding_box": {
        "bottom_right": [
          322, 
          316
        ], 
        "top_left": [
          260, 
          225
        ]
      }, 
      "class": "008_pudding_box", 
      "cuboid": [
        [
          -25.0124500402698, 
          5.761954117431044, 
          76.40271681829637
        ], 
        [
          -36.337325195445295, 
          5.493257143578488, 
          75.48218694990021
        ], 
        [
          -36.53147056742121, 
          -2.1984176849813837, 
          80.11590647184468
        ], 
        [
          -25.206595412245715, 
          -1.929720711128827, 
          81.03643634024084
        ], 
        [
          -25.32620865334532, 
          7.7463578355428, 
          79.68354960365099
        ], 
        [
          -36.65108380852081, 
          7.477660861690244, 
          78.76301973525483
        ], 
        [
          -36.84522918049672, 
          -0.21401396686962712, 
          83.39673925719929
        ], 
        [
          -25.52035402532123, 
          0.05468300698292933, 
          84.31726912559544
        ]
      ], 
      "cuboid_centroid": [
        -30.928839610383264, 
        2.773970075280708, 
        79.89972803774783
      ], 
      "location": [
        -30.928839610383264, 
        2.773970075280708, 
        79.89972803774783
      ],