{
  "camera_data": {
    "location_worldframe": [
      -21.115587178918766, 
      -4.437658063561088, 
      94.8598660007207
    ], 
    "quaternion_xyzw_worldframe": [
      0.9564827183535289, 
      0.025718204878309947, 
      -0.034343110748838286, 
      -0.28861743830843256
    ]
  }, 
  "objects": [
    {
      "bounding_box": {
        "bottom_right": [
          349, 
          317
        ], 
        "top_left": [
          231, 
          153
        ]
      }, 
      "class": "003_cracker_box", 
      "cuboid": [
        [
          -28.96905994386552, 
          5.512012695226915, 
          72.1204713807091
        ], 
        [
          -45.35565892706482, 
          5.133372077332167, 
          72.76399351199002
        ], 
        [
          -44.390852882227215, 
          -7.762444462905599, 
          89.74399976059814
        ], 
        [
          -28.004253899027916, 
          -7.383803845010852, 
          89.10047762931723
        ], 
        [
          -28.93072249789458, 
          11.23088242530525, 
          76.46160680655946
        ], 
        [
          -45.31732148109388, 
          10.852241807410502, 
          77.10512893784038
        ], 
        [
          -44.352515436256276, 
          -2.0435747328272633, 
          94.08513518644848
        ], 
        [
          -27.96591645305697, 
          -1.664934114932516, 
          93.44161305516756
        ]
      ], 
      "cuboid_centroid": [
        -36.6607876900609, 
        1.7342189811998254, 
        83.1028032835788
      ], 
      "location": [
        -36.6607876900609, 
        1.7342189811998254, 
        83.1028032835788
      ], 
      "pose_transform_permuted": [
        [
          -0.005339477282385083, 
          -0.7964999814493897, 
          -0.6046149762728947, 
          0.0
        ], 
        [
          0.9989635379531495, 
          0.023082774628994704, 
          -0.03923054110707386, 
          0.0
        ], 
        [
          -0.045203316498656, 
          0.6041977863800472, 
          -0.7955511894975544, 
          0.0
        ], 
        [
          -36.6607876900609, 
          1.7342189811998254, 
          83.1028032835788, 
          1.0
        ]
      ], 
      "projected_cuboid": [
        [
          265.5901882543336, 
          314.0470080223838
        ], 
        [
          146.39499732028787, 
          310.9112988611974
        ], 
        [
          215.59818934675394, 
          227.15683954600215
        ], 
        [
          312.577996548799, 
          229.09006122155125
        ], 
        [
          278.12368920617973, 
          351.6219246397509
        ], 
        [
          165.53476283230978, 
          348.3491590668174
        ], 
        [
          228.0906373495895, 
          261.7025781717299
        ], 
        [
          320.6509648747435, 
          263.7838984276961
        ]
      ], 
      "projected_cuboid_centroid": [
        244.3625630906881, 
        284.4160415316933
      ], 
      "quaternion_xyzw": [
        0.8955133026100299, 
        0.019063393845916803, 
        -0.012442589702340775, 
        0.4444521277089941
      ], 
      "visibility": 0.5441863709283672
    }, 
    {
      "bounding_box": {
        "bottom_right": [
          379, 
          352
        ], 
        "top_left": [
          288, 
          276
        ]
      }, 
      "class": "006_mustard_bottle", 
      "cuboid": [
        [
          -23.739316386283033, 
          14.637211388892215, 
          79.95724931579963
        ], 
        [
          -32.97956660674986, 
          12.155990829267822, 
          79.14031100242126
        ], 
        [
          -31.478612286788916, 
          1.3846059815485492, 
          94.87832676604614
        ], 
        [
          -22.238362066322086, 
          3.8658265411729413, 
          95.6952650794245
        ], 
        [
          -25.256592883316024, 
          19.20964837255103, 
          83.23141309410951
        ], 
        [
          -34.49684310378285, 
          16.72842781292664, 
          82.41447478073115
        ], 
        [
          -32.99588878382191, 
          5.957042965207363, 
          98.15249054435603
        ], 
        [
          -23.755638563355074, 
          8.438263524831756, 
          98.9694288577344
        ]
      ], 
      "cuboid_centroid": [
        -28.36760258505247, 
        10.29712717704979, 
        89.05486993007783
      ], 
      "location": [
        -28.36760258505247, 
        10.29712717704979, 
        89.05486993007783
      ], 
      "pose_transform_permuted": [
        [
          0.26048111690894604, 
          -0.7849811783338548, 
          -0.5620978375297612, 
          0.0
        ], 
        [
          0.9622855106907215, 
          0.25839588067279073, 
          0.08507647340013318, 
          0.0
        ], 
        [
          -0.07846034784589241, 
          0.5630595086704685, 
          -0.8226833920237312, 
          0.0
        ], 
        [
          -28.36760258505247, 
          10.29712717704979, 
          89.05486993007783, 
          1.0
        ]
      ], 
      "projected_cuboid": [
        [
          321.9348712458938, 
          370.91760387616205
        ], 
        [
          257.4985784571537, 
          355.2046891736771
        ], 
        [
          303.1783975680078, 
          281.06953237125634
        ], 
        [
          356.6275533738894, 
          294.83118805204356
        ], 
        [
          318.4124449248088, 
          396.3756612110184
        ], 
        [
          256.5011621102678, 
          381.5393439604225
        ], 
        [
          300.8171253046811, 
          305.65461803235644
        ], 
        [
          352.51753628968055, 
          318.75806628762143
        ]
      ], 
      "projected_cuboid_centroid": [
        310.29733047782327, 
        334.9525600444206
      ], 
      "quaternion_xyzw": [
        0.8785560393183454, 
        0.095855077377888, 
        0.09833111800619763, 
        0.4574735413591096
      ], 
      "visibility": 0.8336259877085163
    }, 
    {
      "bounding_box": {
        "bottom_right": [
          266, 
          301
        ], 
        "top_left": [
          214, 
          207
        ]
      }, 
      "class": "008_pudding_box", 
      "cuboid": [
        [
          -29.71271783938566, 
          -3.758917895706202, 
          79.81661905764878
        ], 
        [
          -41.05650989509371, 
          -4.458037554775561, 
          79.86116209117797
        ], 
        [
          -40.69553195507839, 
          -9.858415442193195, 
          87.02890401606084
        ], 
        [
          -29.351739899370333, 
          -9.159295783123838, 
          86.98436098253164
        ], 
        [
          -29.892502655886094, 
          -0.6940154566528689, 
          82.13485476784595
        ], 
        [
          -41.23629471159415, 
          -1.3931351157222271, 
          82.17939780137516
        ], 
        [
          -40.87531677157882, 
          -6.793513003139862, 
          89.347139726258
        ], 
        [
          -29.531524715870766, 
          -6.094393344070504, 
          89.30259669272883
        ]
      ], 
      "cuboid_centroid": [
        -35.29401730548224, 
        -5.276215449423032, 
        84.5818793919534
      ], 
      "location": [
        -35.29401730548224, 
        -5.276215449423032, 
        84.5818793919534
      ],