{
  "camera_data": {
    "location_worldframe": [
      -17.535692655734085, 
      -0.9754671530520287, 
      91.07072255187605
    ], 
    "quaternion_xyzw_worldframe": [
      0.8833459555206024, 
      0.03127320613190211, 
      0.0034983796816661526, 
      -0.46766394607728856
    ]
  }, 
  "objects": [
    {
      "bounding_box": {
        "bottom_right": [
          410, 
          334
        ], 
        "top_left": [
          268, 
          191
        ]
      }, 
      "class": "003_cracker_box", 
      "cuboid": [
        [
          -23.84310723099122, 
          17.088911600588634, 
          73.41717941231427
        ], 
        [
          -40.23967670591014, 
          17.00685087381169, 
          72.94400800739433
        ], 
        [
          -40.46011394501287, 
          -1.3847958371960345, 
          83.7723174704403
        ], 
        [
          -24.063544470093948, 
          -1.3027351104190912, 
          84.24548887536022
        ], 
        [
          -24.03979553054861, 
          20.732121922590334, 
          79.60108835386734
        ], 
        [
          -40.436365005467536, 
          20.65006119581339, 
          79.1279169489474
        ], 
        [
          -40.65680224457026, 
          2.258414484805668, 
          89.95622641199337
        ], 
        [
          -24.26023276965134, 
          2.3404752115826115, 
          90.42939781691331
        ]
      ], 
      "cuboid_centroid": [
        -32.24995473778074, 
        9.67366304269715, 
        81.68670291215382
      ], 
      "location": [
        -32.24995473778074, 
        9.67366304269715, 
        81.68670291215382
      ], 
      "pose_transform_permuted": [
        [
          0.02739391424232135, 
          -0.5074109204881003, 
          -0.8612686754038501, 
          0.0
        ], 
        [
          0.9995713613150063, 
          0.0050026045082416926, 
          0.028845581758711047, 
          0.0
        ], 
        [
          0.010327976633819513, 
          0.8616896957243672, 
          -0.5073304654572779, 
          0.0
        ], 
        [
          -32.24995473778074, 
          9.67366304269715, 
          81.68670291215382, 
          1.0
        ]
      ], 
      "projected_cuboid": [
        [
          306.95177157565945, 
          397.42439351645476
        ], 
        [
          184.9387031450512, 
          397.62967276168536
        ], 
        [
          221.86934407161138, 
          264.47051425222276
        ], 
        [
          327.9923060451868, 
          265.03951899743925
        ], 
        [
          319.19053296618085, 
          412.1897471041036
        ], 
        [
          206.78606749256113, 
          412.4672779030406
        ], 
        [
          238.54813075313098, 
          286.6759021166971
        ], 
        [
          337.3267260228211, 
          287.0898065467179
        ]
      ], 
      "projected_cuboid_centroid": [
        269.28754238126197, 
        336.4443563012361
      ], 
      "quaternion_xyzw": [
        0.9646929216651307, 
        -0.0013800692443108834, 
        0.014574455440172326, 
        0.26297005066489454
      ], 
      "visibility": 0.35974278803610404
    }, 
    {
      "bounding_box": {
        "bottom_right": [
          417, 
          372
        ], 
        "top_left": [
          305, 
          306
        ]
      }, 
      "class": "006_mustard_bottle", 
      "cuboid": [
        [
          -19.057359771958254, 
          22.39584162501548, 
          84.41571270190855
        ], 
        [
          -28.24472571546413, 
          20.699229858556276, 
          82.19763169702476
        ], 
        [
          -27.834733235713315, 
          4.726337261697131, 
          92.71710620101692
        ], 
        [
          -18.64736729220744, 
          6.422949028156333, 
          94.93518720590069
        ], 
        [
          -20.746743207043327, 
          25.431624153444176, 
          89.09112331858418
        ], 
        [
          -29.934109150549205, 
          23.735012386984977, 
          86.8730423137004
        ], 
        [
          -29.52411667079839, 
          7.762119790125832, 
          97.39251681769255
        ], 
        [
          -20.336750727292515, 
          9.458731556585034, 
          99.61059782257632
        ]
      ], 
      "cuboid_centroid": [
        -24.290738221378323, 
        15.078980707570654, 
        90.90411475980055
      ], 
      "location": [
        -24.290738221378323, 
        15.078980707570654, 
        90.90411475980055
      ], 
      "pose_transform_permuted": [
        [
          0.29002787884670184, 
          -0.5211733162967324, 
          -0.8026593582785425, 
          0.0
        ], 
        [
          0.9567781085913536, 
          0.1766862239850252, 
          0.23099236077073854, 
          0.0
        ], 
        [
          -0.021431799854032804, 
          0.8349612593721403, 
          -0.5498912377031533, 
          0.0
        ], 
        [
          -24.290738221378323, 
          15.078980707570654, 
          90.90411475980055, 
          1.0
        ]
      ], 
      "projected_cuboid": [
        [
          360.1935764119907, 
          414.7784538573074
        ], 
        [
          296.8107575062784, 
          407.58851739635475
        ], 
        [
          320.1541747620963, 
          300.4729798540885
        ], 
        [
          375.96834015775016, 
          309.3688863629312
        ], 
        [
          356.3673989839437, 
          425.52598325567425
        ], 
        [
          296.29808131274183, 
          418.99741186886325
        ], 
        [
          318.57625269433277, 
          315.79175939124264
        ], 
        [
          371.80581175176746, 
          323.9290085754865
        ]
      ], 
      "projected_cuboid_centroid": [
        337.89966864560785, 
        361.7524531587272
      ], 
      "quaternion_xyzw": [
        0.9479449781292736, 
        0.052249346852924664, 
        0.1374078273629473, 
        0.28247012714640435
      ], 
      "visibility": 0.4168139854645453
    }, 
    {
      "bounding_box": {
        "bottom_right": [
          321, 
          316
        ], 
        "top_left": [
          258, 
          226
        ]
      }, 
      "class": "008_pudding_box", 
      "cuboid": [
        [
          -25.147189149682298, 
          5.621191278464638, 
          76.9562165210552
        ], 
        [
          -36.475500404393024, 
          5.3121345521338545, 
          76.09237704581561
        ], 
        [
          -36.614433153720384, 
          -2.4099949948056048, 
          80.67716969688057
        ], 
        [
          -25.28612189900965, 
          -2.1009382684748217, 
          81.54100917212016
        ], 
        [
          -25.45198427194447, 
          7.583094524526496, 
          80.25139511040808
        ], 
        [
          -36.7802955266552, 
          7.274037798195712, 
          79.3875556351685
        ], 
        [
          -36.919228275982555, 
          -0.44809174874374663, 
          83.97234828623345
        ], 
        [
          -25.59091702127183, 
          -0.1390350224129637, 
          84.83618776147304
        ]
      ], 
      "cuboid_centroid": [
        -31.033208712832426, 
        2.5865497648604454, 
        80.46428240364433
      ], 
      "location": [
        -31.033208712832426, 
        2.5865497648604454, 
        80.46428240364433
      ],