{
  "camera_data": {
    "location_worldframe": [
      -21.76744625054996, 
      -3.6655939751140245, 
      95.08698412921935
    ], 
    "quaternion_xyzw_worldframe": [
      0.9562563771049662, 
      0.029634260205746703, 
      -0.04453694597680253, 
      -0.2876002965621801
    ]
  }, 
  "objects": [
    {
      "bounding_box": {
        "bottom_right": [
          352, 
          314
        ], 
        "top_left": [
          234, 
          147
        ]
      }, 
      "class": "003_cracker_box", 
      "cuboid": [
        [
          -30.143979421810034, 
          6.127898105424214, 
          72.4667536065336
        ], 
        [
          -46.510508214775314, 
          5.530517625017384, 
          73.39302976288421
        ], 
        [
          -45.08034228082257, 
          -7.31402777879599, 
          90.37907774106716
        ], 
        [
          -28.713813487857287, 
          -6.71664729838916, 
          89.45280158471657
        ], 
        [
          -30.108081576970015, 
          11.856241228672962, 
          76.79540165667666
        ], 
        [
          -46.4746103699353, 
          11.258860748266132, 
          77.72167781302727
        ], 
        [
          -45.04444443598255, 
          -1.585684655547242, 
          94.70772579121024
        ], 
        [
          -28.677915643017272, 
          -0.9883041751404121, 
          93.78144963485963
        ]
      ], 
      "cuboid_centroid": [
        -37.59421192889629, 
        2.271106724938486, 
        83.58723969887191
      ], 
      "location": [
        -37.59421192889629, 
        2.271106724938486, 
        83.58723969887191
      ], 
      "pose_transform_permuted": [
        [
          -0.004999699957977416, 
          -0.7978193955715214, 
          -0.602875787414143, 
          0.0
        ], 
        [
          0.997740014495712, 
          0.03641764339404416, 
          -0.056467855667814315, 
          0.0
        ], 
        [
          -0.06700646591506726, 
          0.6017956192093101, 
          -0.7958342580123431, 
          0.0
        ], 
        [
          -37.59421192889629, 
          2.271106724938486, 
          83.58723969887191, 
          1.0
        ]
      ], 
      "projected_cuboid": [
        [
          257.9034899010495, 
          318.38484721500134
        ], 
        [
          140.80615407772618, 
          313.4747324738033
        ], 
        [
          213.364790169283, 
          230.12705523626875
        ], 
        [
          308.9780405775354, 
          233.2417381090462
        ], 
        [
          270.7635742738238, 
          355.6243537053624
        ], 
        [
          160.0346182744169, 
          350.54388870014054
        ], 
        [
          225.82826863035405, 
          264.3572064778821
        ], 
        [
          317.1514223447472, 
          267.66621570251556
        ]
      ], 
      "projected_cuboid_centroid": [
        239.73222792529117, 
        287.77709534694816
      ], 
      "quaternion_xyzw": [
        0.8947641338809862, 
        0.02889703146138511, 
        -0.017174234331225335, 
        0.445271997736288
      ], 
      "visibility": 0.5423206278026906
    }, 
    {
      "bounding_box": {
        "bottom_right": [
          382, 
          348
        ], 
        "top_left": [
          292, 
          271
        ]
      }, 
      "class": "006_mustard_bottle", 
      "cuboid": [
        [
          -24.903727417341226, 
          15.339691895976868, 
          80.1944852417809
        ], 
        [
          -34.12238374447234, 
          12.732742690014268, 
          79.54159997622337
        ], 
        [
          -32.206147025279336, 
          2.016930425545814, 
          95.27246581167803
        ], 
        [
          -22.98749069814823, 
          4.623879631508415, 
          95.92535107723558
        ], 
        [
          -26.425973415402254, 
          19.898473011100055, 
          83.48534200726911
        ], 
        [
          -35.64462974253336, 
          17.29152380513745, 
          82.83245674171157
        ], 
        [
          -33.72839302334037, 
          6.575711540668999, 
          98.56332257716625
        ], 
        [
          -24.50973669620925, 
          9.182660746631601, 
          99.21620784272378
        ]
      ], 
      "cuboid_centroid": [
        -29.316060220340795, 
        10.957701718322934, 
        89.37890390947358
      ], 
      "location": [
        -29.316060220340795, 
        10.957701718322934, 
        89.37890390947358
      ], 
      "pose_transform_permuted": [
        [
          0.2613342647569448, 
          -0.7826367830338036, 
          -0.56496363552588, 
          0.0
        ], 
        [
          0.9600367089612684, 
          0.27148934153838894, 
          0.06799188508963795, 
          0.0
        ], 
        [
          -0.10016867105380411, 
          0.5601545273831848, 
          -0.8223096392426856, 
          0.0
        ], 
        [
          -29.316060220340795, 
          10.957701718322934, 
          89.37890390947358, 
          1.0
        ]
      ], 
      "projected_cuboid": [
        [
          314.59894604649696, 
          375.30051142700506
        ], 
        [
          250.90281369427242, 
          358.6584820471029
        ], 
        [
          299.8099506989309, 
          284.57698254664194
        ], 
        [
          352.7276386692456, 
          298.9940858821365
        ], 
        [
          311.3763178042296, 
          400.40161084174827
        ], 
        [
          250.18537302887563, 
          384.61860068851666
        ], 
        [
          297.574091052447, 
          308.867275787607
        ], 
        [
          348.75128948575184, 
          322.6463442900852
        ]
      ], 
      "projected_cuboid_centroid": [
        305.2117964999574, 
        338.6706124924487
      ], 
      "quaternion_xyzw": [
        0.8782304469600125, 
        0.10579740598799672, 
        0.09374707714431404, 
        0.4568693865693219
      ], 
      "visibility": 0.8392311052861512
    }, 
    {
      "bounding_box": {
        "bottom_right": [
          270, 
          297
        ], 
        "top_left": [
          217, 
          203
        ]
      }, 
      "class": "008_pudding_box", 
      "cuboid": [
        [
          -30.63027596103841, 
          -3.135336343806503, 
          80.19265734555282
        ], 
        [
          -41.96117605237292, 
          -3.986744802818005, 
          80.43385713576359
        ], 
        [
          -41.40431416982097, 
          -9.366095350182556, 
          87.60486844757588
        ], 
        [
          -30.073414078486465, 
          -8.514686891171054, 
          87.36366865736511
        ], 
        [
          -30.81147035671063, 
          -0.06806432050112249, 
          82.5076470378015
        ], 
        [
          -42.142370448045135, 
          -0.9194727795126243, 
          82.74884682801226
        ], 
        [
          -41.58550856549319, 
          -6.298823326877176, 
          89.91985813982456
        ], 
        [
          -30.254608474158683, 
          -5.447414867865674, 
          89.6786583496138
        ]
      ], 
      "cuboid_centroid": [
        -36.1078922632658, 
        -4.717079835341839, 
        85.05625774268869
      ], 
      "location": [
        -36.1078922632658, 
        -4.717079835341839, 
        85.05625774268869
      ],