{
  "camera_data": {
    "location_worldframe": [
      -12.770675146066814, 
      3.429295158151717, 
      82.86035165140233
    ], 
    "quaternion_xyzw_worldframe": [
      0.9219647386281288, 
      0.00841118100583701, 
      0.07284081317051544, 
      -0.38027181258263953
    ]
  }, 
  "objects": [
    {
      "bounding_box": {
        "bottom_right": [
          472, 
          354
        ], 
        "top_left": [
          295, 
          203
        ]
      }, 
      "class": "003_cracker_box", 
      "cuboid": [
        [
          -15.199565804395753, 
          18.329109217920088, 
          61.65066760752844
        ], 
        [
          -31.371810142921774, 
          19.75919046845864, 
          59.30727341127646
        ], 
        [
          -34.78238743387732, 
          3.8770977864575356, 
          73.15215122688541
        ], 
        [
          -18.6101430953513, 
          2.4470165359189804, 
          75.49554542313739
        ], 
        [
          -15.556782179216919, 
          23.08472819923543, 
          67.01805823063904
        ], 
        [
          -31.729026517742938, 
          24.51480944977398, 
          64.67466403438706
        ], 
        [
          -35.13960380869848, 
          8.632716767772873, 
          78.51954184999602
        ], 
        [
          -18.967359470172465, 
          7.202635517234318, 
          80.862936046248
        ]
      ], 
      "cuboid_centroid": [
        -25.169584806547117, 
        13.48091299284648, 
        70.08510472876223
      ], 
      "location": [
        -25.169584806547117, 
        13.48091299284648, 
        70.08510472876223
      ], 
      "pose_transform_permuted": [
        [
          0.049751585426405204, 
          -0.6623424923417774, 
          -0.7475474584172175, 
          0.0
        ], 
        [
          0.9858960018256678, 
          -0.08718093529128043, 
          0.14285852479253824, 
          0.0
        ], 
        [
          0.15979315796279198, 
          0.7441114885285807, 
          -0.6486634252893084, 
          0.0
        ], 
        [
          -25.169584806547117, 
          13.48091299284648, 
          70.08510472876223, 
          1.0
        ]
      ], 
      "projected_cuboid": [
        [
          349.01489451620574, 
          431.8456139387219
        ], 
        [
          197.1356582349211, 
          450.9707007882518
        ], 
        [
          225.90101502010302, 
          301.5527221019011
        ], 
        [
          349.03474019841326, 
          290.57288026341644
        ], 
        [
          356.7668679612223, 
          456.9913176464313
        ], 
        [
          217.77306573180726, 
          475.44032033926914
        ], 
        [
          240.93322817765724, 
          331.92158347136785
        ], 
        [
          355.4581489145503, 
          320.7904595504979
        ]
      ], 
      "projected_cuboid_centroid": [
        288.47048243227704, 
        375.870887764975
      ], 
      "quaternion_xyzw": [
        0.9324101764743168, 
        -0.06621927223808977, 
        0.05164307379914383, 
        0.35150997670047357
      ], 
      "visibility": 0.4834788029925187
    }, 
    {
      "bounding_box": {
        "bottom_right": [
          470, 
          395
        ], 
        "top_left": [
          345, 
          328
        ]
      }, 
      "class": "006_mustard_bottle", 
      "cuboid": [
        [
          -10.896060133708476, 
          25.140479057681308, 
          72.00059082558995
        ], 
        [
          -19.96501400089666, 
          23.957496503770788, 
          69.07472414336372
        ], 
        [
          -22.43905158849945, 
          10.317793207053954, 
          82.25798502893569
        ], 
        [
          -13.37009772131127, 
          11.500775760964475, 
          85.1838517111619
        ], 
        [
          -12.65605738275957, 
          29.161170420086286, 
          75.83020007938997
        ], 
        [
          -21.72501124994775, 
          27.978187866175762, 
          72.90433339716374
        ], 
        [
          -24.199048837550546, 
          14.338484569458931, 
          86.08759428273571
        ], 
        [
          -15.130094970362363, 
          15.521467123369451, 
          89.01346096496192
        ]
      ], 
      "cuboid_centroid": [
        -17.54755448562951, 
        19.73948181357012, 
        79.04409255416283
      ], 
      "location": [
        -17.54755448562951, 
        19.73948181357012, 
        79.04409255416283
      ], 
      "pose_transform_permuted": [
        [
          0.30215062981993424, 
          -0.6902592763239964, 
          -0.6574549185368248, 
          0.0
        ], 
        [
          0.9444465999619733, 
          0.12319655245986255, 
          0.304701609517321, 
          0.0
        ], 
        [
          0.12932695360920646, 
          0.7129969586303011, 
          -0.689137051720558, 
          0.0
        ], 
        [
          -17.54755448562951, 
          19.73948181357012, 
          79.04409255416283, 
          1.0
        ]
      ], 
      "projected_cuboid": [
        [
          400.21566641507746, 
          459.5059794891313
        ], 
        [
          326.16443758338613, 
          458.26016194693517
        ], 
        [
          334.9011035480285, 
          340.1819423667533
        ], 
        [
          397.19189928916273, 
          345.2906656625821
        ], 
        [
          391.8442758801109, 
          478.3792746080146
        ], 
        [
          321.3469331682949, 
          477.95634010945724
        ], 
        [
          330.4326900901929, 
          362.11460522623327
        ], 
        [
          390.190437196954, 
          366.28261168424785
        ]
      ], 
      "projected_cuboid_centroid": [
        362.21504954682774, 
        406.47109197721886
      ], 
      "quaternion_xyzw": [
        0.9103431327155024, 
        -0.0016835413288221507, 
        0.16665480782148845, 
        0.37881219687182477
      ], 
      "visibility": 0.3160573808422027
    }, 
    {
      "bounding_box": {
        "bottom_right": [
          357, 
          337
        ], 
        "top_left": [
          284, 
          241
        ]
      }, 
      "class": "008_pudding_box", 
      "cuboid": [
        [
          -18.172603100140044, 
          7.928231279332579, 
          67.00946960370457
        ], 
        [
          -29.32428615084484, 
          8.567500894178501, 
          64.91097726899466
        ], 
        [
          -30.805790522882354, 
          1.910893091476161, 
          70.75611439813426
        ], 
        [
          -19.65410747217755, 
          1.271623476630239, 
          72.85460673284419
        ], 
        [
          -18.558220540335988, 
          10.501945243163068, 
          69.84274720595135
        ], 
        [
          -29.70990359104079, 
          11.14121485800899, 
          67.74425487124141
        ], 
        [
          -31.191407963078294, 
          4.4846070553066495, 
          73.58939200038104
        ], 
        [
          -20.039724912373497, 
          3.8453374404607277, 
          75.68788433509096
        ]
      ], 
      "cuboid_centroid": [
        -24.682005531609168, 
        6.2064191673196145, 
        70.2994308020428
      ], 
      "location": [
        -24.682005531609168, 
        6.2064191673196145, 
        70.2994308020428
      ],