{
  "camera_data": {
    "location_worldframe": [
      -15.863652908498583, 
      0.7693857816331057, 
      86.82454602261217
    ], 
    "quaternion_xyzw_worldframe": [
      0.8996597121369871, 
      0.025892497453520676, 
      0.025949535609601525, 
      -0.4350507765364686
    ]
  }, 
  "objects": [
    {
      "bounding_box": {
        "bottom_right": [
          433, 
          337
        ], 
        "top_left": [
          278, 
          187
        ]
      }, 
      "class": "003_cracker_box", 
      "cuboid": [
        [
          -20.942258635327875, 
          17.70028550314059, 
          67.71159402932227
        ], 
        [
          -37.30557000741938, 
          18.08320145133407, 
          66.6282972076911
        ], 
        [
          -38.51644354355279, 
          0.5335361295152052, 
          78.71533900947351
        ], 
        [
          -22.15313217146129, 
          0.15062018132172839, 
          79.79863583110469
        ], 
        [
          -21.23722351622718, 
          21.78326828738872, 
          73.61029260083042
        ], 
        [
          -37.600534888318684, 
          22.166184235582197, 
          72.52699577919924
        ], 
        [
          -38.81140842445209, 
          4.616518913763332, 
          84.61403758098164
        ], 
        [
          -22.44809705236059, 
          4.233602965569855, 
          85.69733440261282
        ]
      ], 
      "cuboid_centroid": [
        -29.876833529889986, 
        11.158402208451962, 
        76.16281580515196
      ], 
      "location": [
        -29.876833529889986, 
        11.158402208451962, 
        76.16281580515196
      ], 
      "pose_transform_permuted": [
        [
          0.04108146071746538, 
          -0.5686605685049, 
          -0.8215457816902252, 
          0.0
        ], 
        [
          0.9975438733597477, 
          -0.02334340827759479, 
          0.06604018483027546, 
          0.0
        ], 
        [
          0.056732127650483744, 
          0.822240988468508, 
          -0.5663048848231663, 
          0.0
        ], 
        [
          -29.876833529889986, 
          11.158402208451962, 
          76.16281580515196, 
          1.0
        ]
      ], 
      "projected_cuboid": [
        [
          315.27410318282784, 
          412.70001689698523
        ], 
        [
          180.49987683315447, 
          418.0317268065833
        ], 
        [
          218.46211099426907, 
          276.9014022477958
        ], 
        [
          332.306830743917, 
          274.29318040687326
        ], 
        [
          326.4473713901217, 
          431.1101677030799
        ], 
        [
          202.80136693506864, 
          436.28322645596273
        ], 
        [
          234.93139129235502, 
          302.3843096181283
        ], 
        [
          340.7317907656718, 
          299.633487797893
        ]
      ], 
      "projected_cuboid_centroid": [
        270.64523034381585, 
        351.4217060651898
      ], 
      "quaternion_xyzw": [
        0.9541135471628207, 
        -0.0209816578346973, 
        0.028068369290605088, 
        0.29738741701735394
      ], 
      "visibility": 0.3865200863043255
    }, 
    {
      "bounding_box": {
        "bottom_right": [
          439, 
          377
        ], 
        "top_left": [
          320, 
          309
        ]
      }, 
      "class": "006_mustard_bottle", 
      "cuboid": [
        [
          -16.37607089746197, 
          23.636763843322335, 
          78.47926713119699
        ], 
        [
          -25.530209122571186, 
          22.065215811564393, 
          76.0424540588261
        ], 
        [
          -26.02055613198858, 
          6.885514728371667, 
          87.67417664921074
        ], 
        [
          -16.866417906879366, 
          8.457062760129611, 
          90.11098972158163
        ], 
        [
          -18.128660255770775, 
          27.051045922306738, 
          82.8611120407579
        ], 
        [
          -27.28279848087999, 
          25.479497890548796, 
          80.42429896838699
        ], 
        [
          -27.77314549029738, 
          10.299796807356069, 
          92.05602155877163
        ], 
        [
          -18.619007265188166, 
          11.871344839114013, 
          94.49283463114254
        ]
      ], 
      "cuboid_centroid": [
        -22.074608193879676, 
        16.9682803253392, 
        85.26764434498432
      ], 
      "location": [
        -22.074608193879676, 
        16.9682803253392, 
        85.26764434498432
      ], 
      "pose_transform_permuted": [
        [
          0.3008788671199485, 
          -0.5861528937640414, 
          -0.7522609480843936, 
          0.0
        ], 
        [
          0.9533177529512438, 
          0.16366200743845105, 
          0.25377125682271706, 
          0.0
        ], 
        [
          0.025632223720894215, 
          0.7934982506429363, 
          -0.608032495294226, 
          0.0
        ], 
        [
          -22.074608193879676, 
          16.9682803253392, 
          85.26764434498432, 
          1.0
        ]
      ], 
      "projected_cuboid": [
        [
          369.3832067186474, 
          433.9142999527797
        ], 
        [
          301.050189024891, 
          428.0397195410593
        ], 
        [
          321.9956979075326, 
          315.1709329675046
        ], 
        [
          380.9417252015186, 
          323.33944717730793
        ], 
        [
          363.94307030044354, 
          447.3953832565484
        ], 
        [
          299.1682818218332, 
          442.2493436098558
        ], 
        [
          319.3545774801218, 
          332.957630073327
        ], 
        [
          375.63525523901444, 
          340.2886625974598
        ]
      ], 
      "projected_cuboid_centroid": [
        342.3774379589033, 
        379.4172545006769
      ], 
      "quaternion_xyzw": [
        0.9352909910394965, 
        0.03689487684580081, 
        0.14825603188110983, 
        0.31920156413861955
      ], 
      "visibility": 0.3640174672489083
    }, 
    {
      "bounding_box": {
        "bottom_right": [
          333, 
          320
        ], 
        "top_left": [
          268, 
          225
        ]
      }, 
      "class": "008_pudding_box", 
      "cuboid": [
        [
          -22.748845486579686, 
          6.561909200859708, 
          72.00189091640615
        ], 
        [
          -34.04351350050916, 
          6.536234762053369, 
          70.73611610981983
        ], 
        [
          -34.59959603335974, 
          -0.8282037341241604, 
          75.84754727481534
        ], 
        [
          -23.304928019430264, 
          -0.8025292953178214, 
          77.11332208140166
        ], 
        [
          -23.1050948890253, 
          8.76417233577492, 
          75.13610370386063
        ], 
        [
          -34.39976290295478, 
          8.73849789696858, 
          73.8703288972743
        ], 
        [
          -34.95584543580536, 
          1.3740594007910507, 
          78.98176006226981
        ], 
        [
          -23.661177421875877, 
          1.3997338395973897, 
          80.24753486885614
        ]
      ], 
      "cuboid_centroid": [
        -28.85234546119252, 
        3.96798430082538, 
        75.49182548933798
      ], 
      "location": [
        -28.85234546119252, 
        3.96798430082538, 
        75.49182548933798
      ],