{
  "camera_data": {
    "location_worldframe": [
      -12.1535210950399, 
      4.100649859257372, 
      82.22688499225292
    ], 
    "quaternion_xyzw_worldframe": [
      0.9263445156042911, 
      0.0022447029713792786, 
      0.08832707811649661, 
      -0.3661683362198896
    ]
  }, 
  "objects": [
    {
      "bounding_box": {
        "bottom_right": [
          482, 
          364
        ], 
        "top_left": [
          300, 
          210
        ]
      }, 
      "class": "003_cracker_box", 
      "cuboid": [
        [
          -13.709455936162628, 
          18.446565182146863, 
          60.55832163815178
        ], 
        [
          -29.781326180897395, 
          20.212259644833665, 
          57.791477662065894
        ], 
        [
          -33.91636060997163, 
          4.820740140631054, 
          71.98852541040135
        ], 
        [
          -17.844490365236876, 
          3.05504567794425, 
          74.75536938648723
        ], 
        [
          -14.06871447728264, 
          23.360483204502387, 
          65.78103554043904
        ], 
        [
          -30.1405847220174, 
          25.126177667189186, 
          63.01419156435315
        ], 
        [
          -34.27561915109165, 
          9.734658162986577, 
          77.2112393126886
        ], 
        [
          -18.203748906356882, 
          7.968963700299773, 
          79.9780832887745
        ]
      ], 
      "cuboid_centroid": [
        -23.992537543627137, 
        14.09061167256672, 
        68.8847804754202
      ], 
      "location": [
        -23.992537543627137, 
        14.09061167256672, 
        68.8847804754202
      ], 
      "pose_transform_permuted": [
        [
          0.050036009708810336, 
          -0.6843897130694713, 
          -0.7273974968180099, 
          0.0
        ], 
        [
          0.979776973712796, 
          -0.10764066352013207, 
          0.1686729656439962, 
          0.0
        ], 
        [
          0.19373559176004507, 
          0.7211270402651897, 
          -0.6651633726264192, 
          0.0
        ], 
        [
          -23.992537543627137, 
          14.09061167256672, 
          68.8847804754202, 
          1.0
        ]
      ], 
      "projected_cuboid": [
        [
          359.8557145388446, 
          435.7400899914373
        ], 
        [
          204.47445048397043, 
          459.8122044778525
        ], 
        [
          228.23726977347704, 
          309.0004952783893
        ], 
        [
          353.23003789777806, 
          295.08183778266334
        ], 
        [
          366.5844615834256, 
          462.6815978637443
        ], 
        [
          224.37688524163582, 
          485.9415331100239
        ], 
        [
          242.872825941399, 
          340.5265393078277
        ], 
        [
          359.19702213100175, 
          326.4261510377334
        ]
      ], 
      "projected_cuboid_centroid": [
        294.2941075724847, 
        382.37883807987606
      ], 
      "quaternion_xyzw": [
        0.9257836559904258, 
        -0.08138409371619268, 
        0.059060498081170594, 
        0.3644353291839296
      ], 
      "visibility": 0.5015205491354592
    }, 
    {
      "bounding_box": {
        "bottom_right": [
          477, 
          402
        ], 
        "top_left": [
          351, 
          333
        ]
      }, 
      "class": "006_mustard_bottle", 
      "cuboid": [
        [
          -9.473296623291102, 
          25.440351929017236, 
          70.81389612604644
        ], 
        [
          -18.49954645194977, 
          24.401103140312784, 
          67.70699352119682
        ], 
        [
          -21.62587396889968, 
          11.208168920789706, 
          81.20267055202748
        ], 
        [
          -12.599624140241012, 
          12.247417709494158, 
          84.3095731568771
        ], 
        [
          -11.21778806374193, 
          29.611076191260487, 
          74.48694188232356
        ], 
        [
          -20.244037892400595, 
          28.57182740255604, 
          71.38003927747395
        ], 
        [
          -23.370365409350505, 
          15.378893183032961, 
          84.87571630830459
        ], 
        [
          -14.344115580691838, 
          16.41814197173741, 
          87.98261891315423
        ]
      ], 
      "cuboid_centroid": [
        -16.421831016320805, 
        20.4096225560251, 
        77.84480621717552
      ], 
      "location": [
        -16.421831016320805, 
        20.4096225560251, 
        77.84480621717552
      ], 
      "pose_transform_permuted": [
        [
          0.29948864279866805, 
          -0.7160164388447264, 
          -0.6305766041480617, 
          0.0
        ], 
        [
          0.9399993743409711, 
          0.10822802711100743, 
          0.3235548051666289, 
          0.0
        ], 
        [
          0.16342452345015862, 
          0.6896427121104453, 
          -0.7054681812584026, 
          0.0
        ], 
        [
          -16.421831016320805, 
          20.4096225560251, 
          77.84480621717552, 
          1.0
        ]
      ], 
      "projected_cuboid": [
        [
          409.65641433558295, 
          464.88506071149936
        ], 
        [
          334.6640875811275, 
          465.4909983911802
        ], 
        [
          338.3798966204828, 
          346.89909205522616
        ], 
        [
          401.23105315993223, 
          350.7603937154271
        ], 
        [
          400.60941371545186, 
          485.29909229627
        ], 
        [
          329.082230721769, 
          486.7623953080906
        ], 
        [
          333.52478002872965, 
          369.920360454474
        ], 
        [
          393.92351128141246, 
          372.80751997737536
        ]
      ], 
      "projected_cuboid_centroid": [
        368.15250861906793, 
        413.1141247300306
      ], 
      "quaternion_xyzw": [
        0.902803784135772, 
        -0.01528474329335837, 
        0.17253013858424354, 
        0.3936305554655698
      ], 
      "visibility": 0.32130999094476304
    }, 
    {
      "bounding_box": {
        "bottom_right": [
          364, 
          342
        ], 
        "top_left": [
          288, 
          247
        ]
      }, 
      "class": "008_pudding_box", 
      "cuboid": [
        [
          -17.07083228761229, 
          8.279853205310491, 
          66.13263848796029
        ], 
        [
          -28.15103356892684, 
          9.137055349110515, 
          63.75215227021018
        ], 
        [
          -29.937119236839028, 
          2.68855269987274, 
          69.74361471868322
        ], 
        [
          -18.856917955524477, 
          1.8313505560727175, 
          72.12410093643334
        ], 
        [
          -17.455788487087318, 
          10.941992523260902, 
          68.8830910553573
        ], 
        [
          -28.53598976840187, 
          11.799194667060926, 
          66.5026048376072
        ], 
        [
          -30.322075436314055, 
          5.350692017823149, 
          72.49406728608024
        ], 
        [
          -19.241874154999504, 
          4.493489874023127, 
          74.87455350383034
        ]
      ], 
      "cuboid_centroid": [
        -23.696453861963175, 
        6.8152726115668205, 
        69.31335288702026
      ], 
      "location": [
        -23.696453861963175, 
        6.8152726115668205, 
        69.31335288702026
      ],