{
  "camera_data": {
    "location_worldframe": [
      -18.025370679505347, 
      4.318696677510543, 
      81.71753770538245
    ], 
    "quaternion_xyzw_worldframe": [
      0.9261243293740936, 
      0.024915501140540215, 
      -0.052419267362662426, 
      -0.37272825932582415
    ]
  }, 
  "objects": [
    {
      "bounding_box": {
        "bottom_right": [
          453, 
          312
        ], 
        "top_left": [
          291, 
          119
        ]
      }, 
      "class": "003_cracker_box", 
      "cuboid": [
        [
          -26.829971871506398, 
          18.061983284896417, 
          61.435675997861416
        ], 
        [
          -43.17510560012982, 
          17.438992377956225, 
          62.67123312338948
        ], 
        [
          -41.49042531104419, 
          1.755636124448054, 
          77.0499582440498
        ], 
        [
          -25.145291582420775, 
          2.3786270313882447, 
          75.81440111852173
        ], 
        [
          -26.616285055507998, 
          22.924418932162443, 
          66.71426056721404
        ], 
        [
          -42.96141878413142, 
          22.30142802522225, 
          67.94981769274212
        ], 
        [
          -41.2767384950458, 
          6.618071771714079, 
          82.32854281340242
        ], 
        [
          -24.931604766422375, 
          7.24106267865427, 
          81.09298568787436
        ]
      ], 
      "cuboid_centroid": [
        -34.053355183276096, 
        12.340027528305248, 
        71.88210940563192
      ], 
      "location": [
        -34.053355183276096, 
        12.340027528305248, 
        71.88210940563192
      ], 
      "pose_transform_permuted": [
        [
          -0.029761395697393084, 
          -0.6772194656710933, 
          -0.7351789269574462, 
          0.0
        ], 
        [
          0.9964357237645116, 
          0.03797891198458489, 
          -0.07532231176989279, 
          0.0
        ], 
        [
          -0.07893103148975666, 
          0.7348002433046862, 
          -0.673675362995662, 
          0.0
        ], 
        [
          -34.053355183276096, 
          12.340027528305248, 
          71.88210940563192, 
          1.0
        ]
      ], 
      "projected_cuboid": [
        [
          246.74666276043365, 
          430.08157995477444
        ], 
        [
          111.12377376301914, 
          421.6888540428586
        ], 
        [
          192.01796580984347, 
          285.43859033070635
        ], 
        [
          303.23737976464673, 
          290.0190895571765
        ], 
        [
          267.05102947722776, 
          456.5463304964695
        ], 
        [
          141.594609023706, 
          448.324362988039
        ], 
        [
          211.98043339226598, 
          316.15802772329783
        ], 
        [
          316.26439777052497, 
          320.9084191680528
        ]
      ], 
      "projected_cuboid_centroid": [
        226.8373068256626, 
        364.84170229330203
      ], 
      "quaternion_xyzw": [
        0.930915529737613, 
        0.03139649617492514, 
        -0.02822052702700766, 
        0.3627866292679414
      ], 
      "visibility": 0.36831871212806366
    }, 
    {
      "bounding_box": {
        "bottom_right": [
          470, 
          355
        ], 
        "top_left": [
          344, 
          269
        ]
      }, 
      "class": "006_mustard_bottle", 
      "cuboid": [
        [
          -21.28701273465688, 
          25.703076997212925, 
          70.54196523824518
        ], 
        [
          -30.550840733639028, 
          23.328144962522053, 
          69.67752527729988
        ], 
        [
          -28.384350187872364, 
          9.959562719285838, 
          83.18856014163666
        ], 
        [
          -19.12052218889022, 
          12.33449475397671, 
          84.05300010258196
        ], 
        [
          -22.670952719677814, 
          29.61259474165759, 
          74.6321776421319
        ], 
        [
          -31.93478071865996, 
          27.237662706966713, 
          73.76773768118659
        ], 
        [
          -29.768290172893302, 
          13.869080463730498, 
          87.27877254552337
        ], 
        [
          -20.504462173911154, 
          16.24401249842137, 
          88.14321250646867
        ]
      ], 
      "cuboid_centroid": [
        -25.527651453775093, 
        19.78607873047171, 
        78.91036889188427
      ], 
      "location": [
        -25.527651453775093, 
        19.78607873047171, 
        78.91036889188427
      ], 
      "pose_transform_permuted": [
        [
          0.23759033619655742, 
          -0.6711733495112239, 
          -0.7021944236549194, 
          0.0
        ], 
        [
          0.9647409154793611, 
          0.24732692636355913, 
          0.09002332506507546, 
          0.0
        ], 
        [
          -0.11325034983750346, 
          0.6988244739107211, 
          -0.70627099113944, 
          0.0
        ], 
        [
          -25.527651453775093, 
          19.78607873047171, 
          78.91036889188427, 
          1.0
        ]
      ], 
      "projected_cuboid": [
        [
          319.3193460897049, 
          467.609934899466
        ], 
        [
          245.80880314802496, 
          451.84277254996636
        ], 
        [
          298.1093134001001, 
          337.13702209815557
        ], 
        [
          359.26557798938614, 
          351.5493910954131
        ], 
        [
          318.2409537155246, 
          484.8973630060732
        ], 
        [
          248.7937254221822, 
          470.20702623358454
        ], 
        [
          298.1811609682227, 
          358.03397422689613
        ], 
        [
          356.4988153821751, 
          371.5726082111671
        ]
      ], 
      "projected_cuboid_centroid": [
        307.6294067499791, 
        407.01171769241125
      ], 
      "quaternion_xyzw": [
        0.917300361529009, 
        0.09827132183836484, 
        0.08928745561474206, 
        0.37540711810978156
      ], 
      "visibility": 0.7596338402480437
    }, 
    {
      "bounding_box": {
        "bottom_right": [
          347, 
          289
        ], 
        "top_left": [
          276, 
          179
        ]
      }, 
      "class": "008_pudding_box", 
      "cuboid": [
        [
          -27.24294083811803, 
          7.571727087704429, 
          67.39536013135383
        ], 
        [
          -38.574315751108976, 
          6.781136791687034, 
          67.77913108877647
        ], 
        [
          -37.90946100195821, 
          0.20299639265514008, 
          73.85835371629774
        ], 
        [
          -26.578086088967268, 
          0.9935866886725362, 
          73.4745827588751
        ], 
        [
          -27.328927444480744, 
          10.177439805239539, 
          70.22432352567243
        ], 
        [
          -38.660302357471686, 
          9.386849509222142, 
          70.60809448309506
        ], 
        [
          -37.99544760832092, 
          2.8087091101902493, 
          76.68731711061633
        ], 
        [
          -26.66407269532998, 
          3.5992994062076447, 
          76.30354615319371
        ]
      ], 
      "cuboid_centroid": [
        -32.61919422321948, 
        5.190218098947339, 
        72.04133862098509
      ], 
      "location": [
        -32.61919422321948, 
        5.190218098947339, 
        72.04133862098509
      ],