{
  "camera_data": {
    "location_worldframe": [
      -17.53663527885097, 
      -1.0295848460605521, 
      91.018576256303
    ], 
    "quaternion_xyzw_worldframe": [
      0.8821852465964561, 
      0.031677163922115975, 
      0.0038138044449548105, 
      -0.46982079291067036
    ]
  }, 
  "objects": [
    {
      "bounding_box": {
        "bottom_right": [
          410, 
          334
        ], 
        "top_left": [
          268, 
          191
        ]
      }, 
      "class": "003_cracker_box", 
      "cuboid": [
        [
          -23.838979607473235, 
          17.118129823442242, 
          73.44889002097666
        ], 
        [
          -40.235117877473634, 
          17.030119217604057, 
          72.96204338039614
        ], 
        [
          -40.454941124474644, 
          -1.4146165754000226, 
          83.69968494699481
        ], 
        [
          -24.058802854474244, 
          -1.326605969561838, 
          84.18653158757536
        ], 
        [
          -24.042513431485077, 
          20.730813365852292, 
          79.65046152663759
        ], 
        [
          -40.438651701485476, 
          20.642802760014106, 
          79.16361488605705
        ], 
        [
          -40.658474948486486, 
          2.198066967010025, 
          89.90125645265573
        ], 
        [
          -24.262336678486086, 
          2.2860775728482094, 
          90.38810309323625
        ]
      ], 
      "cuboid_centroid": [
        -32.24872727797986, 
        9.658098395226133, 
        81.6750732368162
      ], 
      "location": [
        -32.24872727797986, 
        9.658098395226133, 
        81.6750732368162
      ], 
      "pose_transform_permuted": [
        [
          0.028347329927295994, 
          -0.5031592797747997, 
          -0.8637286426086019, 
          0.0
        ], 
        [
          0.9995450741036436, 
          0.005365322375659176, 
          0.029679254555113554, 
          0.0
        ], 
        [
          0.010299209733518278, 
          0.8641770377025244, 
          -0.5030824721519873, 
          0.0
        ], 
        [
          -32.24872727797986, 
          9.658098395226133, 
          81.6750732368162, 
          1.0
        ]
      ], 
      "projected_cuboid": [
        [
          307.0573932683744, 
          397.5829549797104
        ], 
        [
          185.04563433583925, 
          397.7690176611072
        ], 
        [
          221.67719372681356, 
          264.2728514566042
        ], 
        [
          327.915022305951, 
          264.88252216825157
        ], 
        [
          319.2728543553436, 
          412.09488298239455
        ], 
        [
          206.8944567194416, 
          412.3556163617092
        ], 
        [
          238.38951327880554, 
          286.3260905403631
        ], 
        [
          337.24829744452205, 
          286.77514872250464
        ]
      ], 
      "projected_cuboid_centroid": [
        269.2653935532171, 
        336.35171571850384
      ], 
      "quaternion_xyzw": [
        0.9653303520576221, 
        -0.001277771735691936, 
        0.015027649435948186, 
        0.2605951811682813
      ], 
      "visibility": 0.3562047234819483
    }, 
    {
      "bounding_box": {
        "bottom_right": [
          417, 
          372
        ], 
        "top_left": [
          305, 
          306
        ]
      }, 
      "class": "006_mustard_bottle", 
      "cuboid": [
        [
          -19.064808656479386, 
          22.373375011905992, 
          84.47723360058646
        ], 
        [
          -28.2495177766243, 
          20.68304798833819, 
          82.24340712077009
        ], 
        [
          -27.839895807399795, 
          4.658872456492966, 
          92.68461126355612
        ], 
        [
          -18.655186687254883, 
          6.34919948006077, 
          94.91843774337251
        ], 
        [
          -20.759508000694073, 
          25.385297082558544, 
          89.16613282729314
        ], 
        [
          -29.944217120838985, 
          23.694970058990744, 
          86.93230634747677
        ], 
        [
          -29.53459515161448, 
          7.670794527145522, 
          97.3735104902628
        ], 
        [
          -20.349886031469566, 
          9.361121550713326, 
          99.60733697007919
        ]
      ], 
      "cuboid_centroid": [
        -24.299701904046934, 
        15.022084769525756, 
        90.92537204542464
      ], 
      "location": [
        -24.299701904046934, 
        15.022084769525756, 
        90.92537204542464
      ], 
      "pose_transform_permuted": [
        [
          0.29094049691610147, 
          -0.5170770301526822, 
          -0.8049750391800151, 
          0.0
        ], 
        [
          0.9565014253237236, 
          0.1760317268795882, 
          0.23263210450333047, 
          0.0
        ], 
        [
          -0.021412431919653724, 
          0.8376420051243965, 
          -0.545799760910965, 
          0.0
        ], 
        [
          -24.299701904046934, 
          15.022084769525756, 
          90.92537204542464, 
          1.0
        ]
      ], 
      "projected_cuboid": [
        [
          360.2345710061225, 
          414.53357611122766
        ], 
        [
          296.88227294877555, 
          407.4088332269539
        ], 
        [
          320.06761970253973, 
          300.09430987227273
        ], 
        [
          375.90539965980895, 
          308.9608758727887
        ], 
        [
          356.395761426399, 
          425.1208233705822
        ], 
        [
          296.3618764999306, 
          418.6524219210887
        ], 
        [
          318.48656324064734, 
          315.29986295258175
        ], 
        [
          371.7313021094917, 
          323.4080410283497
        ]
      ], 
      "projected_cuboid_centroid": [
        337.88024910096607, 
        361.3980497346415
      ], 
      "quaternion_xyzw": [
        0.9485671391140607, 
        0.052037475961809646, 
        0.1379903909354367, 
        0.28012692703448194
      ], 
      "visibility": 0.41174160612605537
    }, 
    {
      "bounding_box": {
        "bottom_right": [
          321, 
          316
        ], 
        "top_left": [
          258, 
          226
        ]
      }, 
      "class": "008_pudding_box", 
      "cuboid": [
        [
          -25.140086289325435, 
          5.632495233892159, 
          76.93047827210872
        ], 
        [
          -36.46753820897137, 
          5.321972803801065, 
          76.05596159919831
        ], 
        [
          -36.60624569151917, 
          -2.422654938612424, 
          80.6026540307946
        ], 
        [
          -25.278793771873243, 
          -2.1121325085213316, 
          81.47717070370501
        ], 
        [
          -25.448537592634253, 
          7.578033646988951, 
          80.23500613942115
        ], 
        [
          -36.775989512280184, 
          7.267511216897858, 
          79.36048946651073
        ], 
        [
          -36.91469699482799, 
          -0.47711652551563133, 
          83.90718189810703
        ], 
        [
          -25.587245075182057, 
          -0.16659409542453887, 
          84.78169857101744
        ]
      ], 
      "cuboid_centroid": [
        -31.02739164207671, 
        2.5776893541882635, 
        80.41883008510787
      ], 
      "location": [
        -31.02739164207671, 
        2.5776893541882635, 
        80.41883008510787
      ],