{
  "camera_data": {
    "location_worldframe": [
      -9.431123395286498, 
      8.029308236766836, 
      84.5700550961349
    ], 
    "quaternion_xyzw_worldframe": [
      0.9366348523000692, 
      -0.04766157507181087, 
      0.196453215632514, 
      -0.2860947178214873
    ]
  }, 
  "objects": [
    {
      "bounding_box": {
        "bottom_right": [
          522, 
          436
        ], 
        "top_left": [
          326, 
          266
        ]
      }, 
      "class": "003_cracker_box", 
      "cuboid": [
        [
          -4.944982717225808, 
          18.770802553678507, 
          61.28384282584051
        ], 
        [
          -19.775092253218123, 
          22.808535563737973, 
          55.55298957548569
        ], 
        [
          -28.885275005791055, 
          10.833117117506848, 
          70.6906073008342
        ], 
        [
          -14.055165469798744, 
          6.7953841074473855, 
          76.42146055118901
        ], 
        [
          -5.098948013024398, 
          24.445298324582048, 
          65.68029480085742
        ], 
        [
          -19.929057549016708, 
          28.483031334641506, 
          59.94944155050261
        ], 
        [
          -29.039240301589643, 
          16.507612888410385, 
          75.08705927585112
        ], 
        [
          -14.20913076559733, 
          12.469879878350923, 
          80.81791252620593
        ]
      ], 
      "cuboid_centroid": [
        -16.992111509407724, 
        17.639207721044446, 
        68.18545105084581
      ], 
      "location": [
        -16.992111509407724, 
        17.639207721044446, 
        68.18545105084581
      ], 
      "pose_transform_permuted": [
        [
          0.02144363502501842, 
          -0.7903197641463671, 
          -0.6123192312156662, 
          0.0
        ], 
        [
          0.9040764777057606, 
          -0.24614918917431858, 
          0.34936556660319423, 
          0.0
        ], 
        [
          0.42683239447827676, 
          0.5610750814895064, 
          -0.7092311752563367, 
          0.0
        ], 
        [
          -16.992111509407724, 
          17.639207721044446, 
          68.18545105084581, 
          1.0
        ]
      ], 
      "projected_cuboid": [
        [
          438.2049831767639, 
          436.6385102486605
        ], 
        [
          290.1702324134849, 
          492.25294775616294
        ], 
        [
          261.85837769166017, 
          355.016116013859
        ], 
        [
          382.69340775510653, 
          320.7092304232284
        ], 
        [
          439.8489195529718, 
          471.7807188082576
        ], 
        [
          302.8275963281814, 
          526.6760276240509
        ], 
        [
          273.62170437290325, 
          390.53488023511926
        ], 
        [
          387.04922678356616, 
          355.57561141871196
        ]
      ], 
      "projected_cuboid_centroid": [
        347.5839326381086, 
        411.25343215423516
      ], 
      "quaternion_xyzw": [
        0.8771360770158375, 
        -0.19181219462041463, 
        0.10568747864349824, 
        0.42739974409228065
      ], 
      "visibility": 0.6472753388993626
    }, 
    {
      "bounding_box": {
        "bottom_right": [
          496, 
          450
        ], 
        "top_left": [
          380, 
          367
        ]
      }, 
      "class": "006_mustard_bottle", 
      "cuboid": [
        [
          -0.9760586936421539, 
          26.482418246650894, 
          71.12321697182213
        ], 
        [
          -9.474267265264832, 
          26.527375438284768, 
          66.65281455880327
        ], 
        [
          -17.072833330474264, 
          16.403122444092144, 
          80.99582786307865
        ], 
        [
          -8.574624758851584, 
          16.358165252458267, 
          85.4662302760975
        ], 
        [
          -2.390774073475918, 
          31.424638908402503, 
          73.86228464345666
        ], 
        [
          -10.888982645098597, 
          31.46959610003638, 
          69.3918822304378
        ], 
        [
          -18.487548710308026, 
          21.34534310584375, 
          83.73489553471319
        ], 
        [
          -9.989340138685348, 
          21.300385914209876, 
          88.20529794773205
        ]
      ], 
      "cuboid_centroid": [
        -9.73180370197509, 
        23.913880676247324, 
        77.42905625326766
      ], 
      "location": [
        -9.73180370197509, 
        23.913880676247324, 
        77.42905625326766
      ], 
      "pose_transform_permuted": [
        [
          0.24287375634432568, 
          -0.8484644430339044, 
          -0.4702342702808217, 
          0.0
        ], 
        [
          0.8850088233743788, 
          -0.0046818704124266175, 
          0.46555053882378034, 
          0.0
        ], 
        [
          0.39720471747723624, 
          0.5292315702351543, 
          -0.7497615337427377, 
          0.0
        ], 
        [
          -9.73180370197509, 
          23.913880676247324, 
          77.42905625326766, 
          1.0
        ]
      ], 
      "projected_cuboid": [
        [
          474.21707046685736, 
          471.86574828716874
        ], 
        [
          405.15738588749565, 
          485.5441733868998
        ], 
        [
          368.2436323944779, 
          381.29341506869616
        ], 
        [
          427.64447699276997, 
          375.36346176411024
        ], 
        [
          464.1907259711501, 
          500.18684853685284
        ], 
        [
          397.21107366902095, 
          515.1498703363819
        ], 
        [
          362.8659426042924, 
          409.23809575383797
        ], 
        [
          420.69474449178693, 
          402.07600076271297
        ]
      ], 
      "projected_cuboid_centroid": [
        414.0072764281313, 
        438.00171715840594
      ], 
      "quaternion_xyzw": [
        0.8491870618259494, 
        -0.11831509391626664, 
        0.20855955272234994, 
        0.47051646469391717
      ], 
      "visibility": 0.17029328287606432
    }, 
    {
      "bounding_box": {
        "bottom_right": [
          398, 
          391
        ], 
        "top_left": [
          314, 
          289
        ]
      }, 
      "class": "008_pudding_box", 
      "cuboid": [
        [
          -11.014294842207114, 
          10.359801100653334, 
          67.46062134448343
        ], 
        [
          -21.23937828861476, 
          12.717735632625107, 
          63.094824299313586
        ], 
        [
          -25.114627113692794, 
          7.7166381689945895, 
          69.46996205506524
        ], 
        [
          -14.88954366728515, 
          5.358703637022817, 
          73.83575910023508
        ], 
        [
          -11.270623412109337, 
          13.454076352319289, 
          69.73216766370565
        ], 
        [
          -21.495706858516982, 
          15.81201088429106, 
          65.36637061853581
        ], 
        [
          -25.37095568359502, 
          10.810913420660546, 
          71.74150837428745
        ], 
        [
          -15.145872237187374, 
          8.452978888688774, 
          76.10730541945729
        ]
      ], 
      "cuboid_centroid": [
        -18.192625262901068, 
        10.58535726065694, 
        69.60106485938545
      ], 
      "location": [
        -18.192625262901068, 
        10.58535726065694, 
        69.60106485938545
      ],