{
  "camera_data": {
    "location_worldframe": [
      -10.00753461337172, 
      6.440360561095411, 
      82.56908842971022
    ], 
    "quaternion_xyzw_worldframe": [
      0.9363326283654555, 
      -0.023889124363550472, 
      0.14963484743149147, 
      -0.31673438994930575
    ]
  }, 
  "objects": [
    {
      "bounding_box": {
        "bottom_right": [
          510, 
          408
        ], 
        "top_left": [
          315, 
          251
        ]
      }, 
      "class": "003_cracker_box", 
      "cuboid": [
        [
          -8.124460788507616, 
          18.666966542766485, 
          59.6623758741332
        ], 
        [
          -23.612996841551304, 
          21.708238194107334, 
          55.19762130490181
        ], 
        [
          -30.58793551972041, 
          8.264877444048423, 
          70.23689752837585
        ], 
        [
          -15.099399466676719, 
          5.2236057927075725, 
          74.70165209760722
        ], 
        [
          -8.417366832455961, 
          24.082576254572036, 
          64.3674555794898
        ], 
        [
          -23.90590288549965, 
          27.12384790591289, 
          59.90270101025842
        ], 
        [
          -30.880841563668753, 
          13.680487155853974, 
          74.94197723373244
        ], 
        [
          -15.392305510625064, 
          10.639215504513125, 
          79.40673180296383
        ]
      ], 
      "cuboid_centroid": [
        -19.502651176088186, 
        16.17372684931023, 
        67.30217655393282
      ], 
      "location": [
        -19.502651176088186, 
        16.17372684931023, 
        67.30217655393282
      ], 
      "pose_transform_permuted": [
        [
          0.04079471461716208, 
          -0.7542632090923972, 
          -0.6553035958004068, 
          0.0
        ], 
        [
          0.944215623335075, 
          -0.18540268739199436, 
          0.2721813736422496, 
          0.0
        ], 
        [
          0.32679144405761257, 
          0.6298514546442399, 
          -0.7046236564104805, 
          0.0
        ], 
        [
          -19.502651176088186, 
          16.17372684931023, 
          67.30217655393282, 
          1.0
        ]
      ], 
      "projected_cuboid": [
        [
          408.3676240453587, 
          440.14980264022927
        ], 
        [
          251.54693733204888, 
          483.03160074618023
        ], 
        [
          247.40262599389868, 
          336.0430256471915
        ], 
        [
          372.8991555253089, 
          310.57957214856606
        ], 
        [
          411.2733788725139, 
          472.8238571770728
        ], 
        [
          266.9868066467613, 
          514.7727984540929
        ], 
        [
          260.004230931824, 
          370.6428124867492
        ], 
        [
          377.3561833885607, 
          344.7427212205891
        ]
      ], 
      "projected_cuboid_centroid": [
        325.76519869791207, 
        401.4512676122193
      ], 
      "quaternion_xyzw": [
        0.8985224918970758, 
        -0.14251010299369277, 
        0.08708076066037494, 
        0.4059127285791948
      ], 
      "visibility": 0.591333390425623
    }, 
    {
      "bounding_box": {
        "bottom_right": [
          493, 
          432
        ], 
        "top_left": [
          370, 
          354
        ]
      }, 
      "class": "006_mustard_bottle", 
      "cuboid": [
        [
          -4.086806814199457, 
          26.190294197445592, 
          69.61887154246601
        ], 
        [
          -12.864608953309537, 
          25.73415028852397, 
          65.75258260458335
        ], 
        [
          -18.545615340523646, 
          14.300957182595559, 
          79.99930143438323
        ], 
        [
          -9.767813201413567, 
          14.757101091517178, 
          83.8655903722659
        ], 
        [
          -5.694567965440912, 
          30.852224523011746, 
          72.71902736198565
        ], 
        [
          -14.472370104550992, 
          30.396080614090128, 
          68.852738424103
        ], 
        [
          -20.1533764917651, 
          18.962887508161714, 
          83.09945725390287
        ], 
        [
          -11.375574352655022, 
          19.419031417083332, 
          86.96574619178553
        ]
      ], 
      "cuboid_centroid": [
        -12.120091652982278, 
        22.57659085280365, 
        76.35916439818445
      ], 
      "location": [
        -12.120091652982278, 
        22.57659085280365, 
        76.35916439818445
      ], 
      "pose_transform_permuted": [
        [
          0.2760152294042167, 
          -0.8003451055425893, 
          -0.5322247145061306, 
          0.0
        ], 
        [
          0.9141258745857758, 
          0.04750311559451745, 
          0.4026377788804446, 
          0.0
        ], 
        [
          0.29696689054944214, 
          0.5976546362208687, 
          -0.7447278709173552, 
          0.0
        ], 
        [
          -12.120091652982278, 
          22.57659085280365, 
          76.35916439818445, 
          1.0
        ]
      ], 
      "projected_cuboid": [
        [
          450.02893817236935, 
          473.9188733675566
        ], 
        [
          376.38258893636373, 
          482.01638191280546
        ], 
        [
          356.931422782795, 
          368.6246270249507
        ], 
        [
          418.9637715979527, 
          367.1301628579503
        ], 
        [
          439.48520568014976, 
          499.55600443907787
        ], 
        [
          368.56278647458805, 
          508.72851769314144
        ], 
        [
          351.17791748587666, 
          394.9874442902925
        ], 
        [
          411.2547235644813, 
          392.374227036698
        ]
      ], 
      "projected_cuboid_centroid": [
        396.24059310086955, 
        430.9694843302957
      ], 
      "quaternion_xyzw": [
        0.8723538882404284, 
        -0.0714915638933251, 
        0.19448901914495126, 
        0.4427884707364624
      ], 
      "visibility": 0.24333632824198861
    }, 
    {
      "bounding_box": {
        "bottom_right": [
          385, 
          373
        ], 
        "top_left": [
          303, 
          274
        ]
      }, 
      "class": "008_pudding_box", 
      "cuboid": [
        [
          -13.021837080686922, 
          9.474086970116161, 
          65.76488694733224
        ], 
        [
          -23.696566357075653, 
          11.167617259350978, 
          62.24999283542335
        ], 
        [
          -26.67577399870996, 
          5.544819949501802, 
          68.5887137586216
        ], 
        [
          -16.00104472232123, 
          3.851289660266984, 
          72.10360787053047
        ], 
        [
          -13.36209820249332, 
          12.418778193950118, 
          68.21706604243415
        ], 
        [
          -24.036827478882056, 
          14.112308483184934, 
          64.70217193052528
        ], 
        [
          -27.016035120516364, 
          8.489511173335758, 
          71.0408928537235
        ], 
        [
          -16.34130584412763, 
          6.795980884100941, 
          74.5557869656324
        ]
      ], 
      "cuboid_centroid": [
        -20.018936100601643, 
        8.981799071725959, 
        68.40288990052787
      ], 
      "location": [
        -20.018936100601643, 
        8.981799071725959, 
        68.40288990052787
      ],