{
  "camera_data": {
    "location_worldframe": [
      -13.713989399631934, 
      -1.761200305345155, 
      95.63761079159988
    ], 
    "quaternion_xyzw_worldframe": [
      0.950130413681661, 
      -0.0152272744091929, 
      0.1265298561928878, 
      -0.2846241129657656
    ]
  }, 
  "objects": [
    {
      "bounding_box": {
        "bottom_right": [
          394, 
          385
        ], 
        "top_left": [
          255, 
          258
        ]
      }, 
      "class": "003_cracker_box", 
      "cuboid": [
        [
          -13.096001961244239, 
          8.849384967064916, 
          71.87237351098943
        ], 
        [
          -28.82776382831343, 
          11.251111964845235, 
          67.89474963823359
        ], 
        [
          -34.83849881089125, 
          -1.2333836007876546, 
          84.12934179779533
        ], 
        [
          -19.106736943822064, 
          -3.6351105985679726, 
          88.10696567055116
        ], 
        [
          -13.31476855364725, 
          14.577314018752341, 
          76.19618750928147
        ], 
        [
          -29.046530420716444, 
          16.97904101653266, 
          72.21856363652563
        ], 
        [
          -35.05726540329427, 
          4.49454545089977, 
          88.45315579608737
        ], 
        [
          -19.325503536225074, 
          2.092818453119452, 
          92.43077966884321
        ]
      ], 
      "cuboid_centroid": [
        -24.076633682269254, 
        6.671965208982343, 
        80.1627646535384
      ], 
      "location": [
        -24.076633682269254, 
        6.671965208982343, 
        80.1627646535384
      ], 
      "pose_transform_permuted": [
        [
          0.030468885464253838, 
          -0.7977617254362536, 
          -0.6022025211235318, 
          0.0
        ], 
        [
          0.9590432101912351, 
          -0.14641462217755438, 
          0.24248480240768627, 
          0.0
        ], 
        [
          0.28161634896549753, 
          0.584926480714949, 
          -0.7606268757766634, 
          0.0
        ], 
        [
          -24.076633682269254, 
          6.671965208982343, 
          80.1627646535384, 
          1.0
        ]
      ], 
      "projected_cuboid": [
        [
          383.6100639725134, 
          338.9522461166262
        ], 
        [
          253.26521451764546, 
          361.6650705671732
        ], 
        [
          258.90554798196257, 
          265.4677720930347
        ], 
        [
          364.9784164446171, 
          251.28287851529998
        ], 
        [
          387.6264431742265, 
          375.3174569862594
        ], 
        [
          265.30671221091325, 
          398.67334466396454
        ], 
        [
          268.4612490425422, 
          300.38595670589035
        ], 
        [
          369.1609253722658, 
          285.361964252526
        ]
      ], 
      "projected_cuboid_centroid": [
        320.0813414368318, 
        317.6748486836134
      ], 
      "quaternion_xyzw": [
        0.8868726250186264, 
        -0.12065739742898883, 
        0.07694275372018826, 
        0.4392932415689873
      ], 
      "visibility": 0.6859796243675931
    }, 
    {
      "bounding_box": {
        "bottom_right": [
          402, 
          411
        ], 
        "top_left": [
          310, 
          348
        ]
      }, 
      "class": "006_mustard_bottle", 
      "cuboid": [
        [
          -8.81482765666957, 
          17.139128900406845, 
          81.09117709103988
        ], 
        [
          -17.736394185796186, 
          16.231897673681342, 
          77.65771674063137
        ], 
        [
          -22.53557477144038, 
          5.7223623986255205, 
          92.90495483784504
        ], 
        [
          -13.614008242313764, 
          6.629593625351027, 
          96.33841518825356
        ], 
        [
          -10.397673303503508, 
          21.975073991713163, 
          83.92625929749269
        ], 
        [
          -19.319239832630124, 
          21.067842764987653, 
          80.49279894708418
        ], 
        [
          -24.11842041827432, 
          10.558307489931833, 
          95.74003704429785
        ], 
        [
          -15.196853889147702, 
          11.465538716657338, 
          99.17349739470637
        ]
      ], 
      "cuboid_centroid": [
        -16.466624037471945, 
        13.84871819516934, 
        88.41560706766887
      ], 
      "location": [
        -16.466624037471945, 
        13.84871819516934, 
        88.41560706766887
      ], 
      "pose_transform_permuted": [
        [
          0.27173781627015015, 
          -0.8302193971613431, 
          -0.48671773477649133, 
          0.0
        ], 
        [
          0.9290975892217908, 
          0.0944796345872133, 
          0.357562735629283, 
          0.0
        ], 
        [
          0.25087064484060645, 
          0.549371678014165, 
          -0.7970286562935857, 
          0.0
        ], 
        [
          -16.466624037471945, 
          13.84871819516934, 
          88.41560706766887, 
          1.0
        ]
      ], 
      "projected_cuboid": [
        [
          423.14068325692415, 
          386.0069769857853
        ], 
        [
          358.77611840652105, 
          384.760184963836
        ], 
        [
          351.1538515784111, 
          306.13567863831247
        ], 
        [
          405.6032533809633, 
          309.98728816460203
        ], 
        [
          414.97317071636763, 
          412.92980815117664
        ], 
        [
          352.52723714831706, 
          412.8753368393914
        ], 
        [
          346.1258590627943, 
          332.1015575214616
        ], 
        [
          399.19278348116967, 
          334.9441026517996
        ]
      ], 
      "projected_cuboid_centroid": [
        381.44328182607245, 
        356.8214800607183
      ], 
      "quaternion_xyzw": [
        0.8609859177147509, 
        -0.045410443723774785, 
        0.18272672611467833, 
        0.47249554840978375
      ], 
      "visibility": 0.47978870004593477
    }, 
    {
      "bounding_box": {
        "bottom_right": [
          299, 
          361
        ], 
        "top_left": [
          242, 
          281
        ]
      }, 
      "class": "008_pudding_box", 
      "cuboid": [
        [
          -17.51216706135838, 
          0.013651572626000984, 
          78.81220937030949
        ], 
        [
          -28.36376719838046, 
          1.2365129729141038, 
          75.66264510766202
        ], 
        [
          -30.937550923099767, 
          -3.9830613913815918, 
          82.50388706331361
        ], 
        [
          -20.08595078607768, 
          -5.205922791669694, 
          85.65345132596109
        ], 
        [
          -17.816428699046824, 
          3.1169664776321127, 
          81.06543545869711
        ], 
        [
          -28.66802883606891, 
          4.339827877920215, 
          77.91587119604965
        ], 
        [
          -31.241812560788212, 
          -0.8797464863754798, 
          84.75711315170125
        ], 
        [
          -20.390212423766126, 
          -2.1026078866635824, 
          87.9066774143487
        ]
      ], 
      "cuboid_centroid": [
        -24.376989811073297, 
        -0.43304745687473944, 
        81.78466126100537
      ], 
      "location": [
        -24.376989811073297, 
        -0.43304745687473944, 
        81.78466126100537
      ],