{
  "camera_data": {
    "location_worldframe": [
      -17.223351733999845, 
      2.4841293912359728, 
      83.460375525378
    ], 
    "quaternion_xyzw_worldframe": [
      0.9159671351106962, 
      0.018515106675099903, 
      -0.035039215075281446, 
      -0.39929126015217653
    ]
  }, 
  "objects": [
    {
      "bounding_box": {
        "bottom_right": [
          441, 
          322
        ], 
        "top_left": [
          284, 
          144
        ]
      }, 
      "class": "003_cracker_box", 
      "cuboid": [
        [
          -25.13660632969838, 
          17.59262588453535, 
          63.791459686476436
        ], 
        [
          -41.518909605608805, 
          17.355110228886666, 
          64.59260972022328
        ], 
        [
          -40.61962601921433, 
          0.8423604783379433, 
          78.08608710203224
        ], 
        [
          -24.237322743303906, 
          1.0798761339866279, 
          77.28493706828542
        ], 
        [
          -24.931032121423495, 
          22.14069995166256, 
          69.3435006679318
        ], 
        [
          -41.31333539733392, 
          21.903184296013876, 
          70.14465070167863
        ], 
        [
          -40.41405181093945, 
          5.390434545465152, 
          83.6381280834876
        ], 
        [
          -24.031748535029024, 
          5.627950201113837, 
          82.83697804974076
        ]
      ], 
      "cuboid_centroid": [
        -32.77532907031892, 
        11.491530215000251, 
        73.71479388498202
      ], 
      "location": [
        -32.77532907031892, 
        11.491530215000251, 
        73.71479388498202
      ], 
      "pose_transform_permuted": [
        [
          -0.028631506015293434, 
          -0.633436514744261, 
          -0.7732647791358016, 
          0.0
        ], 
        [
          0.9987016620778869, 
          0.0144794828950984, 
          -0.048839888799596, 
          0.0
        ], 
        [
          -0.042133443084592215, 
          0.773659179719167, 
          -0.632199530694308, 
          0.0
        ], 
        [
          -32.77532907031892, 
          11.491530215000251, 
          73.71479388498202, 
          1.0
        ]
      ], 
      "projected_cuboid": [
        [
          269.694684661666, 
          420.3672279317758
        ], 
        [
          135.93251486723545, 
          416.5818807961909
        ], 
        [
          201.8574368350808, 
          279.039769521902
        ], 
        [
          312.9489398001464, 
          280.73843108636675
        ], 
        [
          288.2550561793571, 
          443.57025246945744
        ], 
        [
          164.8683519253359, 
          439.8195095197959
        ], 
        [
          221.74879921798518, 
          307.6587121413969
        ], 
        [
          325.58691576486933, 
          309.52030852728615
        ]
      ], 
      "projected_cuboid_centroid": [
        242.49455361285777, 
        356.4266755476498
      ], 
      "quaternion_xyzw": [
        0.9414915853225742, 
        0.015032775348781762, 
        -0.02057145173218573, 
        0.3360720544849417
      ], 
      "visibility": 0.35685936976999955
    }, 
    {
      "bounding_box": {
        "bottom_right": [
          455, 
          364
        ], 
        "top_left": [
          332, 
          285
        ]
      }, 
      "class": "006_mustard_bottle", 
      "cuboid": [
        [
          -19.630843799181598, 
          24.549068748650456, 
          73.4521356715991
        ], 
        [
          -28.9286826567079, 
          22.485202053928326, 
          72.22873277144872
        ], 
        [
          -27.46452163384616, 
          8.318344313614249, 
          85.0004636584204
        ], 
        [
          -18.166682776319856, 
          10.38221100833638, 
          86.22386655857078
        ], 
        [
          -21.016267752199962, 
          28.257773551817866, 
          77.72478889161849
        ], 
        [
          -30.31410660972626, 
          26.193906857095726, 
          76.50138599146811
        ], 
        [
          -28.84994558686452, 
          12.027049116781654, 
          89.2731168784398
        ], 
        [
          -19.552106729338217, 
          14.090915811503788, 
          90.49651977859017
        ]
      ], 
      "cuboid_centroid": [
        -24.24039469302306, 
        18.288058932716055, 
        81.36262627501945
      ], 
      "location": [
        -24.24039469302306, 
        18.288058932716055, 
        81.36262627501945
      ], 
      "pose_transform_permuted": [
        [
          0.23784509901808837, 
          -0.6366984338739243, 
          -0.7335152723261733, 
          0.0
        ], 
        [
          0.9682828278304683, 
          0.21493238483188193, 
          0.12740595291933993, 
          0.0
        ], 
        [
          -0.07653702822822664, 
          0.7405532409655446, 
          -0.6676248801575769, 
          0.0
        ], 
        [
          -24.24039469302306, 
          18.288058932716055, 
          81.36262627501945, 
          1.0
        ]
      ], 
      "projected_cuboid": [
        [
          337.87406720225454, 
          451.53185369023873
        ], 
        [
          266.21457491836793, 
          439.31185957838653
        ], 
        [
          307.8399992482268, 
          325.4784406025611
        ], 
        [
          368.29446844102205, 
          337.50351952447005
        ], 
        [
          336.1892430119551, 
          467.18123009844714
        ], 
        [
          268.5050374200634, 
          455.8939941157343
        ], 
        [
          307.810567685307, 
          345.1363965505605
        ], 
        [
          365.41117049259265, 
          356.3279783094953
        ]
      ], 
      "projected_cuboid_centroid": [
        321.3808538620197, 
        393.16196990318014
      ], 
      "quaternion_xyzw": [
        0.9276787349511394, 
        0.07854804742168099, 
        0.09843144996653015, 
        0.3515018898488062
      ], 
      "visibility": 0.6587565258661604
    }, 
    {
      "bounding_box": {
        "bottom_right": [
          338, 
          300
        ], 
        "top_left": [
          270, 
          195
        ]
      }, 
      "class": "008_pudding_box", 
      "cuboid": [
        [
          -25.979528927727653, 
          6.797410993811684, 
          69.12876521775854
        ], 
        [
          -37.333934129600316, 
          6.301544012562688, 
          69.19176546595142
        ], 
        [
          -36.99972268870549, 
          -0.6260531394918688, 
          74.89856939752563
        ], 
        [
          -25.64531748683282, 
          -0.13018615824287247, 
          74.83556914933277
        ], 
        [
          -26.069725096791124, 
          9.24021533374475, 
          72.0994112682134
        ], 
        [
          -37.42413029866379, 
          8.744348352495754, 
          72.16241151640627
        ], 
        [
          -37.089918857768964, 
          1.8167512004411972, 
          77.8692154479805
        ], 
        [
          -25.7355136558963, 
          2.3126181816901936, 
          77.80621519978762
        ]
      ], 
      "cuboid_centroid": [
        -31.534723892748307, 
        4.30708109712644, 
        73.49899033286952
      ], 
      "location": [
        -31.534723892748307, 
        4.30708109712644, 
        73.49899033286952
      ],