{
  "camera_data": {
    "location_worldframe": [
      -12.764492754423133, 
      1.291737491711932, 
      91.62768972700364
    ], 
    "quaternion_xyzw_worldframe": [
      0.9467044656594047, 
      -0.028848365263278622, 
      0.148058647128142, 
      -0.28460170555670455
    ]
  }, 
  "objects": [
    {
      "bounding_box": {
        "bottom_right": [
          432, 
          396
        ], 
        "top_left": [
          275, 
          258
        ]
      }, 
      "class": "003_cracker_box", 
      "cuboid": [
        [
          -10.932050990208468, 
          11.966922016162469, 
          67.95417707286433
        ], 
        [
          -26.415915621082796, 
          14.98574096049028, 
          63.45809166872854
        ], 
        [
          -33.44876250419959, 
          2.6751237559261525, 
          79.4124426711266
        ], 
        [
          -17.96489787332526, 
          -0.3436951884016562, 
          83.90852807526237
        ], 
        [
          -11.079424770620774, 
          17.6814823593751, 
          72.29865386386818
        ], 
        [
          -26.563289401495105, 
          20.70030130370291, 
          67.8025684597324
        ], 
        [
          -33.596136284611894, 
          8.389684099138785, 
          83.75691946213045
        ], 
        [
          -18.11227165373756, 
          5.370865154810976, 
          88.25300486626622
        ]
      ], 
      "cuboid_centroid": [
        -22.26409363741018, 
        10.178303057650627, 
        75.85554826749738
      ], 
      "location": [
        -22.26409363741018, 
        10.178303057650627, 
        75.85554826749738
      ], 
      "pose_transform_permuted": [
        [
          0.020525596648434133, 
          -0.7958997882782569, 
          -0.605080347475318, 
          0.0
        ], 
        [
          0.9439308430446464, 
          -0.18403392041006184, 
          0.2740913710563073, 
          0.0
        ], 
        [
          0.3295045727015774, 
          0.5767798914292426, 
          -0.7474969521085837, 
          0.0
        ], 
        [
          -22.26409363741018, 
          10.178303057650627, 
          75.85554826749738, 
          1.0
        ]
      ], 
      "projected_cuboid": [
        [
          395.0848940373242, 
          367.2056189918347
        ], 
        [
          257.7402126231858, 
          399.230903977835
        ], 
        [
          255.0892283815162, 
          291.2521846540882
        ], 
        [
          366.46126727613176, 
          271.10202373930855
        ], 
        [
          399.1872915870868, 
          403.7160867736645
        ], 
        [
          270.9150616226648, 
          436.11040016837404
        ], 
        [
          265.8919864886139, 
          326.70759089770587
        ], 
        [
          371.2311048951285, 
          305.7430823220247
        ]
      ], 
      "projected_cuboid_centroid": [
        323.75985453937426, 
        344.84739896095755
      ], 
      "quaternion_xyzw": [
        0.8839953452859928, 
        -0.14523223901860527, 
        0.0833197169181434, 
        0.43648327692481126
      ], 
      "visibility": 0.6649688398849473
    }, 
    {
      "bounding_box": {
        "bottom_right": [
          430, 
          420
        ], 
        "top_left": [
          331, 
          351
        ]
      }, 
      "class": "006_mustard_bottle", 
      "cuboid": [
        [
          -6.6545280574458285, 
          20.04917496717735, 
          77.35710175330395
        ], 
        [
          -15.481935695039601, 
          19.49835159514269, 
          73.61818000729518
        ], 
        [
          -21.195785197705654, 
          9.11880496380869, 
          88.63742336950344
        ], 
        [
          -12.36837756011188, 
          9.669628335843353, 
          92.3763451155122
        ], 
        [
          -8.147458444166762, 
          24.930705040148887, 
          80.16268179890163
        ], 
        [
          -16.974866081760535, 
          24.379881668114226, 
          76.42376005289287
        ], 
        [
          -22.688715584426582, 
          14.000335036780227, 
          91.44300341510112
        ], 
        [
          -13.861307946832813, 
          14.551158408814887, 
          95.18192516110989
        ]
      ], 
      "cuboid_centroid": [
        -14.671621820936206, 
        17.02475500197879, 
        84.40005258420254
      ], 
      "location": [
        -14.671621820936206, 
        17.02475500197879, 
        84.40005258420254
      ], 
      "pose_transform_permuted": [
        [
          0.25630145550980493, 
          -0.8380452792346835, 
          -0.48165289931255395, 
          0.0
        ], 
        [
          0.9192918226177584, 
          0.057363094852639185, 
          0.38937367884491153, 
          0.0
        ], 
        [
          0.2986837197883021, 
          0.5425766982690816, 
          -0.7851105412799171, 
          0.0
        ], 
        [
          -14.671621820936206, 
          17.02475500197879, 
          84.40005258420254, 
          1.0
        ]
      ], 
      "projected_cuboid": [
        [
          435.33673018875857, 
          411.51066212868847
        ], 
        [
          368.5050591927141, 
          414.5404068520792
        ], 
        [
          353.00205612194884, 
          328.1531741881762
        ], 
        [
          409.5952118952896, 
          329.1125413488914
        ], 
        [
          426.9405894378319, 
          439.1496668314627
        ], 
        [
          362.15159586587936, 
          443.4203853608583
        ], 
        [
          348.16778095355806, 
          354.94016447243644
        ], 
        [
          403.28269753638403, 
          354.81901091798045
        ]
      ], 
      "projected_cuboid_centroid": [
        388.1152517740805, 
        380.86508755861485
      ], 
      "quaternion_xyzw": [
        0.8578346898149133, 
        -0.0703284175263798, 
        0.18817003497900847, 
        0.4730386401326383
      ], 
      "visibility": 0.39521201054980726
    }, 
    {
      "bounding_box": {
        "bottom_right": [
          328, 
          365
        ], 
        "top_left": [
          262, 
          279
        ]
      }, 
      "class": "008_pudding_box", 
      "cuboid": [
        [
          -15.91623121105015, 
          3.2788790519475546, 
          74.69284444410546
        ], 
        [
          -26.599552896005584, 
          4.929366379850415, 
          71.1835852717343
        ], 
        [
          -29.60241082258855, 
          -0.21540010439466406, 
          77.90557402486061
        ], 
        [
          -18.91908913763311, 
          -1.8658874322975243, 
          81.41483319723177
        ], 
        [
          -16.178519728493924, 
          6.382429594007634, 
          76.95101740375408
        ], 
        [
          -26.861841413449362, 
          8.032916921910493, 
          73.44175823138292
        ], 
        [
          -29.86469934003232, 
          2.888150437665415, 
          80.16374698450925
        ], 
        [
          -19.181377655076886, 
          1.2376631097625552, 
          83.6730061568804
        ]
      ], 
      "cuboid_centroid": [
        -22.890465275541235, 
        3.083514744806485, 
        77.42829571430735
      ], 
      "location": [
        -22.890465275541235, 
        3.083514744806485, 
        77.42829571430735
      ],