{
  "camera_data": {
    "location_worldframe": [
      -13.128906446715952, 
      3.089945673960111, 
      83.32911689594907
    ], 
    "quaternion_xyzw_worldframe": [
      0.9183087696721614, 
      0.015473682592989185, 
      0.06472981553986408, 
      -0.3902337480810325
    ]
  }, 
  "objects": [
    {
      "bounding_box": {
        "bottom_right": [
          465, 
          350
        ], 
        "top_left": [
          292, 
          200
        ]
      }, 
      "class": "003_cracker_box", 
      "cuboid": [
        [
          -16.064176341102343, 
          18.354887702321026, 
          62.44562272240404
        ], 
        [
          -32.28382633194111, 
          19.494678544966998, 
          60.2772254578649
        ], 
        [
          -35.2357114195467, 
          3.272913149387892, 
          73.83061060795785
        ], 
        [
          -19.016061428707943, 
          2.1331223067419205, 
          75.99900787249697
        ], 
        [
          -16.46873466361834, 
          22.99437091370573, 
          67.9104123459765
        ], 
        [
          -32.6883846544571, 
          24.134161756351702, 
          65.74201508143737
        ], 
        [
          -35.6402697420627, 
          7.912396360772596, 
          79.2954002315303
        ], 
        [
          -19.42061975122394, 
          6.772605518126625, 
          81.46379749606943
        ]
      ], 
      "cuboid_centroid": [
        -25.852223041582523, 
        13.13364203154681, 
        70.87051147696717
      ], 
      "location": [
        -25.852223041582523, 
        13.13364203154681, 
        70.87051147696717
      ], 
      "pose_transform_permuted": [
        [
          0.056345171613967085, 
          -0.6461675936360337, 
          -0.7611127791401289, 
          0.0
        ], 
        [
          0.9887859558790911, 
          -0.06948418606347813, 
          0.13219032242705347, 
          0.0
        ], 
        [
          0.13830240450572434, 
          0.7600259132567218, 
          -0.6350063433432943, 
          0.0
        ], 
        [
          -25.852223041582523, 
          13.13364203154681, 
          70.87051147696717, 
          1.0
        ]
      ], 
      "projected_cuboid": [
        [
          343.2569319467608, 
          430.0472624612146
        ], 
        [
          193.57651030020475, 
          445.7711498175411
        ], 
        [
          224.94880914312938, 
          296.92861085897925
        ], 
        [
          347.0406599689319, 
          288.255626806822
        ], 
        [
          351.18565478205994, 
          453.8678050852686
        ], 
        [
          214.20889965589961, 
          469.07033122443767
        ], 
        [
          239.89257429903773, 
          326.5031926258517
        ], 
        [
          353.3964348702079, 
          317.6247994292172
        ]
      ], 
      "projected_cuboid_centroid": [
        285.4309198400538, 
        372.1207124188528
      ], 
      "quaternion_xyzw": [
        0.9367396447620787, 
        -0.05545473380225567, 
        0.05031694107729006, 
        0.341923698901612
      ], 
      "visibility": 0.4727355072463768
    }, 
    {
      "bounding_box": {
        "bottom_right": [
          466, 
          391
        ], 
        "top_left": [
          341, 
          324
        ]
      }, 
      "class": "006_mustard_bottle", 
      "cuboid": [
        [
          -11.804604251296187, 
          25.04709177506455, 
          72.8910063164904
        ], 
        [
          -20.87442626046533, 
          23.734205064171025, 
          70.02382564263048
        ], 
        [
          -22.94245729923647, 
          9.786534467693182, 
          82.9523394063706
        ], 
        [
          -13.872635290067326, 
          11.09942117858671, 
          85.81952008023052
        ], 
        [
          -13.610918024554708, 
          28.9533635687188, 
          76.81627415599051
        ], 
        [
          -22.68074003372385, 
          27.64047685782527, 
          73.9490934821306
        ], 
        [
          -24.74877107249499, 
          13.692806261347428, 
          86.87760724587072
        ], 
        [
          -15.678949063325845, 
          15.005692972240952, 
          89.74478791973063
        ]
      ], 
      "cuboid_centroid": [
        -18.27668766189559, 
        19.36994901820599, 
        79.88430678118056
      ], 
      "location": [
        -18.27668766189559, 
        19.36994901820599, 
        79.88430678118056
      ], 
      "pose_transform_permuted": [
        [
          0.31010210074858996, 
          -0.670616095188118, 
          -0.6738772748402524, 
          0.0
        ], 
        [
          0.9445370088177477, 
          0.13672485364875892, 
          0.29859001143461056, 
          0.0
        ], 
        [
          0.10810351287859793, 
          0.7290955308140552, 
          -0.6758204920319283, 
          0.0
        ], 
        [
          -18.27668766189559, 
          19.36994901820599, 
          79.88430678118056, 
          1.0
        ]
      ], 
      "projected_cuboid": [
        [
          394.5068815530379, 
          456.5478924361451
        ], 
        [
          321.2871284127185, 
          454.05238782692044
        ], 
        [
          332.86554321321927, 
          336.20640884163356
        ], 
        [
          394.66808040446097, 
          342.2631376043511
        ], 
        [
          386.31176604176125, 
          474.3037828235236
        ], 
        [
          316.6608229162343, 
          472.629179010959
        ], 
        [
          328.4045608131356, 
          357.34320067332993
        ], 
        [
          387.6464917069077, 
          362.4597379705823
        ]
      ], 
      "projected_cuboid_centroid": [
        358.5623281690264, 
        402.603215470206
      ], 
      "quaternion_xyzw": [
        0.9148100642308292, 
        0.007821662082999099, 
        0.16634384993757909, 
        0.36795522914150713
      ], 
      "visibility": 0.30699421060866844
    }, 
    {
      "bounding_box": {
        "bottom_right": [
          353, 
          335
        ], 
        "top_left": [
          282, 
          239
        ]
      }, 
      "class": "008_pudding_box", 
      "cuboid": [
        [
          -18.771579175265497, 
          7.789909592317826, 
          67.62108102209072
        ], 
        [
          -29.953351463986127, 
          8.238761060283228, 
          65.636422002112
        ], 
        [
          -31.242195608860925, 
          1.437862936666138, 
          71.35984546925243
        ], 
        [
          -20.060423320140295, 
          0.9890114687007352, 
          73.34450448923116
        ], 
        [
          -19.183437060097273, 
          10.298195155335478, 
          70.50882113613348
        ], 
        [
          -30.3652093488179, 
          10.747046623300879, 
          68.52416211615476
        ], 
        [
          -31.6540534936927, 
          3.946148499683789, 
          74.24758558329518
        ], 
        [
          -20.47228120497207, 
          3.4972970317183862, 
          76.23224460327391
        ]
      ], 
      "cuboid_centroid": [
        -25.2128163344791, 
        5.8680290460008075, 
        70.93433330269295
      ], 
      "location": [
        -25.2128163344791, 
        5.8680290460008075, 
        70.93433330269295
      ],