{
  "camera_data": {
    "location_worldframe": [
      -17.26429375308742, 
      1.5694257601883213, 
      84.06551704879604
    ], 
    "quaternion_xyzw_worldframe": [
      0.9110897669517155, 
      0.015652575682235173, 
      -0.028633097000271633, 
      -0.4109142679295545
    ]
  }, 
  "objects": [
    {
      "bounding_box": {
        "bottom_right": [
          435, 
          323
        ], 
        "top_left": [
          280, 
          150
        ]
      }, 
      "class": "003_cracker_box", 
      "cuboid": [
        [
          -24.838954031152145, 
          17.25517066738372, 
          64.71779148300048
        ], 
        [
          -41.22929708957555, 
          17.179460299567715, 
          65.3728014482324
        ], 
        [
          -40.62875294373902, 
          0.3233002838377477, 
          78.45189787724475
        ], 
        [
          -24.238409885315615, 
          0.39901065165375144, 
          77.79688791201282
        ], 
        [
          -24.632837361297234, 
          21.659476795835364, 
          70.38453666698695
        ], 
        [
          -41.02318041972064, 
          21.58376642801936, 
          71.03954663221887
        ], 
        [
          -40.42263627388411, 
          4.727606412289391, 
          84.11864306123121
        ], 
        [
          -24.032293215460705, 
          4.803316780105394, 
          83.4636330959993
        ]
      ], 
      "cuboid_centroid": [
        -32.630795152518125, 
        10.991388539836555, 
        74.41821727211585
      ], 
      "location": [
        -32.630795152518125, 
        10.991388539836555, 
        74.41821727211585
      ], 
      "pose_transform_permuted": [
        [
          -0.028707057769192718, 
          -0.6134131244778529, 
          -0.7892402951906057, 
          0.0
        ], 
        [
          0.9991917851102363, 
          0.004615472494979095, 
          -0.03993086502778964, 
          0.0
        ], 
        [
          -0.02813683355418123, 
          0.7897487170815577, 
          -0.6127848582215281, 
          0.0
        ], 
        [
          -32.630795152518125, 
          10.991388539836555, 
          74.41821727211585, 
          1.0
        ]
      ], 
      "projected_cuboid": [
        [
          275.20103159188125, 
          415.48113728715003
        ], 
        [
          142.4402337763783, 
          413.43874812231525
        ], 
        [
          203.09926326341764, 
          275.484348069921
        ], 
        [
          314.05123230230987, 
          276.0218684057255
        ], 
        [
          293.39303711982126, 
          437.4053016114879
        ], 
        [
          171.05468288448395, 
          435.32368292900713
        ], 
        [
          223.17826319842715, 
          303.2599777498835
        ], 
        [
          326.754749427368, 
          303.97898219912616
        ]
      ], 
      "projected_cuboid_centroid": [
        245.79905956166866, 
        352.0565350253469
      ], 
      "quaternion_xyzw": [
        0.9458039962622276, 
        0.008657265717473142, 
        -0.01814274497365103, 
        0.32411524680199516
      ], 
      "visibility": 0.34213861000097473
    }, 
    {
      "bounding_box": {
        "bottom_right": [
          448, 
          366
        ], 
        "top_left": [
          326, 
          288
        ]
      }, 
      "class": "006_mustard_bottle", 
      "cuboid": [
        [
          -19.343178143107977, 
          23.904689286364267, 
          74.59783888356264
        ], 
        [
          -28.651781693146894, 
          21.975626056039278, 
          73.24333424650278
        ], 
        [
          -27.454529507352348, 
          7.476361749594193, 
          85.66503531197078
        ], 
        [
          -18.145925957313434, 
          9.405424979919182, 
          87.01953994903064
        ], 
        [
          -20.725768606222616, 
          27.51981162181021, 
          78.95085973077214
        ], 
        [
          -30.03437215626153, 
          25.590748391485224, 
          77.59635509371228
        ], 
        [
          -28.837119970466986, 
          11.091484085040138, 
          90.01805615918028
        ], 
        [
          -19.528516420428073, 
          13.020547315365128, 
          91.37256079624014
        ]
      ], 
      "cuboid_centroid": [
        -24.09014905678748, 
        17.4980866857022, 
        82.30794752137146
      ], 
      "location": [
        -24.09014905678748, 
        17.4980866857022, 
        82.30794752137146
      ], 
      "pose_transform_permuted": [
        [
          0.2373586546446896, 
          -0.6206324987837485, 
          -0.7473125263762656, 
          0.0
        ], 
        [
          0.9694038697270376, 
          0.2008938666656789, 
          0.14105897084032076, 
          0.0
        ], 
        [
          -0.06258473139884695, 
          0.7579293425950574, 
          -0.6493275467968059, 
          0.0
        ], 
        [
          -24.09014905678748, 
          17.4980866857022, 
          82.30794752137146, 
          1.0
        ]
      ], 
      "projected_cuboid": [
        [
          342.1551582996159, 
          444.18745303259084
        ], 
        [
          271.23120578040084, 
          433.3015325021336
        ], 
        [
          309.25069649342413, 
          319.8316671278782
        ], 
        [
          369.45873723476996, 
          330.92988260008093
        ], 
        [
          340.42605923444404, 
          459.18514013904746
        ], 
        [
          273.4506345914533, 
          449.17169713229936
        ], 
        [
          309.32534763276544, 
          338.9989730347192
        ], 
        [
          366.6639495672489, 
          349.2843299485008
        ]
      ], 
      "projected_cuboid_centroid": [
        324.2026043282241, 
        386.6665040544341
      ], 
      "quaternion_xyzw": [
        0.9320200827635583, 
        0.07067406672270361, 
        0.10150468656291017, 
        0.3406471783888393
      ], 
      "visibility": 0.6578648955127167
    }, 
    {
      "bounding_box": {
        "bottom_right": [
          334, 
          301
        ], 
        "top_left": [
          266, 
          198
        ]
      }, 
      "class": "008_pudding_box", 
      "cuboid": [
        [
          -25.84633344278091, 
          6.339050953014776, 
          69.77322375822303
        ], 
        [
          -37.20557671184652, 
          5.9678342164307825, 
          69.72673643365047
        ], 
        [
          -36.997089961905495, 
          -1.1045063551865797, 
          75.25931655651941
        ], 
        [
          -25.63784669283989, 
          -0.7332896186025867, 
          75.30580388109196
        ], 
        [
          -25.93612201351042, 
          8.70715283451721, 
          72.803767907478
        ], 
        [
          -37.29536528257603, 
          8.335936097933217, 
          72.75728058290545
        ], 
        [
          -37.086878532635005, 
          1.2635955263158538, 
          78.28986070577439
        ], 
        [
          -25.727635263569397, 
          1.6348122628998467, 
          78.33634803034694
        ]
      ], 
      "cuboid_centroid": [
        -31.466605987707958, 
        3.8013232396653147, 
        74.0315422319987
      ], 
      "location": [
        -31.466605987707958, 
        3.8013232396653147, 
        74.0315422319987
      ],