{
  "camera_data": {
    "location_worldframe": [
      -9.507798348811045, 
      7.5017877823001164, 
      83.61997892610282
    ], 
    "quaternion_xyzw_worldframe": [
      0.9371782094246889, 
      -0.037518653979919825, 
      0.1746902866553227, 
      -0.299624826394657
    ]
  }, 
  "objects": [
    {
      "bounding_box": {
        "bottom_right": [
          519, 
          425
        ], 
        "top_left": [
          322, 
          260
        ]
      }, 
      "class": "003_cracker_box", 
      "cuboid": [
        [
          -6.217192755455041, 
          18.92376154688058, 
          60.45827309704098
        ], 
        [
          -21.37233965513249, 
          22.534884645979893, 
          55.324129731346495
        ], 
        [
          -29.515798612573676, 
          9.891442173691347, 
          70.46945857573931
        ], 
        [
          -14.360651712896228, 
          6.280319074592035, 
          75.6036019414338
        ], 
        [
          -6.426813561843482, 
          24.488289646293122, 
          64.99087540513287
        ], 
        [
          -21.58196046152093, 
          28.09941274539244, 
          59.856732039438384
        ], 
        [
          -29.72541941896211, 
          15.455970273103892, 
          75.0020608838312
        ], 
        [
          -14.570272519284666, 
          11.844847174004578, 
          80.13620424952569
        ]
      ], 
      "cuboid_centroid": [
        -17.97130608720858, 
        17.189865909992236, 
        67.73016699043609
      ], 
      "location": [
        -17.97130608720858, 
        17.189865909992236, 
        67.73016699043609
      ], 
      "pose_transform_permuted": [
        [
          0.029195099080795563, 
          -0.7750039320962095, 
          -0.631281673601473, 
          0.0
        ], 
        [
          0.9238914786786149, 
          -0.22014209969738888, 
          0.31298880421808656, 
          0.0
        ], 
        [
          0.38153922709821786, 
          0.5923734980367024, 
          -0.7095924583935883, 
          0.0
        ], 
        [
          -17.97130608720858, 
          17.189865909992236, 
          67.73016699043609, 
          1.0
        ]
      ], 
      "projected_cuboid": [
        [
          426.29640660909706, 
          440.2184085628735
        ], 
        [
          273.8527213970373, 
          490.52077816857553
        ], 
        [
          256.3571598956114, 
          348.14591569844663
        ], 
        [
          379.4505897654053, 
          317.5888868779579
        ], 
        [
          428.41869504670217, 
          474.2391231762464
        ], 
        [
          287.7007206884491, 
          523.6504750378838
        ], 
        [
          268.4661125644957, 
          383.1898063239506
        ], 
        [
          383.8214336836134, 
          352.1159387089276
        ]
      ], 
      "projected_cuboid_centroid": [
        338.90848296114774, 
        408.6426507631957
      ], 
      "quaternion_xyzw": [
        0.8870663236642441, 
        -0.16957055823915593, 
        0.09643695577502251, 
        0.4184006175426967
      ], 
      "visibility": 0.62462225725923
    }, 
    {
      "bounding_box": {
        "bottom_right": [
          497, 
          443
        ], 
        "top_left": [
          377, 
          362
        ]
      }, 
      "class": "006_mustard_bottle", 
      "cuboid": [
        [
          -2.1965414478929217, 
          26.554432885193997, 
          70.33969795435799
        ], 
        [
          -10.839085161262977, 
          26.383772761820268, 
          66.1583846325674
        ], 
        [
          -17.56748735508568, 
          15.663841161466715, 
          80.50315392267083
        ], 
        [
          -8.924943641715625, 
          15.834501284840444, 
          84.68446724446143
        ], 
        [
          -3.6955033277964624, 
          31.377751448983084, 
          73.2411058367454
        ], 
        [
          -12.338047041166519, 
          31.207091325609348, 
          69.05979251495481
        ], 
        [
          -19.06644923498922, 
          20.4871597252558, 
          83.40456180505824
        ], 
        [
          -10.423905521619167, 
          20.657819848629526, 
          87.58587512684883
        ]
      ], 
      "cuboid_centroid": [
        -10.631495341441072, 
        23.5207963052249, 
        76.87212987970811
      ], 
      "location": [
        -10.631495341441072, 
        23.5207963052249, 
        76.87212987970811
      ], 
      "pose_transform_permuted": [
        [
          0.2573369227327578, 
          -0.8280517157948943, 
          -0.49810431209510747, 
          0.0
        ], 
        [
          0.9000399764571549, 
          0.01777265334346459, 
          0.4354446177555886, 
          0.0
        ], 
        [
          0.35171808332456783, 
          0.5603698600699566, 
          -0.7498533255161776, 
          0.0
        ], 
        [
          -10.631495341441072, 
          23.5207963052249, 
          76.87212987970811, 
          1.0
        ]
      ], 
      "projected_cuboid": [
        [
          464.80397802850666, 
          474.6237556485803
        ], 
        [
          393.49228815860135, 
          485.97284781146027
        ], 
        [
          364.24560990263865, 
          377.0567983008871
        ], 
        [
          424.92181675224634, 
          373.0078906655827
        ], 
        [
          454.46328003307315, 
          501.7698347918411
        ], 
        [
          385.52151620623476, 
          514.2857117648454
        ], 
        [
          358.66314169811506, 
          404.2890065343178
        ], 
        [
          417.59586678272797, 
          399.07417046144064
        ]
      ], 
      "projected_cuboid_centroid": [
        407.223747341445, 
        436.46793156302783
      ], 
      "quaternion_xyzw": [
        0.8600165912094688, 
        -0.09707528709169, 
        0.20138609753855605, 
        0.45868447697387243
      ], 
      "visibility": 0.20681190549248235
    }, 
    {
      "bounding_box": {
        "bottom_right": [
          394, 
          384
        ], 
        "top_left": [
          311, 
          283
        ]
      }, 
      "class": "008_pudding_box", 
      "cuboid": [
        [
          -11.760742003507325, 
          10.155999161547946, 
          66.63319276260673
        ], 
        [
          -22.208635163384603, 
          12.229529472370288, 
          62.6690571503239
        ], 
        [
          -25.678247276630177, 
          6.945626436281907, 
          69.0497366745318
        ], 
        [
          -15.2303541167529, 
          4.872096125459566, 
          73.01387228681462
        ], 
        [
          -12.051514756198461, 
          13.186727147798136, 
          68.98485290574918
        ], 
        [
          -22.49940791607574, 
          15.260257458620478, 
          65.02071729346636
        ], 
        [
          -25.969020029321317, 
          9.976354422532097, 
          71.40139681767427
        ], 
        [
          -15.521126869444037, 
          7.902824111709755, 
          75.36553242995709
        ]
      ], 
      "cuboid_centroid": [
        -18.86488101641432, 
        10.066176792040022, 
        69.0172947901405
      ], 
      "location": [
        -18.86488101641432, 
        10.066176792040022, 
        69.0172947901405
      ],