{
  "camera_data": {
    "location_worldframe": [
      -10.572431535459119, 
      5.976841689323218, 
      82.23860644803932
    ], 
    "quaternion_xyzw_worldframe": [
      0.9344638502948402, 
      -0.01763842286893892, 
      0.13053731627353624, 
      -0.33080125209085454
    ]
  }, 
  "objects": [
    {
      "bounding_box": {
        "bottom_right": [
          505, 
          395
        ], 
        "top_left": [
          313, 
          241
        ]
      }, 
      "class": "003_cracker_box", 
      "cuboid": [
        [
          -9.735939686511772, 
          18.846329950243057, 
          59.623762501687786
        ], 
        [
          -25.4329783400673, 
          21.563353056361063, 
          55.7123844022501
        ], 
        [
          -31.56688010182692, 
          7.53940279011738, 
          70.58711516463373
        ], 
        [
          -15.869841448271394, 
          4.822379683999375, 
          74.49849326407141
        ], 
        [
          -10.032028573710411, 
          24.126660477400748, 
          64.47997897439436
        ], 
        [
          -25.72906722726594, 
          26.84368358351875, 
          60.56860087495668
        ], 
        [
          -31.862968989025564, 
          12.819733317275073, 
          75.44333163734031
        ], 
        [
          -16.165930335470033, 
          10.102710211157067, 
          79.35470973677798
        ]
      ], 
      "cuboid_centroid": [
        -20.799454337768665, 
        15.833031633759065, 
        67.53354706951404
      ], 
      "location": [
        -20.799454337768665, 
        15.833031633759065, 
        67.53354706951404
      ], 
      "pose_transform_permuted": [
        [
          0.04123800755955607, 
          -0.7354220965739919, 
          -0.6763532853496257, 
          0.0
        ], 
        [
          0.9569264058283362, 
          -0.1656357745479032, 
          0.23844631265418773, 
          0.0
        ], 
        [
          0.28738698745938457, 
          0.657053369263586, 
          -0.6969143343183504, 
          0.0
        ], 
        [
          -20.799454337768665, 
          15.833031633759065, 
          67.53354706951404, 
          1.0
        ]
      ], 
      "projected_cuboid": [
        [
          393.7858035390613, 
          441.8622267948505
        ], 
        [
          236.10514186936885, 
          479.7066829308633
        ], 
        [
          241.10654566255153, 
          330.25034991802744
        ], 
        [
          367.041333470727, 
          307.8089747486751
        ], 
        [
          397.9297962788865, 
          472.8402709972108
        ], 
        [
          253.15912654856092, 
          509.65095671872996
        ], 
        [
          254.4761579262717, 
          363.91104621498255
        ], 
        [
          372.0452141748561, 
          341.18387156863173
        ]
      ], 
      "projected_cuboid_centroid": [
        315.9727443240031, 
        398.3216678933921
      ], 
      "quaternion_xyzw": [
        0.9069637617404496, 
        -0.12487344619424043, 
        0.07709357639522274, 
        0.39481633426668294
      ], 
      "visibility": 0.56241708392177
    }, 
    {
      "bounding_box": {
        "bottom_right": [
          491, 
          423
        ], 
        "top_left": [
          367, 
          349
        ]
      }, 
      "class": "006_mustard_bottle", 
      "cuboid": [
        [
          -5.6006746901219016, 
          26.2182510405951, 
          69.65323110248181
        ], 
        [
          -14.47800381073445, 
          25.61488658691409, 
          66.04282297727431
        ], 
        [
          -19.39891913571732, 
          13.656980572420121, 
          80.14083034346861
        ], 
        [
          -10.521590015104772, 
          14.260345026101135, 
          83.7512384686761
        ], 
        [
          -7.239402709099915, 
          30.75016776720869, 
          72.92519651306188
        ], 
        [
          -16.116731829712464, 
          30.14680331352768, 
          69.31478838785438
        ], 
        [
          -21.037647154695335, 
          18.188897299033716, 
          83.41279575404867
        ], 
        [
          -12.160318034082787, 
          18.79226175271473, 
          87.02320387925617
        ]
      ], 
      "cuboid_centroid": [
        -13.319160922408619, 
        22.20357416981441, 
        76.53301342826524
      ], 
      "location": [
        -13.319160922408619, 
        22.20357416981441, 
        76.53301342826524
      ], 
      "pose_transform_permuted": [
        [
          0.2813315210036477, 
          -0.7780247917865012, 
          -0.5617204288750041, 
          0.0
        ], 
        [
          0.9244906774793676, 
          0.06283475637456586, 
          0.3759901889747421, 
          0.0
        ], 
        [
          0.2572341629479997, 
          0.6250832906294549, 
          -0.7369541812000895, 
          0.0
        ], 
        [
          -13.319160922408619, 
          22.20357416981441, 
          76.53301342826524, 
          1.0
        ]
      ], 
      "projected_cuboid": [
        [
          438.35655784637316, 
          474.0339619720562
        ], 
        [
          363.7076581379095, 
          480.1359732669314
        ], 
        [
          351.42571136783914, 
          364.1707371473742
        ], 
        [
          414.03827685620377, 
          364.095001286028
        ], 
        [
          428.2123615763196, 
          498.16994509180375
        ], 
        [
          356.55883895802447, 
          505.2410883891851
        ], 
        [
          345.9669231860701, 
          389.5815864589656
        ], 
        [
          406.45180677941664, 
          388.4544559393478
        ]
      ], 
      "projected_cuboid_centroid": [
        388.0091497116186, 
        428.0119354369296
      ], 
      "quaternion_xyzw": [
        0.8819430816361998, 
        -0.0551054287462576, 
        0.18632770177155664, 
        0.42944352207400077
      ], 
      "visibility": 0.28197111805865716
    }, 
    {
      "bounding_box": {
        "bottom_right": [
          381, 
          364
        ], 
        "top_left": [
          301, 
          267
        ]
      }, 
      "class": "008_pudding_box", 
      "cuboid": [
        [
          -14.1874388768099, 
          9.362069002758064, 
          65.62102570148453
        ], 
        [
          -25.008337436255463, 
          10.843867573593172, 
          62.47701585030114
        ], 
        [
          -27.63422696877062, 
          4.975238362893397, 
          68.74876250112808
        ], 
        [
          -16.813328409325052, 
          3.4934397920582896, 
          71.89277235231147
        ], 
        [
          -14.532555660980185, 
          12.230860018144565, 
          68.1609270508511
        ], 
        [
          -25.353454220425753, 
          13.712658588979673, 
          65.01691719966772
        ], 
        [
          -27.979343752940906, 
          7.844029378279899, 
          71.28866385049467
        ], 
        [
          -17.15844519349534, 
          6.36223080744479, 
          74.43267370167806
        ]
      ], 
      "cuboid_centroid": [
        -21.083391314875403, 
        8.60304919051898, 
        68.4548447759896
      ], 
      "location": [
        -21.083391314875403, 
        8.60304919051898, 
        68.4548447759896
      ],