{
  "camera_data": {
    "location_worldframe": [
      -10.760149878251239, 
      5.668996451345625, 
      82.16075891893472
    ], 
    "quaternion_xyzw_worldframe": [
      0.9337428002180442, 
      -0.016286431456319413, 
      0.12351856762724812, 
      -0.33556376157400136
    ]
  }, 
  "objects": [
    {
      "bounding_box": {
        "bottom_right": [
          502, 
          390
        ], 
        "top_left": [
          311, 
          237
        ]
      }, 
      "class": "003_cracker_box", 
      "cuboid": [
        [
          -10.30018215552549, 
          18.753104569761124, 
          59.65858195428674
        ], 
        [
          -26.064766000227024, 
          21.373479198998602, 
          55.95862942851291
        ], 
        [
          -31.904093212038077, 
          7.161664187678213, 
          70.77349085020047
        ], 
        [
          -16.139509367336544, 
          4.541289558440736, 
          74.47344337597431
        ], 
        [
          -10.582419553591176, 
          23.985736922133444, 
          64.56697255110994
        ], 
        [
          -26.347003398292713, 
          26.60611155137092, 
          60.867020025336096
        ], 
        [
          -32.18633061010377, 
          12.39429654005053, 
          75.68188144702367
        ], 
        [
          -16.42174676540223, 
          9.773921910813055, 
          79.3818339727975
        ]
      ], 
      "cuboid_centroid": [
        -21.243256382814625, 
        15.573700554905828, 
        67.67023170065521
      ], 
      "location": [
        -21.243256382814625, 
        15.573700554905828, 
        67.67023170065521
      ], 
      "pose_transform_permuted": [
        [
          0.0393088307539685, 
          -0.7287788965843323, 
          -0.6836198766259498, 
          0.0
        ], 
        [
          0.9610441109841232, 
          -0.1597438683322604, 
          0.2255573392132954, 
          0.0
        ], 
        [
          0.27358551234941514, 
          0.6658552518555128, 
          -0.6941093220876229, 
          0.0
        ], 
        [
          -21.243256382814625, 
          15.573700554905828, 
          67.67023170065521, 
          1.0
        ]
      ], 
      "projected_cuboid": [
        [
          388.7509578028658, 
          440.9304474523887
        ], 
        [
          231.11392769314352, 
          476.9887217865113
        ], 
        [
          239.1775820181208, 
          327.25385983459273
        ], 
        [
          365.05556102222954, 
          305.80764274813697
        ], 
        [
          393.45843982518727, 
          471.40738385567863
        ], 
        [
          248.81960768820764, 
          506.41049109226077
        ], 
        [
          252.8943712140089, 
          360.6274039595929
        ], 
        [
          370.3496453767199, 
          338.9517374174725
        ]
      ], 
      "projected_cuboid_centroid": [
        312.78046219781214, 
        396.02528557603216
      ], 
      "quaternion_xyzw": [
        0.9097416170904772, 
        -0.11908034450142652, 
        0.0727860979951525, 
        0.3910143803310373
      ], 
      "visibility": 0.5536112540744553
    }, 
    {
      "bounding_box": {
        "bottom_right": [
          489, 
          420
        ], 
        "top_left": [
          364, 
          347
        ]
      }, 
      "class": "006_mustard_bottle", 
      "cuboid": [
        [
          -6.107427198856379, 
          26.066834999069314, 
          69.70670446771327
        ], 
        [
          -15.021773834623536, 
          25.42186136355033, 
          66.19607761812104
        ], 
        [
          -19.67468273965568, 
          13.2933263146423, 
          80.23921871522866
        ], 
        [
          -10.760336103888523, 
          13.938299950161287, 
          83.74984556482087
        ], 
        [
          -7.744793574013347, 
          30.5543864531331, 
          73.0399265853963
        ], 
        [
          -16.659140209780503, 
          29.90941281761412, 
          69.52929973580409
        ], 
        [
          -21.31204911481265, 
          17.780877768706087, 
          83.5724408329117
        ], 
        [
          -12.397702479045492, 
          18.425851404225078, 
          87.08306768250392
        ]
      ], 
      "cuboid_centroid": [
        -13.709738156834513, 
        21.923856383887703, 
        76.63957265031249
      ], 
      "location": [
        -13.709738156834513, 
        21.923856383887703, 
        76.63957265031249
      ], 
      "pose_transform_permuted": [
        [
          0.2810977584006996, 
          -0.7704083054253522, 
          -0.5722367820351218, 
          0.0
        ], 
        [
          0.9283457049542899, 
          0.06716796292623371, 
          0.3655989037311739, 
          0.0
        ], 
        [
          0.24322449146458414, 
          0.6340026915830322, 
          -0.734086121526122, 
          0.0
        ], 
        [
          -13.709738156834513, 
          21.923856383887703, 
          76.63957265031249, 
          1.0
        ]
      ], 
      "projected_cuboid": [
        [
          434.4803015871652, 
          472.7214945247297
        ], 
        [
          359.5631096485218, 
          478.10194387388094
        ], 
        [
          349.7371555984481, 
          361.64222442255345
        ], 
        [
          412.50414675737994, 
          362.04572636442714
        ], 
        [
          424.5752249694838, 
          496.3871544392443
        ], 
        [
          352.74942923445565, 
          502.7045766700885
        ], 
        [
          344.4603162953071, 
          386.75564604521406
        ], 
        [
          405.03754411071475, 
          386.1312924439508
        ]
      ], 
      "projected_cuboid_centroid": [
        385.3986742083836, 
        425.8503055471638
      ], 
      "quaternion_xyzw": [
        0.885237987573461, 
        -0.04972011227764344, 
        0.18263356046901677, 
        0.42488416902314213
      ], 
      "visibility": 0.2991084695393759
    }, 
    {
      "bounding_box": {
        "bottom_right": [
          379, 
          360
        ], 
        "top_left": [
          299, 
          265
        ]
      }, 
      "class": "008_pudding_box", 
      "cuboid": [
        [
          -14.60079550473082, 
          9.176720207974578, 
          65.61941959859948
        ], 
        [
          -25.470325749482864, 
          10.596049425811223, 
          62.6175556089267
        ], 
        [
          -27.972377066969038, 
          4.647852505439159, 
          68.8649233188468
        ], 
        [
          -17.102846822217, 
          3.2285232876025125, 
          71.86678730851959
        ], 
        [
          -14.939544869562859, 
          12.018942509310424, 
          68.18986461975975
        ], 
        [
          -25.8090751143149, 
          13.438271727147072, 
          65.18800063008696
        ], 
        [
          -28.311126431801082, 
          7.490074806775006, 
          71.43536834000707
        ], 
        [
          -17.44159618704904, 
          6.070745588938359, 
          74.43723232967984
        ]
      ], 
      "cuboid_centroid": [
        -21.45596096826595, 
        8.33339750737479, 
        68.52739396930328
      ], 
      "location": [
        -21.45596096826595, 
        8.33339750737479, 
        68.52739396930328
      ],