{
  "camera_data": {
    "location_worldframe": [
      -20.749411683795344, 
      -4.708910679233713, 
      96.19405624033658
    ], 
    "quaternion_xyzw_worldframe": [
      0.9572680358558194, 
      0.00907353706087979, 
      -0.005085659964733018, 
      -0.28901789581761117
    ]
  }, 
  "objects": [
    {
      "bounding_box": {
        "bottom_right": [
          350, 
          322
        ], 
        "top_left": [
          234, 
          168
        ]
      }, 
      "class": "003_cracker_box", 
      "cuboid": [
        [
          -27.045264244039124, 
          5.601625469405888, 
          73.13309024001335
        ], 
        [
          -43.44302778872081, 
          6.0231475213302454, 
          73.01567823208404
        ], 
        [
          -43.8967474064118, 
          -6.896603934031618, 
          89.99883777283479
        ], 
        [
          -27.49898386173011, 
          -7.318125985955976, 
          90.1162497807641
        ], 
        [
          -26.929563414918157, 
          11.313803135515078, 
          77.48165749416577
        ], 
        [
          -43.327326959599844, 
          11.735325187439436, 
          77.36424548623646
        ], 
        [
          -43.78104657729083, 
          -1.1844262679224282, 
          94.3474050269872
        ], 
        [
          -27.38328303260914, 
          -1.6059483198467859, 
          94.46481703491652
        ]
      ], 
      "cuboid_centroid": [
        -35.41315541066498, 
        2.20859960074173, 
        83.74024763350027
      ], 
      "location": [
        -35.41315541066498, 
        2.20859960074173, 
        83.74024763350027
      ], 
      "pose_transform_permuted": [
        [
          -0.016114321989856947, 
          -0.7955679390915706, 
          -0.6056500498773185, 
          0.0
        ], 
        [
          0.9996441544648234, 
          -0.02569692226845567, 
          0.007157697271989838, 
          0.0
        ], 
        [
          0.021257776720902177, 
          0.6053191905726434, 
          -0.7956989282720975, 
          0.0
        ], 
        [
          -35.41315541066498, 
          2.20859960074173, 
          83.74024763350027, 
          1.0
        ]
      ], 
      "projected_cuboid": [
        [
          282.72717429231955, 
          314.1361253654768
        ], 
        [
          161.63705864442534, 
          317.2806855841436
        ], 
        [
          219.30377910708745, 
          232.4182998306487
        ], 
        [
          317.4983179492901, 
          229.97692501020103
        ], 
        [
          294.6915396035258, 
          351.161392075356
        ], 
        [
          180.42593660413516, 
          354.1853911662246
        ], 
        [
          232.05261681262454, 
          266.5913064239308
        ], 
        [
          325.71104966077036, 
          264.2198429364588
        ]
      ], 
      "projected_cuboid_centroid": [
        254.18048895156898, 
        287.352527177153
      ], 
      "quaternion_xyzw": [
        0.8959092301838932, 
        -0.013102526854121142, 
        -0.002499311430251891, 
        0.44403685489350475
      ], 
      "visibility": 0.5776723456257638
    }, 
    {
      "bounding_box": {
        "bottom_right": [
          378, 
          358
        ], 
        "top_left": [
          288, 
          287
        ]
      }, 
      "class": "006_mustard_bottle", 
      "cuboid": [
        [
          -21.745990367850897, 
          14.46442697174059, 
          81.22031947923568
        ], 
        [
          -31.048370859839245, 
          12.436572073736968, 
          79.97148421983478
        ], 
        [
          -30.805954933564788, 
          1.611996953735595, 
          95.74267769320663
        ], 
        [
          -21.503574441576433, 
          3.6398518517392175, 
          96.99151295260752
        ], 
        [
          -23.188773214727572, 
          19.106938744214506, 
          84.42888901788926
        ], 
        [
          -32.49115370671593, 
          17.07908384621088, 
          83.18005375848836
        ], 
        [
          -32.24873778044146, 
          6.25450872620951, 
          98.95124723186021
        ], 
        [
          -22.946357288453108, 
          8.282363624213133, 
          100.20008249126111
        ]
      ], 
      "cuboid_centroid": [
        -26.99736407414618, 
        10.35946784897505, 
        90.08578335554795
      ], 
      "location": [
        -26.99736407414618, 
        10.35946784897505, 
        90.08578335554795
      ], 
      "pose_transform_permuted": [
        [
          0.247692288219326, 
          -0.7970113912142426, 
          -0.5508368308234165, 
          0.0
        ], 
        [
          0.9687557965199961, 
          0.2111820935119126, 
          0.1300544949204265, 
          0.0
        ], 
        [
          -0.012671963194305212, 
          0.5658399578885233, 
          -0.8244177117247764, 
          0.0
        ], 
        [
          -26.99736407414618, 
          10.35946784897505, 
          90.08578335554795, 
          1.0
        ]
      ], 
      "projected_cuboid": [
        [
          337.6157202634385, 
          368.26476772541355
        ], 
        [
          272.81394067105015, 
          356.22444390063356
        ], 
        [
          308.5672928601416, 
          282.26591441160195
        ], 
        [
          362.3717035307042, 
          293.3007043067178
        ], 
        [
          333.89776857378087, 
          393.9810623945416
        ], 
        [
          271.53981893464186, 
          382.79127458875814
        ], 
        [
          306.3369154021311, 
          306.99659298444425
        ], 
        [
          358.4462194930533, 
          317.3698022454387
        ]
      ], 
      "projected_cuboid_centroid": [
        320.43722307075285, 
        334.61593835179906
      ], 
      "quaternion_xyzw": [
        0.8782699734751177, 
        0.06372017246031919, 
        0.10752581624904385, 
        0.46154062870992474
      ], 
      "visibility": 0.7985263642643334
    }, 
    {
      "bounding_box": {
        "bottom_right": [
          267, 
          306
        ], 
        "top_left": [
          218, 
          216
        ]
      }, 
      "class": "008_pudding_box", 
      "cuboid": [
        [
          -28.596220115432132, 
          -3.6184710918535536, 
          80.76971811538397
        ], 
        [
          -39.95044920631865, 
          -3.7633295499499195, 
          80.2871537554667
        ], 
        [
          -40.186047280064415, 
          -9.171598852918706, 
          87.45416341054764
        ], 
        [
          -28.831818189177895, 
          -9.026740394822339, 
          87.9367277704649
        ], 
        [
          -28.733700560339276, 
          -0.5473840749625973, 
          83.08265780572275
        ], 
        [
          -40.08792965122579, 
          -0.6922425330589634, 
          82.60009344580548
        ], 
        [
          -40.323527724971555, 
          -6.100511836027748, 
          89.76710310088643
        ], 
        [
          -28.96929863408504, 
          -5.955653377931382, 
          90.24966746080368
        ]
      ], 
      "cuboid_centroid": [
        -34.459873920201844, 
        -4.859491463940651, 
        85.2684106081352
      ], 
      "location": [
        -34.459873920201844, 
        -4.859491463940651, 
        85.2684106081352
      ],