{
  "camera_data": {
    "location_worldframe": [
      -17.05465257761731, 
      0.38673534100434476, 
      86.2616274446332
    ], 
    "quaternion_xyzw_worldframe": [
      0.9012149555696457, 
      0.02160975452406925, 
      -0.013768961560928834, 
      -0.43261608907368315
    ]
  }, 
  "objects": [
    {
      "bounding_box": {
        "bottom_right": [
          424, 
          328
        ], 
        "top_left": [
          274, 
          167
        ]
      }, 
      "class": "003_cracker_box", 
      "cuboid": [
        [
          -24.00595985163597, 
          17.01369849391492, 
          67.4739619924581
        ], 
        [
          -40.408795702882216, 
          16.956156831500337, 
          67.6215447872336
        ], 
        [
          -40.23720895633687, 
          -0.5151692795019869, 
          79.88029142209861
        ], 
        [
          -23.834373105090634, 
          -0.45762761708740135, 
          79.7327086273231
        ], 
        [
          -23.967547446398957, 
          21.137855847142422, 
          73.3512273555233
        ], 
        [
          -40.3703832976452, 
          21.08031418472784, 
          73.49881015029881
        ], 
        [
          -40.19879655109986, 
          3.6089880737255164, 
          85.75755678516381
        ], 
        [
          -23.795960699853612, 
          3.666529736140102, 
          85.60997399038831
        ]
      ], 
      "cuboid_centroid": [
        -32.10237820136791, 
        10.311343283820218, 
        76.61575938881096
      ], 
      "location": [
        -32.10237820136791, 
        10.311343283820218, 
        76.61575938881096
      ], 
      "pose_transform_permuted": [
        [
          -0.0053499172918374804, 
          -0.5743951882770156, 
          -0.8185606550947719, 
          0.0
        ], 
        [
          0.9999533735600429, 
          0.0035078677841762773, 
          -0.008996975575048027, 
          0.0
        ], 
        [
          -0.008039222030754634, 
          0.8185706216007391, 
          -0.5743496394717418, 
          0.0
        ], 
        [
          -32.10237820136791, 
          10.311343283820218, 
          76.61575938881096, 
          1.0
        ]
      ], 
      "projected_cuboid": [
        [
          290.27079982060326, 
          407.7641693674277
        ], 
        [
          160.24392046354592, 
          407.01685310531536
        ], 
        [
          210.71519361529334, 
          269.84701791315257
        ], 
        [
          320.8441175971203, 
          270.225538622522
        ], 
        [
          305.88242768559684, 
          426.97493388093324
        ], 
        [
          186.22168167251291, 
          426.2488016034692
        ], 
        [
          229.52055064922985, 
          295.73055443086275
        ], 
        [
          332.1213615713032, 
          296.1277096278884
        ]
      ], 
      "projected_cuboid_centroid": [
        256.2713133925685, 
        345.0634327865098
      ], 
      "quaternion_xyzw": [
        0.9535571102791319, 
        0.003027372375093183, 
        -0.0037614141597365324, 
        0.3011735782171685
      ], 
      "visibility": 0.33626487325400933
    }, 
    {
      "bounding_box": {
        "bottom_right": [
          435, 
          370
        ], 
        "top_left": [
          317, 
          297
        ]
      }, 
      "class": "006_mustard_bottle", 
      "cuboid": [
        [
          -18.806573693263324, 
          23.160370799653347, 
          77.82864686104172
        ], 
        [
          -28.072053186419645, 
          21.327433649470404, 
          76.0973759476418
        ], 
        [
          -27.280149043047835, 
          6.2402505896231295, 
          87.83238897408361
        ], 
        [
          -18.01466954989152, 
          8.073187739806075, 
          89.56365988748352
        ], 
        [
          -20.31688983578429, 
          26.56470370780566, 
          82.30736531449332
        ], 
        [
          -29.58236932894061, 
          24.731766557622713, 
          80.5760944010934
        ], 
        [
          -28.790465185568802, 
          9.644583497775443, 
          92.3111074275352
        ], 
        [
          -19.524985692412482, 
          11.477520647958386, 
          94.04237834093513
        ]
      ], 
      "cuboid_centroid": [
        -23.79851943941606, 
        16.402477148714397, 
        85.06987714428847
      ], 
      "location": [
        -23.79851943941606, 
        16.402477148714397, 
        85.06987714428847
      ], 
      "pose_transform_permuted": [
        [
          0.2592861857800978, 
          -0.584444852325498, 
          -0.7688918844766202, 
          0.0
        ], 
        [
          0.964912903128708, 
          0.19088323579387656, 
          0.1802956495003731, 
          0.0
        ], 
        [
          -0.04139571319610313, 
          0.7886619966696059, 
          -0.6134318625064206, 
          0.0
        ], 
        [
          -23.79851943941606, 
          16.402477148714397, 
          85.06987714428847, 
          1.0
        ]
      ], 
      "projected_cuboid": [
        [
          351.6513609524292, 
          431.99261600195905
        ], 
        [
          283.2178224819698, 
          422.7573690370532
        ], 
        [
          314.5711834620706, 
          311.17743315363987
        ], 
        [
          373.43220526253685, 
          321.3594854878768
        ], 
        [
          348.8544856658018, 
          445.4154435098591
        ], 
        [
          284.16464320087135, 
          436.98193088469844
        ], 
        [
          313.8764484235756, 
          329.0073000244072
        ], 
        [
          369.94703494803537, 
          338.3761990023
        ]
      ], 
      "projected_cuboid_centroid": [
        331.15618612925226, 
        376.1168531244719
      ], 
      "quaternion_xyzw": [
        0.9384117945064063, 
        0.061880868918574215, 
        0.11710792582047787, 
        0.31912341731115706
      ], 
      "visibility": 0.5694733194733195
    }, 
    {
      "bounding_box": {
        "bottom_right": [
          328, 
          308
        ], 
        "top_left": [
          262, 
          210
        ]
      }, 
      "class": "008_pudding_box", 
      "cuboid": [
        [
          -25.185362665755694, 
          5.868732732127274, 
          71.96090613468323
        ], 
        [
          -36.53835473255397, 
          5.534721323568779, 
          71.54813732185164
        ], 
        [
          -36.51120897108442, 
          -1.7977671651704545, 
          76.73511971742147
        ], 
        [
          -25.158216904286146, 
          -1.4637557566119592, 
          77.14788853025306
        ], 
        [
          -25.364716802264333, 
          8.087607238606182, 
          75.09851579291158
        ], 
        [
          -36.717708869062605, 
          7.753595830047686, 
          74.68574698007998
        ], 
        [
          -36.69056310759306, 
          0.4211073413084531, 
          79.87272937564981
        ], 
        [
          -25.33757104079478, 
          0.7551187498669485, 
          80.2854981884814
        ]
      ], 
      "cuboid_centroid": [
        -30.937962886674374, 
        3.144920036717864, 
        75.91681775516652
      ], 
      "location": [
        -30.937962886674374, 
        3.144920036717864, 
        75.91681775516652
      ],