{
  "camera_data": {
    "location_worldframe": [
      -11.681522522424077, 
      4.62359395176446, 
      82.18115704237529
    ], 
    "quaternion_xyzw_worldframe": [
      0.9288440884857548, 
      -0.0004040524704889904, 
      0.10001809422505757, 
      -0.3567152611565335
    ]
  }, 
  "objects": [
    {
      "bounding_box": {
        "bottom_right": [
          488, 
          372
        ], 
        "top_left": [
          303, 
          218
        ]
      }, 
      "class": "003_cracker_box", 
      "cuboid": [
        [
          -12.601562158823917, 
          18.577617628422416, 
          60.22227993173698
        ], 
        [
          -28.588463527030726, 
          20.530849786484776, 
          57.11069119491869
        ], 
        [
          -33.230443206857444, 
          5.474994961250476, 
          71.50953862379092
        ], 
        [
          -17.24354183865063, 
          3.5217628031881167, 
          74.62112736060921
        ], 
        [
          -12.985533464321186, 
          23.59454099781212, 
          65.34433454655405
        ], 
        [
          -28.972434832528, 
          25.54777315587448, 
          62.23274580973575
        ], 
        [
          -33.614414512354706, 
          10.491918330640182, 
          76.63159323860799
        ], 
        [
          -17.627513144147898, 
          8.538686172577822, 
          79.74318197542628
        ]
      ], 
      "cuboid_centroid": [
        -23.10798833558931, 
        14.5347679795313, 
        68.42693658517248
      ], 
      "location": [
        -23.10798833558931, 
        14.5347679795313, 
        68.42693658517248
      ], 
      "pose_transform_permuted": [
        [
          0.053477898980133415, 
          -0.6987358620244659, 
          -0.7133780971137235, 
          0.0
        ], 
        [
          0.9745970819244334, 
          -0.11907337874456778, 
          0.18968937339432607, 
          0.0
        ], 
        [
          0.21748710818126668, 
          0.7054004009038264, 
          -0.6746181380452728, 
          0.0
        ], 
        [
          -23.10798833558931, 
          14.5347679795313, 
          68.42693658517248, 
          1.0
        ]
      ], 
      "projected_cuboid": [
        [
          369.0695011499101, 
          437.80716558194854
        ], 
        [
          212.40321610583484, 
          465.0107847237276
        ], 
        [
          231.69842624624516, 
          314.11916096841645
        ], 
        [
          357.3298988175223, 
          298.4566893401429
        ], 
        [
          374.7300744704175, 
          465.8576439141568
        ], 
        [
          231.24120324304045, 
          492.2247762539047
        ], 
        [
          245.70712030524317, 
          346.3053188038548
        ], 
        [
          362.7224260584815, 
          330.39296937254454
        ]
      ], 
      "projected_cuboid_centroid": [
        299.99249535652746, 
        386.5705279885615
      ], 
      "quaternion_xyzw": [
        0.9210558587759463, 
        -0.09135181208583609, 
        0.06600231409895732, 
        0.37276620820122747
      ], 
      "visibility": 0.523327712197864
    }, 
    {
      "bounding_box": {
        "bottom_right": [
          481, 
          407
        ], 
        "top_left": [
          355, 
          338
        ]
      }, 
      "class": "006_mustard_bottle", 
      "cuboid": [
        [
          -8.456112849429681, 
          25.70048364583199, 
          70.42595693449385
        ], 
        [
          -17.4359960473914, 
          24.737699246223148, 
          67.16393122015005
        ], 
        [
          -21.022425854815687, 
          11.851390739781822, 
          80.84023590736827
        ], 
        [
          -12.04254265685397, 
          12.81417513939066, 
          84.10226162171209
        ], 
        [
          -10.206574418248806, 
          29.965769171950374, 
          73.9858277273666
        ], 
        [
          -19.186457616210525, 
          29.002984772341534, 
          70.72380201302279
        ], 
        [
          -22.772887423634813, 
          16.116676265900203, 
          84.40010670024101
        ], 
        [
          -13.793004225673094, 
          17.079460665509043, 
          87.66213241458483
        ]
      ], 
      "cuboid_centroid": [
        -15.614500136532246, 
        20.908579955866095, 
        77.41303181736744
      ], 
      "location": [
        -15.614500136532246, 
        20.908579955866095, 
        77.41303181736744
      ], 
      "pose_transform_permuted": [
        [
          0.30051357510896576, 
          -0.732250410489764, 
          -0.6111470928287014, 
          0.0
        ], 
        [
          0.9351707240517837, 
          0.10026497719840363, 
          0.3397094240436081, 
          0.0
        ], 
        [
          0.18747574557945756, 
          0.6736142695476397, 
          -0.7149102465912951, 
          0.0
        ], 
        [
          -15.614500136532246, 
          20.908579955866095, 
          77.41303181736744, 
          1.0
        ]
      ], 
      "projected_cuboid": [
        [
          417.0272227174247, 
          467.91039290528107
        ], 
        [
          341.9916124408751, 
          469.7178547750356
        ], 
        [
          341.75205176469433, 
          351.47258850931
        ], 
        [
          404.5950242253914, 
          354.5453580445759
        ], 
        [
          407.4108548545013, 
          489.2918462288145
        ], 
        [
          335.70860946348216, 
          491.9945161901869
        ], 
        [
          336.4972591950441, 
          375.1269195198349
        ], 
        [
          396.9837798101775, 
          377.19469754842487
        ]
      ], 
      "projected_cuboid_centroid": [
        373.12804092403957, 
        417.33147311677993
      ], 
      "quaternion_xyzw": [
        0.897208460507942, 
        -0.024300586825630466, 
        0.17839304557775812, 
        0.4032398045660898
      ], 
      "visibility": 0.32219892150988616
    }, 
    {
      "bounding_box": {
        "bottom_right": [
          368, 
          348
        ], 
        "top_left": [
          291, 
          253
        ]
      }, 
      "class": "008_pudding_box", 
      "cuboid": [
        [
          -16.22466556890318, 
          8.569904096968285, 
          65.91901363252008
        ], 
        [
          -27.242737271200074, 
          9.547535889249703, 
          63.307749068282426
        ], 
        [
          -29.242035673771895, 
          3.241294952198555, 
          69.38270107164381
        ], 
        [
          -18.223963971474994, 
          2.263663159917136, 
          71.99396563588147
        ], 
        [
          -16.62143733265606, 
          11.28919894331994, 
          68.61125694531451
        ], 
        [
          -27.639509034952958, 
          12.266830735601358, 
          65.99999238107685
        ], 
        [
          -29.638807437524772, 
          5.9605897985502105, 
          72.07494438443824
        ], 
        [
          -18.620735735227875, 
          4.982958006268793, 
          74.68620894867588
        ]
      ], 
      "cuboid_centroid": [
        -22.931736503213976, 
        7.265246947759247, 
        68.99697900847916
      ], 
      "location": [
        -22.931736503213976, 
        7.265246947759247, 
        68.99697900847916
      ],