{
  "camera_data": {
    "location_worldframe": [
      -17.05163676407044, 
      -0.5758845392939971, 
      89.264363268977
    ], 
    "quaternion_xyzw_worldframe": [
      0.8895848416459202, 
      0.027410561367256923, 
      -0.002097835947465317, 
      -0.4559418768815747
    ]
  }, 
  "objects": [
    {
      "bounding_box": {
        "bottom_right": [
          415, 
          334
        ], 
        "top_left": [
          270, 
          185
        ]
      }, 
      "class": "003_cracker_box", 
      "cuboid": [
        [
          -23.55098374780003, 
          17.02200049345159, 
          71.21373107095
        ], 
        [
          -39.952401733412465, 
          16.96389552828663, 
          70.95252701009306
        ], 
        [
          -40.06859086578059, 
          -1.129826319903031, 
          82.2731840984541
        ], 
        [
          -23.667172880168156, 
          -1.0717213547380713, 
          82.53438815931105
        ], 
        [
          -23.6613956115285, 
          20.830374055955126, 
          77.29949294303428
        ], 
        [
          -40.062813597140945, 
          20.772269090790164, 
          77.03828888217734
        ], 
        [
          -40.17900272950907, 
          2.678547242600503, 
          88.35894597053839
        ], 
        [
          -23.77758474389663, 
          2.7366522077654625, 
          88.62015003139533
        ]
      ], 
      "cuboid_centroid": [
        -31.86499323865455, 
        9.850273868026047, 
        79.7863385207442
      ], 
      "location": [
        -31.86499323865455, 
        9.850273868026047, 
        79.7863385207442
      ], 
      "pose_transform_permuted": [
        [
          0.015377697265770263, 
          -0.5304141578767628, 
          -0.8475991667944741, 
          0.0
        ], 
        [
          0.9998669373159305, 
          0.003542207973316669, 
          0.01592358078872297, 
          0.0
        ], 
        [
          0.005443720167637167, 
          0.8477312509790813, 
          -0.5303980505471133, 
          0.0
        ], 
        [
          -31.86499323865455, 
          9.850273868026047, 
          79.7863385207442, 
          1.0
        ]
      ], 
      "projected_cuboid": [
        [
          303.7539557931567, 
          400.7642880077902
        ], 
        [
          178.78947388632184, 
          400.7968335741167
        ], 
        [
          219.6958597458839, 
          265.9626631540625
        ], 
        [
          327.3903891664632, 
          266.36130355574045
        ], 
        [
          316.9873583917158, 
          417.00347564631693
        ], 
        [
          201.93951286058606, 
          417.08851040013997
        ], 
        [
          237.06244158872056, 
          289.45379397613937
        ], 
        [
          337.31013772763, 
          289.75581967654426
        ]
      ], 
      "projected_cuboid_centroid": [
        266.82537873637733, 
        339.12918787382785
      ], 
      "quaternion_xyzw": [
        0.9611448063493719, 
        -0.0004945956586767705, 
        0.008141665503396414, 
        0.27592413791764164
      ], 
      "visibility": 0.3596092302509685
    }, 
    {
      "bounding_box": {
        "bottom_right": [
          423, 
          373
        ], 
        "top_left": [
          309, 
          305
        ]
      }, 
      "class": "006_mustard_bottle", 
      "cuboid": [
        [
          -18.614435501133396, 
          22.611640544867868, 
          82.00357310705584
        ], 
        [
          -27.83270626653893, 
          20.876609827771535, 
          79.94949902937324
        ], 
        [
          -27.31790159117919, 
          5.191063981344454, 
          90.88839125986226
        ], 
        [
          -18.09963082577366, 
          6.926094698440783, 
          92.94246533754486
        ], 
        [
          -20.237924800754172, 
          25.775636549714964, 
          86.6169090107707
        ], 
        [
          -29.4561955661597, 
          24.040605832618635, 
          84.5628349330881
        ], 
        [
          -28.941390890799962, 
          8.355059986191549, 
          95.50172716357712
        ], 
        [
          -19.723120125394427, 
          10.090090703287878, 
          97.55580124125972
        ]
      ], 
      "cuboid_centroid": [
        -23.77791319596668, 
        15.483350265529708, 
        88.75265013531649
      ], 
      "location": [
        -23.77791319596668, 
        15.483350265529708, 
        88.75265013531649
      ], 
      "pose_transform_permuted": [
        [
          0.2787153869989366, 
          -0.5431845908439552, 
          -0.792002572521006, 
          0.0
        ], 
        [
          0.9599965563189535, 
          0.18068719783875936, 
          0.21391257549078585, 
          0.0
        ], 
        [
          -0.02691071497929915, 
          0.8199405983890179, 
          -0.571815729525485, 
          0.0
        ], 
        [
          -23.77791319596668, 
          15.483350265529708, 
          88.75265013531649, 
          1.0
        ]
      ], 
      "projected_cuboid": [
        [
          359.52710013373905, 
          420.3439191819025
        ], 
        [
          294.3860405071997, 
          412.54825927481295
        ], 
        [
          319.96383613820666, 
          303.74693056149385
        ], 
        [
          376.8728167551588, 
          313.0296406004721
        ], 
        [
          355.94922646451704, 
          431.99286793088595
        ], 
        [
          294.2750370281263, 
          424.90546007621936
        ], 
        [
          318.62997825329006, 
          319.94451204690336
        ], 
        [
          372.8758635205686, 
          328.44720397533644
        ]
      ], 
      "projected_cuboid_centroid": [
        337.5235556218438, 
        366.32684604114115
      ], 
      "quaternion_xyzw": [
        0.9449787996602063, 
        0.05492131487307074, 
        0.13032778160389966, 
        0.29498024737972156
      ], 
      "visibility": 0.4702672186676703
    }, 
    {
      "bounding_box": {
        "bottom_right": [
          323, 
          315
        ], 
        "top_left": [
          259, 
          223
        ]
      }, 
      "class": "008_pudding_box", 
      "cuboid": [
        [
          -24.83121341381805, 
          5.656391040118794, 
          75.07608665997564
        ], 
        [
          -36.17024380932232, 
          5.349554151909162, 
          74.36572661285697
        ], 
        [
          -36.26490186542086, 
          -2.2463531329796322, 
          79.15781833501751
        ], 
        [
          -24.925871469916594, 
          -1.9395162447700016, 
          79.86817838213615
        ], 
        [
          -25.089976984815866, 
          7.706743118075051, 
          78.32096941901908
        ], 
        [
          -36.42900738032013, 
          7.3999062298654215, 
          77.61060937190042
        ], 
        [
          -36.52366543641868, 
          -0.19600105502337423, 
          82.40270109406094
        ], 
        [
          -25.184635040914404, 
          0.11083583318625655, 
          83.11306114117961
        ]
      ], 
      "cuboid_centroid": [
        -30.677439425118365, 
        2.73019499254771, 
        78.73939387701829
      ], 
      "location": [
        -30.677439425118365, 
        2.73019499254771, 
        78.73939387701829
      ],