{
  "camera_data": {
    "location_worldframe": [
      -11.188191379196255, 
      4.3528208872134, 
      88.14934277430062
    ], 
    "quaternion_xyzw_worldframe": [
      0.9424615827518884, 
      -0.0383078941580481, 
      0.17037162023000466, 
      -0.28508699666386794
    ]
  }, 
  "objects": [
    {
      "bounding_box": {
        "bottom_right": [
          471, 
          414
        ], 
        "top_left": [
          297, 
          261
        ]
      }, 
      "class": "003_cracker_box", 
      "cuboid": [
        [
          -8.126631528429801, 
          15.06732685709579, 
          64.62104514971378
        ], 
        [
          -23.327729000443533, 
          18.580670767053533, 
          59.55536001304601
        ], 
        [
          -31.33857777882977, 
          6.424603354351883, 
          75.1633667420962
        ], 
        [
          -16.13748030681604, 
          2.911259444394139, 
          80.22905187876398
        ], 
        [
          -8.264904541271308, 
          20.765152516938386, 
          68.9877442301293
        ], 
        [
          -23.46600201328504, 
          24.27849642689613, 
          63.92205909346153
        ], 
        [
          -31.47685079167128, 
          12.122429014194477, 
          79.53006582251172
        ], 
        [
          -16.27575331965755, 
          8.609085104236733, 
          84.5957509591795
        ]
      ], 
      "cuboid_centroid": [
        -19.80174116005054, 
        13.594877935645133, 
        72.07555548611275
      ], 
      "location": [
        -19.80174116005054, 
        13.594877935645133, 
        72.07555548611275
      ], 
      "pose_transform_permuted": [
        [
          0.019258080243367157, 
          -0.7935690523771239, 
          -0.6081753739297683, 
          0.0
        ], 
        [
          0.9266927278187866, 
          -0.2141812627462194, 
          0.3088154382413728, 
          0.0
        ], 
        [
          0.37532614424406435, 
          0.5695388887492305, 
          -0.7312699499153342, 
          0.0
        ], 
        [
          -19.80174116005054, 
          13.594877935645133, 
          72.07555548611275, 
          1.0
        ]
      ], 
      "projected_cuboid": [
        [
          413.96879085795484, 
          397.6376756071522
        ], 
        [
          270.9558560961599, 
          439.6768609742698
        ], 
        [
          257.38199958132907, 
          318.8721328196706
        ], 
        [
          373.4298149225678, 
          292.63902485531185
        ], 
        [
          417.1715929204545, 
          433.81450723749106
        ], 
        [
          284.18209680569595, 
          475.84881113165716
        ], 
        [
          268.7578418822696, 
          354.57816929103717
        ], 
        [
          378.1342544946869, 
          327.561056822127
        ]
      ], 
      "projected_cuboid_centroid": [
        333.853998455066, 
        373.8811790494163
      ], 
      "quaternion_xyzw": [
        0.8809663714492434, 
        -0.16728998577451598, 
        0.09310046589662639, 
        0.4327177096964567
      ], 
      "visibility": 0.6625378906658305
    }, 
    {
      "bounding_box": {
        "bottom_right": [
          459, 
          434
        ], 
        "top_left": [
          353, 
          358
        ]
      }, 
      "class": "006_mustard_bottle", 
      "cuboid": [
        [
          -3.966106794113415, 
          22.97385465280295, 
          74.22373865812875
        ], 
        [
          -12.656923274937048, 
          22.71107219026778, 
          70.1486040487896
        ], 
        [
          -19.255538180227262, 
          12.448517117870603, 
          84.88288313879218
        ], 
        [
          -10.564721699403629, 
          12.711299580405772, 
          88.95801774813135
        ], 
        [
          -5.415022302868104, 
          27.887048073661447, 
          76.99693728839291
        ], 
        [
          -14.105838783691738, 
          27.62426561112628, 
          72.92180267905374
        ], 
        [
          -20.70445368898195, 
          17.361710538729103, 
          87.65608176905634
        ], 
        [
          -12.013637208158318, 
          17.62449300126427, 
          91.7312163783955
        ]
      ], 
      "cuboid_centroid": [
        -12.335280241547682, 
        20.167782595766027, 
        80.93991021359255
      ], 
      "location": [
        -12.335280241547682, 
        20.167782595766027, 
        80.93991021359255
      ], 
      "pose_transform_permuted": [
        [
          0.2487451237563783, 
          -0.8434811402915189, 
          -0.47609376276119864, 
          0.0
        ], 
        [
          0.905067133035516, 
          0.027366332093596055, 
          0.4243870993877973, 
          0.0
        ], 
        [
          0.3449336291484411, 
          0.5364611234730046, 
          -0.770214421109192, 
          0.0
        ], 
        [
          -12.335280241547682, 
          20.167782595766027, 
          80.93991021359255, 
          1.0
        ]
      ], 
      "projected_cuboid": [
        [
          452.86192906740644, 
          438.3604996111692
        ], 
        [
          384.5682257529846, 
          445.95226266868787
        ], 
        [
          359.60621306480493, 
          351.5006338615918
        ], 
        [
          417.7318062324698, 
          349.4931033410592
        ], 
        [
          443.7773290931442, 
          466.4462840478652
        ], 
        [
          377.5731385324145, 
          475.31886960077804
        ], 
        [
          354.5766732801357, 
          378.9191425969172
        ], 
        [
          411.1684618252833, 
          375.75424343803473
        ]
      ], 
      "projected_cuboid_centroid": [
        399.64158081617484, 
        406.1736807899275
      ], 
      "quaternion_xyzw": [
        0.8540524016812022, 
        -0.09295896142605353, 
        0.19704066806062331, 
        0.4723643298186829
      ], 
      "visibility": 0.276676279740447
    }, 
    {
      "bounding_box": {
        "bottom_right": [
          358, 
          377
        ], 
        "top_left": [
          285, 
          283
        ]
      }, 
      "class": "008_pudding_box", 
      "cuboid": [
        [
          -13.628234392081872, 
          6.5082430381232586, 
          71.11784583522342
        ], 
        [
          -24.11412697308751, 
          8.50188564282291, 
          67.2135127901291
        ], 
        [
          -27.527726671515616, 
          3.4234465884770096, 
          73.7882907005985
        ], 
        [
          -17.041834090509976, 
          1.4298039837773593, 
          77.69262374569281
        ], 
        [
          -13.881493047803431, 
          9.608751029317895, 
          73.38122309035188
        ], 
        [
          -24.367385628809068, 
          11.602393634017547, 
          69.47689004525756
        ], 
        [
          -27.780985327237172, 
          6.5239545796716465, 
          76.05166795572696
        ], 
        [
          -17.295092746231536, 
          4.530311974971996, 
          79.95600100082127
        ]
      ], 
      "cuboid_centroid": [
        -20.704609859659524, 
        6.5160988088974525, 
        73.5847568954752
      ], 
      "location": [
        -20.704609859659524, 
        6.5160988088974525, 
        73.5847568954752
      ],