{
  "camera_data": {
    "location_worldframe": [
      -18.068885147028766, 
      3.910635741021952, 
      82.0969307921139
    ], 
    "quaternion_xyzw_worldframe": [
      0.9241583369425247, 
      0.02366335219679984, 
      -0.048639378135367554, 
      -0.3781619794318923
    ]
  }, 
  "objects": [
    {
      "bounding_box": {
        "bottom_right": [
          450, 
          313
        ], 
        "top_left": [
          289, 
          122
        ]
      }, 
      "class": "003_cracker_box", 
      "cuboid": [
        [
          -26.682543164919885, 
          17.937138621474478, 
          61.92726498433858
        ], 
        [
          -43.03758585792571, 
          17.392104561304812, 
          63.06464445943377
        ], 
        [
          -41.5212636959546, 
          1.5341642405534248, 
          77.269574696186
        ], 
        [
          -25.166221002948774, 
          2.07919830072309, 
          76.13219522109083
        ], 
        [
          -26.471430929023242, 
          22.73688593234352, 
          67.26301750020762
        ], 
        [
          -42.82647362202907, 
          22.191851872173856, 
          68.4003969753028
        ], 
        [
          -41.31015146005796, 
          6.333911551422469, 
          82.60532721205504
        ], 
        [
          -24.95510876705213, 
          6.878945611592132, 
          81.46794773695986
        ]
      ], 
      "cuboid_centroid": [
        -33.99634731248892, 
        12.135525086448473, 
        72.26629609819682
      ], 
      "location": [
        -33.99634731248892, 
        12.135525086448473, 
        72.26629609819682
      ], 
      "pose_transform_permuted": [
        [
          -0.029402819072976927, 
          -0.6684884993903482, 
          -0.7431410366904806, 
          0.0
        ], 
        [
          0.9970397962829796, 
          0.033226489133607706, 
          -0.06933718373173697, 
          0.0
        ], 
        [
          -0.07104307748511596, 
          0.742979896499693, 
          -0.6655326848012418, 
          0.0
        ], 
        [
          -33.99634731248892, 
          12.135525086448473, 
          72.26629609819682, 
          1.0
        ]
      ], 
      "projected_cuboid": [
        [
          249.89118604724447, 
          427.76174846113463
        ], 
        [
          114.60752547645498, 
          420.3665704562165
        ], 
        [
          192.62638848708679, 
          283.8754384187042
        ], 
        [
          303.8340598945664, 
          287.85169228772537
        ], 
        [
          269.9594771060458, 
          453.56430396197413
        ], 
        [
          144.89527286602052, 
          446.3169546694689
        ], 
        [
          212.6663139520654, 
          314.17977310870396
        ], 
        [
          316.87020499634787, 
          318.31868262409347
        ]
      ], 
      "projected_cuboid_centroid": [
        228.6158965563397, 
        362.8457589476412
      ], 
      "quaternion_xyzw": [
        0.9331613913832313, 
        0.027934494392273395, 
        -0.026453088317967947, 
        0.35739294309373465
      ], 
      "visibility": 0.36340771904152186
    }, 
    {
      "bounding_box": {
        "bottom_right": [
          467, 
          356
        ], 
        "top_left": [
          341, 
          271
        ]
      }, 
      "class": "006_mustard_bottle", 
      "cuboid": [
        [
          -21.148341794434483, 
          25.44094713852446, 
          71.15227092679447
        ], 
        [
          -30.42026135134177, 
          23.12847159624284, 
          70.20885563817811
        ], 
        [
          -28.40436142871234, 
          9.592436197760927, 
          83.57570376245101
        ], 
        [
          -19.13244187180505, 
          11.90491174004255, 
          84.51911905106738
        ], 
        [
          -22.53343873375125, 
          29.310618779219862, 
          75.27981308249309
        ], 
        [
          -31.805358290658535, 
          26.998143236938237, 
          74.33639779387673
        ], 
        [
          -29.789458368029102, 
          13.462107838456328, 
          87.70324591814963
        ], 
        [
          -20.517538811121817, 
          15.77458338073795, 
          88.646661206766
        ]
      ], 
      "cuboid_centroid": [
        -25.468900081231794, 
        19.451527488490395, 
        79.42775842247205
      ], 
      "location": [
        -25.468900081231794, 
        19.451527488490395, 
        79.42775842247205
      ], 
      "pose_transform_permuted": [
        [
          0.23778895836448774, 
          -0.6643326994191852, 
          -0.7086030745929086, 
          0.0
        ], 
        [
          0.9655835754468401, 
          0.24082266768440955, 
          0.0982478657113426, 
          0.0
        ], 
        [
          -0.1053784296087892, 
          0.7075778600955926, 
          -0.698733825197927, 
          0.0
        ], 
        [
          -25.468900081231794, 
          19.451527488490395, 
          79.42775842247205, 
          1.0
        ]
      ], 
      "projected_cuboid": [
        [
          321.7593421319393, 
          463.9783479077368
        ], 
        [
          248.59338574718745, 
          448.9747288652425
        ], 
        [
          298.8305132958937, 
          334.498515198241
        ], 
        [
          359.86438983220063, 
          348.40708630438405
        ], 
        [
          320.6286493798974, 
          480.93751836700164
        ], 
        [
          251.5108963711753, 
          466.982209615188
        ], 
        [
          298.9390767643771, 
          355.1490239800836
        ], 
        [
          357.1299548692211, 
          368.1902164594186
        ]
      ], 
      "projected_cuboid_centroid": [
        309.16040074671645, 
        403.89428441972257
      ], 
      "quaternion_xyzw": [
        0.9194787259821922, 
        0.09412971923939426, 
        0.09136612261389569, 
        0.3706084997129969
      ], 
      "visibility": 0.7442348008385744
    }, 
    {
      "bounding_box": {
        "bottom_right": [
          345, 
          290
        ], 
        "top_left": [
          274, 
          180
        ]
      }, 
      "class": "008_pudding_box", 
      "cuboid": [
        [
          -27.18750128590925, 
          7.381127570208247, 
          67.76245244670686
        ], 
        [
          -38.525087345757626, 
          6.650081210170616, 
          68.07403572239049
        ], 
        [
          -37.93111883536093, 
          -0.001614954472582697, 
          74.08012015767265
        ], 
        [
          -26.593532775512557, 
          0.729431405565048, 
          73.768536881989
        ], 
        [
          -27.274863211506524, 
          9.954371813495854, 
          70.62093951288988
        ], 
        [
          -38.61244927135489, 
          9.223325453458223, 
          70.93252278857352
        ], 
        [
          -38.0184807609582, 
          2.571629288815023, 
          76.93860722385567
        ], 
        [
          -26.680894701109825, 
          3.302675648852654, 
          76.62702394817204
        ]
      ], 
      "cuboid_centroid": [
        -32.602991023433724, 
        4.976378429511636, 
        72.35052983528126
      ], 
      "location": [
        -32.602991023433724, 
        4.976378429511636, 
        72.35052983528126
      ],