{
  "camera_data": {
    "location_worldframe": [
      -21.015395642544913, 
      -4.136900429191178, 
      95.66657454542788
    ], 
    "quaternion_xyzw_worldframe": [
      0.9570215796599499, 
      0.022330951493983935, 
      -0.023841309174972156, 
      -0.28817806447817557
    ]
  }, 
  "objects": [
    {
      "bounding_box": {
        "bottom_right": [
          351, 
          319
        ], 
        "top_left": [
          235, 
          159
        ]
      }, 
      "class": "003_cracker_box", 
      "cuboid": [
        [
          -28.328569608168326, 
          5.888567512881122, 
          72.78077942235011
        ], 
        [
          -44.727624247147844, 
          5.715958775163531, 
          73.12621951640996
        ], 
        [
          -44.23375721638582, 
          -7.174671112443487, 
          90.13037499685223
        ], 
        [
          -27.8347025774063, 
          -7.002062374725897, 
          89.78493490279236
        ], 
        [
          -28.297441593770106, 
          11.610662050072683, 
          77.11772105086031
        ], 
        [
          -44.696496232749624, 
          11.438053312355095, 
          77.46316114492018
        ], 
        [
          -44.202629201987605, 
          -1.4525765752519244, 
          94.46731662536243
        ], 
        [
          -27.803574563008084, 
          -1.2799678375343342, 
          94.12187653130258
        ]
      ], 
      "cuboid_centroid": [
        -36.265599405077964, 
        2.217995468814599, 
        83.62404802385626
      ], 
      "location": [
        -36.265599405077964, 
        2.217995468814599, 
        83.62404802385626
      ], 
      "pose_transform_permuted": [
        [
          -0.004335378153542721, 
          -0.7969491189410787, 
          -0.6040308819218636, 
          0.0
        ], 
        [
          0.9997228624461998, 
          0.01052261274525472, 
          -0.021058796817247538, 
          0.0
        ], 
        [
          -0.023138772626103088, 
          0.6039547801284894, 
          -0.7966826349063381, 
          0.0
        ], 
        [
          -36.265599405077964, 
          2.217995468814599, 
          83.62404802385626, 
          1.0
        ]
      ], 
      "projected_cuboid": [
        [
          272.2823910675501, 
          316.4365069206316
        ], 
        [
          152.67391291302994, 
          314.97381200644594
        ], 
        [
          217.6757994362306, 
          230.83256386658164
        ], 
        [
          314.8820014884005, 
          231.69451598943593
        ], 
        [
          284.2708815746999, 
          353.5818755576319
        ], 
        [
          171.30547962746178, 
          352.0354262874812
        ], 
        [
          229.96947632549663, 
          265.08595008170937
        ], 
        [
          322.74173686790846, 
          266.033899819687
        ]
      ], 
      "projected_cuboid_centroid": [
        248.38264207944079, 
        287.4319955006197
      ], 
      "quaternion_xyzw": [
        0.8955038420487866, 
        0.009397331365531971, 
        -0.007089353997826509, 
        0.4448980783268924
      ], 
      "visibility": 0.5522388059701493
    }, 
    {
      "bounding_box": {
        "bottom_right": [
          380, 
          354
        ], 
        "top_left": [
          290, 
          280
        ]
      }, 
      "class": "006_mustard_bottle", 
      "cuboid": [
        [
          -23.12813889387654, 
          14.95509466008595, 
          80.70472974714356
        ], 
        [
          -32.382405332943456, 
          12.58907724745859, 
          79.72158068005889
        ], 
        [
          -31.30319856416559, 
          1.8148117429125699, 
          95.4921625073779
        ], 
        [
          -22.048932125098673, 
          4.1808291555399295, 
          96.47531157446258
        ], 
        [
          -24.647227123033876, 
          19.54932024706533, 
          83.94740126815147
        ], 
        [
          -33.9014935621008, 
          17.183302834437974, 
          82.96425220106678
        ], 
        [
          -32.82228679332293, 
          6.409037329891953, 
          98.7348340283858
        ], 
        [
          -23.56802035425601, 
          8.775054742519313, 
          99.71798309547047
        ]
      ], 
      "cuboid_centroid": [
        -27.975212843599735, 
        10.682065994988951, 
        89.71978188776468
      ], 
      "location": [
        -27.975212843599735, 
        10.682065994988951, 
        89.71978188776468
      ], 
      "pose_transform_permuted": [
        [
          0.2607921492146682, 
          -0.78872177521249, 
          -0.5566913487506572, 
          0.0
        ], 
        [
          0.9637451685735418, 
          0.24639855197538488, 
          0.10238576656822314, 
          0.0
        ], 
        [
          -0.05641406760344044, 
          0.563210091092362, 
          -0.8243857387583606, 
          0.0
        ], 
        [
          -27.975212843599735, 
          10.682065994988951, 
          89.71978188776468, 
          1.0
        ]
      ], 
      "projected_cuboid": [
        [
          327.4861398502167, 
          372.11401532249346
        ], 
        [
          263.1607028089002, 
          357.5046552446742
        ], 
        [
          305.3131376390778, 
          283.42218280139053
        ], 
        [
          358.69389175390484, 
          296.3983375304977
        ], 
        [
          323.7078231494731, 
          397.4837753937101
        ], 
        [
          261.8517823697448, 
          383.74606316291073
        ], 
        [
          302.82890694376255, 
          307.9051723361921
        ], 
        [
          354.4982958990659, 
          320.21797795153384
        ]
      ], 
      "projected_cuboid_centroid": [
        313.9187428537356, 
        336.7837385317086
      ], 
      "quaternion_xyzw": [
        0.8780157470707118, 
        0.0862207257071091, 
        0.1034087136234592, 
        0.4593048357482754
      ], 
      "visibility": 0.8132975151108126
    }, 
    {
      "bounding_box": {
        "bottom_right": [
          268, 
          303
        ], 
        "top_left": [
          217, 
          211
        ]
      }, 
      "class": "008_pudding_box", 
      "cuboid": [
        [
          -29.328421766039693, 
          -3.364902477533137, 
          80.4688261616252
        ], 
        [
          -40.67902512651143, 
          -3.9218015083079822, 
          80.30746505897675
        ], 
        [
          -40.51622406600941, 
          -9.319396298734087, 
          87.4845380692557
        ], 
        [
          -29.165620705537666, 
          -8.762497267959242, 
          87.64589917190416
        ], 
        [
          -29.511873732633063, 
          -0.29576458508658243, 
          82.78116357694638
        ], 
        [
          -40.86247709310481, 
          -0.8526636158614278, 
          82.61980247429793
        ], 
        [
          -40.69967603260278, 
          -6.250258406287533, 
          89.7968754845769
        ], 
        [
          -29.349072672131044, 
          -5.693359375512688, 
          89.95823658722534
        ]
      ], 
      "cuboid_centroid": [
        -35.01404889932124, 
        -4.807580441910335, 
        85.13285082310105
      ], 
      "location": [
        -35.01404889932124, 
        -4.807580441910335, 
        85.13285082310105
      ],