{
  "camera_data": {
    "location_worldframe": [
      -18.699504540559165, 
      5.0521247224756785, 
      81.32725586828035
    ], 
    "quaternion_xyzw_worldframe": [
      0.9299358067873459, 
      0.023635931156161454, 
      -0.06337811091052883, 
      -0.36144761831757355
    ]
  }, 
  "objects": [
    {
      "bounding_box": {
        "bottom_right": [
          458, 
          307
        ], 
        "top_left": [
          294, 
          108
        ]
      }, 
      "class": "003_cracker_box", 
      "cuboid": [
        [
          -28.008588126804856, 
          18.23685291962455, 
          60.900419921641
        ], 
        [
          -44.32063188367286, 
          17.537347019144946, 
          62.48346624325451
        ], 
        [
          -42.235429259243915, 
          2.222064945752232, 
          77.20242042396606
        ], 
        [
          -25.923385502375908, 
          2.921570846231837, 
          75.61937410235254
        ], 
        [
          -27.722531145034, 
          23.228353215690394, 
          66.05362220104915
        ], 
        [
          -44.03457490190201, 
          22.528847315210793, 
          67.63666852266267
        ], 
        [
          -41.94937227747306, 
          7.213565241818079, 
          82.35562270337421
        ], 
        [
          -25.637328520605056, 
          7.913071142297684, 
          80.7725763817607
        ]
      ], 
      "cuboid_centroid": [
        -34.978980202138956, 
        12.725209080721314, 
        71.6280213125076
      ], 
      "location": [
        -34.978980202138956, 
        12.725209080721314, 
        71.6280213125076
      ], 
      "pose_transform_permuted": [
        [
          -0.039840806213088914, 
          -0.6951950439281316, 
          -0.7177162120629952, 
          0.0
        ], 
        [
          0.9944184854535327, 
          0.04264343625413966, 
          -0.09650602640634126, 
          0.0
        ], 
        [
          -0.09769639680455677, 
          0.7175551464815804, 
          -0.6896158537977534, 
          0.0
        ], 
        [
          -34.978980202138956, 
          12.725209080721314, 
          71.6280213125076, 
          1.0
        ]
      ], 
      "projected_cuboid": [
        [
          234.2751146014391, 
          432.991032793818
        ], 
        [
          100.15150425152841, 
          422.9743060346012
        ], 
        [
          187.40041038614032, 
          288.6367141046687
        ], 
        [
          297.2439967717476, 
          293.89145523198493
        ], 
        [
          255.89892816348058, 
          460.8331893526202
        ], 
        [
          131.48801671503702, 
          450.92798191873925
        ], 
        [
          207.676937833409, 
          320.000235014615
        ], 
        [
          310.9100190021646, 
          325.5344170544963
        ]
      ], 
      "projected_cuboid_centroid": [
        218.98424539713344, 
        368.03441846645563
      ], 
      "quaternion_xyzw": [
        0.92597109080118, 
        0.03788990672950434, 
        -0.03681184919646317, 
        0.37388070520854544
      ], 
      "visibility": 0.3695945338487818
    }, 
    {
      "bounding_box": {
        "bottom_right": [
          476, 
          350
        ], 
        "top_left": [
          349, 
          261
        ]
      }, 
      "class": "006_mustard_bottle", 
      "cuboid": [
        [
          -22.336710525636207, 
          26.13469188400227, 
          69.70317053533002
        ], 
        [
          -31.599167073511847, 
          23.67874242771183, 
          69.08569278101979
        ], 
        [
          -29.066083454149428, 
          10.659403115249633, 
          82.87122965227312
        ], 
        [
          -19.803626906273784, 
          13.11535257154007, 
          83.48870740658334
        ], 
        [
          -23.66520961003157, 
          30.13403391681409, 
          73.72434074716156
        ], 
        [
          -32.92766615790721, 
          27.678084460523657, 
          73.10686299285135
        ], 
        [
          -30.39458253854479, 
          14.658745148061456, 
          86.89239986410466
        ], 
        [
          -21.13212599066915, 
          17.114694604351893, 
          87.50987761841489
        ]
      ], 
      "cuboid_centroid": [
        -26.365646532090498, 
        20.39671851603186, 
        78.29778519971734
      ], 
      "location": [
        -26.365646532090498, 
        20.39671851603186, 
        78.29778519971734
      ], 
      "pose_transform_permuted": [
        [
          0.2280724218641159, 
          -0.6865940925367592, 
          -0.6903414836433005, 
          0.0
        ], 
        [
          0.9645980916924588, 
          0.25576413196499403, 
          0.06430452444139034, 
          0.0
        ], 
        [
          -0.13241350469818347, 
          0.6805682741937561, 
          -0.7206202106064442, 
          0.0
        ], 
        [
          -26.365646532090498, 
          20.39671851603186, 
          78.29778519971734, 
          1.0
        ]
      ], 
      "projected_cuboid": [
        [
          309.26804726503707, 
          473.2507989301917
        ], 
        [
          235.62870196822553, 
          456.0789011063459
        ], 
        [
          292.9828312485695, 
          341.8853562942779
        ], 
        [
          354.0387644726993, 
          357.0664237153568
        ], 
        [
          308.97703515368175, 
          491.2752001370773
        ], 
        [
          239.3856907709603, 
          475.2000637868803
        ], 
        [
          293.4895608307702, 
          363.25753503529523
        ], 
        [
          351.73633466774095, 
          377.5902125025577
        ]
      ], 
      "projected_cuboid_centroid": [
        300.51281524283155, 
        412.21728026593814
      ], 
      "quaternion_xyzw": [
        0.913168638523235, 
        0.10627216602919409, 
        0.08004461990129627, 
        0.38525586725660355
      ], 
      "visibility": 0.8092000578619991
    }, 
    {
      "bounding_box": {
        "bottom_right": [
          350, 
          283
        ], 
        "top_left": [
          279, 
          171
        ]
      }, 
      "class": "008_pudding_box", 
      "cuboid": [
        [
          -28.22722896710482, 
          7.8931610340742795, 
          67.12087696997587
        ], 
        [
          -39.542690498417734, 
          7.038072017933347, 
          67.75453594018875
        ], 
        [
          -38.70885049148179, 
          0.6152259421886436, 
          73.97729014005348
        ], 
        [
          -27.393388960168885, 
          1.4703149583295752, 
          73.34363116984062
        ], 
        [
          -28.27437701598005, 
          10.566732829553233, 
          69.88673258173496
        ], 
        [
          -39.589838547292956, 
          9.711643813412302, 
          70.52039155194782
        ], 
        [
          -38.75599854035702, 
          3.288797737667598, 
          76.74314575181258
        ], 
        [
          -27.440537009044107, 
          4.14388675380853, 
          76.1094867815997
        ]
      ], 
      "cuboid_centroid": [
        -33.49161375373092, 
        5.590979385870939, 
        71.93201136089422
      ], 
      "location": [
        -33.49161375373092, 
        5.590979385870939, 
        71.93201136089422
      ],