{
  "camera_data": {
    "location_worldframe": [
      -19.956220039919355, 
      -4.796418249931829, 
      97.12502560056936
    ], 
    "quaternion_xyzw_worldframe": [
      0.956519187864508, 
      0.0022304142620882153, 
      0.03744105700304451, 
      -0.28924794837832773
    ]
  }, 
  "objects": [
    {
      "bounding_box": {
        "bottom_right": [
          356, 
          329
        ], 
        "top_left": [
          235, 
          187
        ]
      }, 
      "class": "003_cracker_box", 
      "cuboid": [
        [
          -24.056131335246047, 
          5.7467814130367785, 
          73.67753953634022
        ], 
        [
          -40.368150517844846, 
          6.786189094784258, 
          72.2934233761826
        ], 
        [
          -42.62028875370483, 
          -6.109229618637955, 
          89.1513472317021
        ], 
        [
          -26.308269571106024, 
          -7.1486373003854355, 
          90.53546339185972
        ], 
        [
          -24.062827115839802, 
          11.450036038288463, 
          78.0393326746046
        ], 
        [
          -40.374846298438605, 
          12.489443720035942, 
          76.65521651444698
        ], 
        [
          -42.626984534298586, 
          -0.4059749933862704, 
          93.51314036996648
        ], 
        [
          -26.314965351699783, 
          -1.4453826751337495, 
          94.89725653012408
        ]
      ], 
      "cuboid_centroid": [
        -33.34155793477231, 
        2.670403209825254, 
        83.59533995315334
      ], 
      "location": [
        -33.34155793477231, 
        2.670403209825254, 
        83.59533995315334
      ], 
      "pose_transform_permuted": [
        [
          0.000932559993571086, 
          -0.7943251757112308, 
          -0.6074920950622986, 
          0.0
        ], 
        [
          0.9944169873513986, 
          -0.06336460519957274, 
          0.08437880109879992, 
          0.0
        ], 
        [
          0.1055177027745911, 
          0.6041791473058505, 
          -0.789831356912315, 
          0.0
        ], 
        [
          -33.34155793477231, 
          2.670403209825254, 
          83.59533995315334, 
          1.0
        ]
      ], 
      "projected_cuboid": [
        [
          306.0140906037997, 
          314.88498286795004
        ], 
        [
          181.31333925063294, 
          323.34928740358083
        ], 
        [
          224.51000947637738, 
          236.74001462670793
        ], 
        [
          325.3307816549239, 
          231.1758763417882
        ], 
        [
          315.7816764460336, 
          351.5359058059473
        ], 
        [
          198.35294623305316, 
          360.1803623248013
        ], 
        [
          236.4629801321567, 
          270.9712011913962
        ], 
        [
          332.4753556424117, 
          265.1635330178468
        ]
      ], 
      "projected_cuboid_centroid": [
        267.1127429923982, 
        290.3231135556359
      ], 
      "quaternion_xyzw": [
        0.8952776426505282, 
        -0.0471591995400937, 
        0.02382259899839594, 
        0.44236459651040383
      ], 
      "visibility": 0.6157933042212518
    }, 
    {
      "bounding_box": {
        "bottom_right": [
          378, 
          366
        ], 
        "top_left": [
          289, 
          301
        ]
      }, 
      "class": "006_mustard_bottle", 
      "cuboid": [
        [
          -19.06951609936255, 
          14.402584687177693, 
          82.17727808744057
        ], 
        [
          -28.316921530377957, 
          12.726997134656736, 
          80.2064998253144
        ], 
        [
          -29.70298936613544, 
          1.8991626962563, 
          95.91629145071984
        ], 
        [
          -20.45558393512003, 
          3.574750248777256, 
          97.88706971284601
        ], 
        [
          -20.58087388825463, 
          19.09581730788186, 
          85.27870059769126
        ], 
        [
          -29.828279319270045, 
          17.420229755360904, 
          83.30792233556508
        ], 
        [
          -31.21434715502752, 
          6.592395316960466, 
          99.01771396097053
        ], 
        [
          -21.966941724012113, 
          8.267982869481422, 
          100.9884922230967
        ]
      ], 
      "cuboid_centroid": [
        -25.141931627195035, 
        10.49749000206908, 
        90.59749602420555
      ], 
      "location": [
        -25.141931627195035, 
        10.49749000206908, 
        90.59749602420555
      ], 
      "pose_transform_permuted": [
        [
          0.25946501225681673, 
          -0.8057189822323731, 
          -0.5324421758699919, 
          0.0
        ], 
        [
          0.9630306588493276, 
          0.1744967490288574, 
          0.20523809649956168, 
          0.0
        ], 
        [
          0.07245481297149975, 
          0.5660103343296515, 
          -0.8212080135442545, 
          0.0
        ], 
        [
          -25.141931627195035, 
          10.49749000206908, 
          90.59749602420555, 
          1.0
        ]
      ], 
      "projected_cuboid": [
        [
          356.8071048432465, 
          366.75739319496006
        ], 
        [
          291.7393701888403, 
          357.91255733969723
        ], 
        [
          315.06437000192363, 
          283.8463776314283
        ], 
        [
          369.2198466973664, 
          292.7629031255912
        ], 
        [
          351.81491535453046, 
          392.70877654246243
        ], 
        [
          289.0514518071407, 
          384.80714024123284
        ], 
        [
          312.0723237971846, 
          308.7938566408682
        ], 
        [
          364.6230398779327, 
          316.94970276932906
        ]
      ], 
      "projected_cuboid_centroid": [
        332.3608676506527, 
        335.0820316532576
      ], 
      "quaternion_xyzw": [
        0.8748547263758955, 
        0.029159680167720123, 
        0.13279436423731203, 
        0.46491347269626354
      ], 
      "visibility": 0.7203430204859457
    }, 
    {
      "bounding_box": {
        "bottom_right": [
          270, 
          314
        ], 
        "top_left": [
          221, 
          229
        ]
      }, 
      "class": "008_pudding_box", 
      "cuboid": [
        [
          -26.53891995228913, 
          -3.4091681709799975, 
          81.14335394204795
        ], 
        [
          -37.81912476776085, 
          -3.1258362470617036, 
          79.78354773358453
        ], 
        [
          -38.81186441223725, 
          -8.522201555045372, 
          86.89442814060064
        ], 
        [
          -27.53165959676553, 
          -8.805533478963667, 
          88.25423434906405
        ], 
        [
          -26.739534506912715, 
          -0.33534669213056767, 
          83.44803215512448
        ], 
        [
          -38.01973932238443, 
          -0.05201476821227388, 
          82.08822594666105
        ], 
        [
          -39.01247896686083, 
          -5.448380076195943, 
          89.19910635367717
        ], 
        [
          -27.732274151389113, 
          -5.731712000114237, 
          90.55891256214058
        ]
      ], 
      "cuboid_centroid": [
        -32.77569945957498, 
        -4.428774123587971, 
        85.17123014786256
      ], 
      "location": [
        -32.77569945957498, 
        -4.428774123587971, 
        85.17123014786256
      ],