{
  "camera_data": {
    "location_worldframe": [
      -17.74256862760603, 
      3.142492804689519, 
      82.70334578921054
    ], 
    "quaternion_xyzw_worldframe": [
      0.9204401378132689, 
      0.014922223581999076, 
      -0.04413795091459751, 
      -0.38809806545337844
    ]
  }, 
  "objects": [
    {
      "bounding_box": {
        "bottom_right": [
          446, 
          317
        ], 
        "top_left": [
          288, 
          133
        ]
      }, 
      "class": "003_cracker_box", 
      "cuboid": [
        [
          -26.047253892183402, 
          17.752572970077452, 
          62.820397569551844
        ], 
        [
          -42.411225421949354, 
          17.51734009565421, 
          63.93539396190309
        ], 
        [
          -41.23317784846773, 
          1.3435489626129324, 
          77.81250574518727
        ], 
        [
          -24.86920631870178, 
          1.5787818370361708, 
          76.69750935283604
        ], 
        [
          -25.74436916292045, 
          22.436478955081107, 
          68.25378353958645
        ], 
        [
          -42.108340692686404, 
          22.201246080657867, 
          69.36877993193768
        ], 
        [
          -40.930293119204784, 
          6.027454947616588, 
          83.24589171522187
        ], 
        [
          -24.566321589438832, 
          6.262687822039827, 
          82.13089532287063
        ]
      ], 
      "cuboid_centroid": [
        -33.48877350569409, 
        11.89001395884702, 
        73.03314464238686
      ], 
      "location": [
        -33.48877350569409, 
        11.89001395884702, 
        73.03314464238686
      ], 
      "pose_transform_permuted": [
        [
          -0.04218450369142063, 
          -0.6523546096083211, 
          -0.7567390111333521, 
          0.0
        ], 
        [
          0.9975841180405841, 
          0.014340319471884022, 
          -0.06797266120017809, 
          0.0
        ], 
        [
          -0.05519415803777067, 
          0.7577782119856834, 
          -0.6501736586161287, 
          0.0
        ], 
        [
          -33.48877350569409, 
          11.89001395884702, 
          73.03314464238686, 
          1.0
        ]
      ], 
      "projected_cuboid": [
        [
          258.62369662307003, 
          423.9986503353047
        ], 
        [
          124.87398395163578, 
          419.4081138279573
        ], 
        [
          196.63362812814134, 
          282.4950959869725
        ], 
        [
          307.2268134972357, 
          284.26466854070577
        ], 
        [
          278.76002945975785, 
          448.60009546666953
        ], 
        [
          155.162749547672, 
          443.97368740562626
        ], 
        [
          217.18955990928035, 
          311.9017740490902
        ], 
        [
          320.7454949267699, 
          313.9535007078383
        ]
      ], 
      "projected_cuboid_centroid": [
        235.00961239405837, 
        360.11255813271754
      ], 
      "quaternion_xyzw": [
        0.937030061038548, 
        0.018551826777197217, 
        -0.029389976232327895, 
        0.34751506978890456
      ], 
      "visibility": 0.358950328022493
    }, 
    {
      "bounding_box": {
        "bottom_right": [
          461, 
          360
        ], 
        "top_left": [
          337, 
          278
        ]
      }, 
      "class": "006_mustard_bottle", 
      "cuboid": [
        [
          -20.37156781229704, 
          24.95118032903801, 
          72.20131584392614
        ], 
        [
          -29.687575848414188, 
          22.847800266394426, 
          71.20439338290927
        ], 
        [
          -27.961938022421545, 
          9.001977070298935, 
          84.29164250945831
        ], 
        [
          -18.645929986304402, 
          11.105357132942514, 
          85.28856497047518
        ], 
        [
          -21.682148941375914, 
          28.7626990455574, 
          76.40656952984104
        ], 
        [
          -30.998156977493057, 
          26.659318982913817, 
          75.40964706882417
        ], 
        [
          -29.27251915150042, 
          12.813495786818324, 
          88.49689619537321
        ], 
        [
          -19.956511115383275, 
          14.916875849461904, 
          89.49381865639008
        ]
      ], 
      "cuboid_centroid": [
        -24.82204348189873, 
        18.882338057928166, 
        80.34910601964967
      ], 
      "location": [
        -24.82204348189873, 
        18.882338057928166, 
        80.34910601964967
      ], 
      "pose_transform_permuted": [
        [
          0.22499632530380506, 
          -0.6543491936636361, 
          -0.7219443385135087, 
          0.0
        ], 
        [
          0.9701749775971914, 
          0.21904733199480406, 
          0.10382013653632434, 
          0.0
        ], 
        [
          -0.09020537286366889, 
          0.723771596331221, 
          -0.6841181674613558, 
          0.0
        ], 
        [
          -24.82204348189873, 
          18.882338057928166, 
          80.34910601964967, 
          1.0
        ]
      ], 
      "projected_cuboid": [
        [
          329.86720063571454, 
          457.59000859235294
        ], 
        [
          257.3846390896418, 
          444.4161373717979
        ], 
        [
          303.20543157419735, 
          330.24272623354256
        ], 
        [
          364.0301921262269, 
          342.72966249827874
        ], 
        [
          328.9939670192972, 
          474.0508277571037
        ], 
        [
          260.54188465877036, 
          461.8292170715244
        ], 
        [
          303.71842942544566, 
          350.5060623464994
        ], 
        [
          361.67936126355346, 
          362.1805211602691
        ]
      ], 
      "projected_cuboid_centroid": [
        315.4670087352233, 
        398.61861896175344
      ], 
      "quaternion_xyzw": [
        0.9241064484735946, 
        0.08366263036289956, 
        0.08895524492423369, 
        0.3620977224365828
      ], 
      "visibility": 0.6991232118135672
    }, 
    {
      "bounding_box": {
        "bottom_right": [
          342, 
          294
        ], 
        "top_left": [
          273, 
          186
        ]
      }, 
      "class": "008_pudding_box", 
      "cuboid": [
        [
          -26.773143156918856, 
          7.091445245908451, 
          68.43711186600125
        ], 
        [
          -38.123584844727965, 
          6.585118900262656, 
          68.72603695322665
        ], 
        [
          -37.67155690154054, 
          -0.19918623971384442, 
          74.59457895342368
        ], 
        [
          -26.32111521373142, 
          0.3071401059319502, 
          74.30565386619827
        ], 
        [
          -26.811251058030884, 
          9.606711088876658, 
          71.34780798141124
        ], 
        [
          -38.16169274584, 
          9.100384743230864, 
          71.63673306863664
        ], 
        [
          -37.70966480265257, 
          2.3160796032543636, 
          77.50527506883368
        ], 
        [
          -26.359223114843456, 
          2.8224059489001583, 
          77.21634998160826
        ]
      ], 
      "cuboid_centroid": [
        -32.24140397978571, 
        4.703762424581407, 
        72.97119346741746
      ], 
      "location": [
        -32.24140397978571, 
        4.703762424581407, 
        72.97119346741746
      ],