{
  "camera_data": {
    "location_worldframe": [
      -17.13177489339454, 
      -0.06714219247890979, 
      87.37237390555588
    ], 
    "quaternion_xyzw_worldframe": [
      0.896348260339754, 
      0.021268910026978147, 
      -0.009852269402143262, 
      -0.44273110292786355
    ]
  }, 
  "objects": [
    {
      "bounding_box": {
        "bottom_right": [
          420, 
          330
        ], 
        "top_left": [
          272, 
          174
        ]
      }, 
      "class": "003_cracker_box", 
      "cuboid": [
        [
          -23.899104025261515, 
          17.008604051608405, 
          68.9231292991887
        ], 
        [
          -40.30264027374974, 
          17.015678546958316, 
          68.96856258219579
        ], 
        [
          -40.27744035229108, 
          -0.7286533853825689, 
          80.82991142561411
        ], 
        [
          -23.87390410380286, 
          -0.7357278807324813, 
          80.78447814260706
        ], 
        [
          -23.880850257107355, 
          20.998757941727185, 
          74.89227800466261
        ], 
        [
          -40.28438650559558, 
          21.005832437077096, 
          74.93771128766969
        ], 
        [
          -40.25918658413693, 
          3.261500504736212, 
          86.79906013108804
        ], 
        [
          -23.855650335648704, 
          3.2544260093862993, 
          86.75362684808096
        ]
      ], 
      "cuboid_centroid": [
        -32.07914530469922, 
        10.135052278172306, 
        77.86109471513836
      ], 
      "location": [
        -32.07914530469922, 
        10.135052278172306, 
        77.86109471513836
      ], 
      "pose_transform_permuted": [
        [
          -0.002542307603143723, 
          -0.5557317528574452, 
          -0.8313577782988757, 
          0.0
        ], 
        [
          0.9999960713344582, 
          -0.0004312769789037163, 
          -0.0027697140315758872, 
          0.0
        ], 
        [
          -0.0011806725626686831, 
          0.8313615536372603, 
          -0.5557306660119997, 
          0.0
        ], 
        [
          -32.07914530469922, 
          10.135052278172306, 
          77.86109471513836, 
          1.0
        ]
      ], 
      "projected_cuboid": [
        [
          295.12732616086777, 
          404.8972427674935
        ], 
        [
          167.3479539744238, 
          404.8652493576915
        ], 
        [
          213.6299543303825, 
          268.4788484403413
        ], 
        [
          322.67388376748687, 
          268.4294404832379
        ], 
        [
          310.1206188521221, 
          422.82196581147787
        ], 
        [
          192.51039737055584, 
          422.7816534180365
        ], 
        [
          232.17107417165317, 
          293.3261799668605
        ], 
        [
          333.7218638990758, 
          293.2931842260542
        ]
      ], 
      "projected_cuboid_centroid": [
        260.0357086975359, 
        342.70788218662653
      ], 
      "quaternion_xyzw": [
        0.9569110987012579, 
        0.00019578505902535356, 
        -0.0013878043743899538, 
        0.2903776590056139
      ], 
      "visibility": 0.3339222614840989
    }, 
    {
      "bounding_box": {
        "bottom_right": [
          430, 
          371
        ], 
        "top_left": [
          313, 
          300
        ]
      }, 
      "class": "006_mustard_bottle", 
      "cuboid": [
        [
          -18.73990184438264, 
          22.898231111637024, 
          79.44592182460865
        ], 
        [
          -28.001658930665506, 
          21.14325231747623, 
          77.61672174890873
        ], 
        [
          -27.34335759291582, 
          5.791697296879714, 
          89.01220916203441
        ], 
        [
          -18.08160050663295, 
          7.546676091040508, 
          90.84140923773431
        ], 
        [
          -20.26449880322265, 
          26.20675488086659, 
          83.99110949584015
        ], 
        [
          -29.526255889505528, 
          24.4517760867058, 
          82.16190942014023
        ], 
        [
          -28.86795455175583, 
          9.100221066109281, 
          93.5573968332659
        ], 
        [
          -19.60619746547296, 
          10.855199860270076, 
          95.38659690896581
        ]
      ], 
      "cuboid_centroid": [
        -23.803928198069237, 
        15.999226088873153, 
        86.50165932893728
      ], 
      "location": [
        -23.803928198069237, 
        15.999226088873153, 
        86.50165932893728
      ], 
      "pose_transform_permuted": [
        [
          0.2617378700923713, 
          -0.5679966495322151, 
          -0.7803031045945285, 
          0.0
        ], 
        [
          0.9645252493191522, 
          0.1827646032192714, 
          0.19049405449016787, 
          0.0
        ], 
        [
          -0.03441180804796301, 
          0.8024816817361214, 
          -0.5956836223574021, 
          0.0
        ], 
        [
          -23.803928198069237, 
          15.999226088873153, 
          86.50165932893728, 
          1.0
        ]
      ], 
      "projected_cuboid": [
        [
          354.74795365483465, 
          427.0021069035907
        ], 
        [
          287.5888158141592, 
          418.5659347242809
        ], 
        [
          316.4031706646513, 
          307.98768310864534
        ], 
        [
          374.55740273737706, 
          317.5922151057122
        ], 
        [
          351.85097620118876, 
          439.6919548550433
        ], 
        [
          288.3425779314822, 
          432.0049894194624
        ], 
        [
          315.66526946228936, 
          325.1619243219945
        ], 
        [
          371.06259293115073, 
          333.97945346770473
        ]
      ], 
      "projected_cuboid_centroid": [
        333.61267010838384, 
        371.9285831742528
      ], 
      "quaternion_xyzw": [
        0.9417151952222341, 
        0.057654483109403167, 
        0.12005538587380911, 
        0.30892574469264084
      ], 
      "visibility": 0.5306414150437735
    }, 
    {
      "bounding_box": {
        "bottom_right": [
          326, 
          310
        ], 
        "top_left": [
          261, 
          214
        ]
      }, 
      "class": "008_pudding_box", 
      "cuboid": [
        [
          -25.151057285103136, 
          5.770106061790488, 
          73.14958395221451
        ], 
        [
          -36.50249850840822, 
          5.4925248945528695, 
          72.65958249086634
        ], 
        [
          -36.53705917862444, 
          -1.9553045602952506, 
          77.67949809507539
        ], 
        [
          -25.18561795531935, 
          -1.6777233930576327, 
          78.16949955642355
        ], 
        [
          -25.341104963901035, 
          7.918266701145008, 
          76.33540474072475
        ], 
        [
          -36.69254618720612, 
          7.640685533907389, 
          75.8454032793766
        ], 
        [
          -36.727106857422335, 
          0.19285607905926877, 
          80.86531888358563
        ], 
        [
          -25.37566563411725, 
          0.47043724629688666, 
          81.3553203449338
        ]
      ], 
      "cuboid_centroid": [
        -30.939082071262735, 
        2.981481070424878, 
        77.00745141790007
      ], 
      "location": [
        -30.939082071262735, 
        2.981481070424878, 
        77.00745141790007
      ],