{
  "camera_data": {
    "location_worldframe": [
      -12.25756943945766, 
      3.903947754626917, 
      82.43256391367905
    ], 
    "quaternion_xyzw_worldframe": [
      0.9247888235194837, 
      0.0046392690481198914, 
      0.0835288952156618, 
      -0.37117239614311637
    ]
  }, 
  "objects": [
    {
      "bounding_box": {
        "bottom_right": [
          479, 
          361
        ], 
        "top_left": [
          298, 
          209
        ]
      }, 
      "class": "003_cracker_box", 
      "cuboid": [
        [
          -14.089872887885472, 
          18.450074075695376, 
          60.91961706942551
        ], 
        [
          -30.19545081339817, 
          20.10045905227833, 
          58.28054435321184
        ], 
        [
          -34.09633089729842, 
          4.532555858045871, 
          72.3509768928473
        ], 
        [
          -17.990752971785724, 
          2.8821708814629186, 
          74.99004960906097
        ], 
        [
          -14.456204791708219, 
          23.308478952521778, 
          66.19352458890418
        ], 
        [
          -30.56178271722092, 
          24.95886392910473, 
          63.55445187269051
        ], 
        [
          -34.46266280112117, 
          9.390960734872273, 
          77.62488441232597
        ], 
        [
          -18.35708487560847, 
          7.74057575828932, 
          80.26395712853964
        ]
      ], 
      "cuboid_centroid": [
        -24.276267844503323, 
        13.920517405283825, 
        69.27225074087573
      ], 
      "location": [
        -24.276267844503323, 
        13.920517405283825, 
        69.27225074087573
      ], 
      "pose_transform_permuted": [
        [
          0.05102115774110162, 
          -0.6766580770170554, 
          -0.7345275272379777, 
          0.0
        ], 
        [
          0.9818318689403323, 
          -0.10061114065721445, 
          0.16088374532185729, 
          0.0
        ], 
        [
          0.1827649380923257, 
          0.7293910098042302, 
          -0.659231167513243, 
          0.0
        ], 
        [
          -24.276267844503323, 
          13.920517405283825, 
          69.27225074087573, 
          1.0
        ]
      ], 
      "projected_cuboid": [
        [
          357.2196186318301, 
          434.8073466942173
        ], 
        [
          202.9787560785888, 
          457.2238804046786
        ], 
        [
          228.16884070509963, 
          306.69729350575955
        ], 
        [
          352.5828911929006, 
          293.78416641538274
        ], 
        [
          364.15315265519814, 
          461.08237385079565
        ], 
        [
          222.99949518028163, 
          482.729787271974
        ], 
        [
          242.8491449863028, 
          337.8068693495989
        ], 
        [
          358.60562846955395, 
          324.7193452414159
        ]
      ], 
      "projected_cuboid_centroid": [
        293.13916287959364, 
        380.4590992987173
      ], 
      "quaternion_xyzw": [
        0.9281366286790083, 
        -0.07632930055590567, 
        0.05707804662460026, 
        0.35983097834195854
      ], 
      "visibility": 0.5008320924936498
    }, 
    {
      "bounding_box": {
        "bottom_right": [
          475, 
          400
        ], 
        "top_left": [
          349, 
          332
        ]
      }, 
      "class": "006_mustard_bottle", 
      "cuboid": [
        [
          -9.844519286531856, 
          25.37895052165544, 
          71.21538447563486
        ], 
        [
          -18.882572964913496, 
          24.290550385204078, 
          68.16005492550933
        ], 
        [
          -21.799027881268422, 
          10.93696051335622, 
          81.54424947877781
        ], 
        [
          -12.760974202886782, 
          12.025360649807583, 
          84.59957902890336
        ], 
        [
          -11.600186768359416, 
          29.497330145361456, 
          74.94178184487403
        ], 
        [
          -20.638240446741058, 
          28.408930008910094, 
          71.88645229474848
        ], 
        [
          -23.554695363095984, 
          15.055340137062235, 
          85.27064684801698
        ], 
        [
          -14.516641684714344, 
          16.143740273513597, 
          88.32597639814252
        ]
      ], 
      "cuboid_centroid": [
        -16.69960732481392, 
        20.21714532935884, 
        78.24301566182592
      ], 
      "location": [
        -16.69960732481392, 
        20.21714532935884, 
        78.24301566182592
      ], 
      "pose_transform_permuted": [
        [
          0.30140730940038835, 
          -0.7070300807636262, 
          -0.6397358363383836, 
          0.0
        ], 
        [
          0.9412286347276249, 
          0.11334667959760464, 
          0.3181839545815322, 
          0.0
        ], 
        [
          0.15245371839165905, 
          0.6980407680653654, 
          -0.6996405862064253, 
          0.0
        ], 
        [
          -16.69960732481392, 
          20.21714532935884, 
          78.24301566182592, 
          1.0
        ]
      ], 
      "projected_cuboid": [
        [
          407.25880239533495, 
          463.34506835644424
        ], 
        [
          332.6187809311252, 
          463.34838902590076
        ], 
        [
          337.8379089777809, 
          344.8169678943434
        ], 
        [
          400.4809118216356, 
          349.0949569222311
        ], 
        [
          398.35694736738776, 
          483.20286810485425
        ], 
        [
          327.20771270508413, 
          484.050016036632
        ], 
        [
          333.04808905715004, 
          367.44916044528225
        ], 
        [
          393.21392434987536, 
          370.7637828938908
        ]
      ], 
      "projected_cuboid_centroid": [
        366.82071679834047, 
        411.0905250691244
      ], 
      "quaternion_xyzw": [
        0.90540118719982, 
        -0.010798262512500876, 
        0.1710819669615637, 
        0.38841087433310445
      ], 
      "visibility": 0.31459820750417744
    }, 
    {
      "bounding_box": {
        "bottom_right": [
          362, 
          341
        ], 
        "top_left": [
          287, 
          246
        ]
      }, 
      "class": "008_pudding_box", 
      "cuboid": [
        [
          -17.322879680968544, 
          8.199038006940071, 
          66.4148736008795
        ], 
        [
          -28.42642438719399, 
          8.981475465057942, 
          64.11890819093423
        ], 
        [
          -30.114106126961083, 
          2.458175374366372, 
          70.05769569124526
        ], 
        [
          -19.010561420735637, 
          1.6757379162484993, 
          72.35366110119054
        ], 
        [
          -17.71220245630864, 
          10.830202115026957, 
          69.1943644826975
        ], 
        [
          -28.815747162534084, 
          11.61263957314483, 
          66.89839907275223
        ], 
        [
          -30.503428902301177, 
          5.089339482453259, 
          72.83718657306325
        ], 
        [
          -19.399884196075735, 
          4.306902024335387, 
          75.13315198300853
        ]
      ], 
      "cuboid_centroid": [
        -23.91315429163486, 
        6.644188744696665, 
        69.62603008697138
      ], 
      "location": [
        -23.91315429163486, 
        6.644188744696665, 
        69.62603008697138
      ],