{
  "camera_data": {
    "location_worldframe": [
      -9.578255353337612, 
      8.117595249628073, 
      84.278177118671
    ], 
    "quaternion_xyzw_worldframe": [
      0.9371001639985546, 
      -0.04586211496025655, 
      0.18646193811522074, 
      -0.29150621406802246
    ]
  }, 
  "objects": [
    {
      "bounding_box": {
        "bottom_right": [
          523, 
          431
        ], 
        "top_left": [
          327, 
          263
        ]
      }, 
      "class": "003_cracker_box", 
      "cuboid": [
        [
          -5.61851809564433, 
          19.14206283450157, 
          61.02874257066762
        ], 
        [
          -20.590329057470633, 
          23.06847341752339, 
          55.59677311714264
        ], 
        [
          -29.30125315667423, 
          10.839411753668958, 
          70.76659181434385
        ], 
        [
          -14.329442194847926, 
          6.91300117064714, 
          76.19856126786883
        ], 
        [
          -5.759302024127723, 
          24.770118703409977, 
          65.48492530445098
        ], 
        [
          -20.731112985954024, 
          28.696529286431794, 
          60.05295585092602
        ], 
        [
          -29.44203708515762, 
          16.467467622577367, 
          75.22277454812722
        ], 
        [
          -14.470226123331317, 
          12.541057039555547, 
          80.6547440016522
        ]
      ], 
      "cuboid_centroid": [
        -17.530277590400974, 
        17.80476522853947, 
        68.12575855939743
      ], 
      "location": [
        -17.530277590400974, 
        17.80476522853947, 
        68.12575855939743
      ], 
      "pose_transform_permuted": [
        [
          0.01960778995115486, 
          -0.7838518110676169, 
          -0.6206382785965173, 
          0.0
        ], 
        [
          0.9127149119427405, 
          -0.23936272630419697, 
          0.33114494526351695, 
          0.0
        ], 
        [
          0.40812623548430077, 
          0.572958832327628, 
          -0.7107398626552291, 
          0.0
        ], 
        [
          -17.530277590400974, 
          17.80476522853947, 
          68.12575855939743, 
          1.0
        ]
      ], 
      "projected_cuboid": [
        [
          432.0886450754956, 
          440.56570091209903
        ], 
        [
          282.43554476227274, 
          494.57399654501086
        ], 
        [
          258.9332496208648, 
          354.97579855022536
        ], 
        [
          380.4684089352033, 
          321.6711641665733
        ], 
        [
          434.30152159105666, 
          475.0183002241951
        ], 
        [
          295.95347412144696, 
          528.1352930616961
        ], 
        [
          271.1173540004428, 
          390.03871870216005
        ], 
        [
          385.1171033545173, 
          356.2127365039216
        ]
      ], 
      "projected_cuboid_centroid": [
        343.2183895854056, 
        412.6703800250541
      ], 
      "quaternion_xyzw": [
        0.8812366343478474, 
        -0.18368759778911917, 
        0.09950583122155487, 
        0.4240040686769984
      ], 
      "visibility": 0.6328010319825631
    }, 
    {
      "bounding_box": {
        "bottom_right": [
          498, 
          447
        ], 
        "top_left": [
          381, 
          364
        ]
      }, 
      "class": "006_mustard_bottle", 
      "cuboid": [
        [
          -1.5652308986449217, 
          26.79925936934199, 
          70.87627061266984
        ], 
        [
          -10.13995083657484, 
          26.792581563471845, 
          66.55421077930549
        ], 
        [
          -17.374102006585527, 
          16.439592608821677, 
          80.92234956408606
        ], 
        [
          -8.799382068655612, 
          16.446270414691817, 
          85.24440939745041
        ], 
        [
          -2.987160919660055, 
          31.697423709234695, 
          73.68973067101712
        ], 
        [
          -11.561880857589973, 
          31.690745903364547, 
          69.36767083765277
        ], 
        [
          -18.796032027600663, 
          21.337756948714382, 
          83.73580962243334
        ], 
        [
          -10.221312089670745, 
          21.344434754584523, 
          88.05786945579769
        ]
      ], 
      "cuboid_centroid": [
        -10.180631463122793, 
        24.068508159028184, 
        77.30604011755159
      ], 
      "location": [
        -10.180631463122793, 
        24.068508159028184, 
        77.30604011755159
      ], 
      "pose_transform_permuted": [
        [
          0.2441123425853275, 
          -0.8409009963271584, 
          -0.4830057143902847, 
          0.0
        ], 
        [
          0.8929767655235568, 
          0.0006954309330076791, 
          0.4501020486190632, 
          0.0
        ], 
        [
          0.37815542393293866, 
          0.5411884318022873, 
          -0.7510749341001075, 
          0.0
        ], 
        [
          -10.180631463122793, 
          24.068508159028184, 
          77.30604011755159, 
          1.0
        ]
      ], 
      "projected_cuboid": [
        [
          469.7210935593594, 
          474.94175647141515
        ], 
        [
          399.66535301211894, 
          487.9838240613833
        ], 
        [
          366.13864567139353, 
          381.6318433867954
        ], 
        [
          426.0862023060266, 
          376.1803012708049
        ], 
        [
          459.7977268747469, 
          502.6924083282659
        ], 
        [
          391.96506289135993, 
          516.9345542903674
        ], 
        [
          360.8861122517802, 
          409.1882948642735
        ], 
        [
          419.1761419285984, 
          402.55840336596896
        ]
      ], 
      "projected_cuboid_centroid": [
        410.7775410169272, 
        439.3305717905073
      ], 
      "quaternion_xyzw": [
        0.8539863745570138, 
        -0.11049941903222106, 
        0.20322759586313627, 
        0.4660425440783724
      ], 
      "visibility": 0.19429728887503894
    }, 
    {
      "bounding_box": {
        "bottom_right": [
          399, 
          387
        ], 
        "top_left": [
          315, 
          286
        ]
      }, 
      "class": "008_pudding_box", 
      "cuboid": [
        [
          -11.485028781161436, 
          10.601258043138682, 
          67.22331878487695
        ], 
        [
          -21.810271026792453, 
          12.886644168802421, 
          63.059335906869585
        ], 
        [
          -25.517837810914468, 
          7.778299877341281, 
          69.4491463769056
        ], 
        [
          -15.192595565283455, 
          5.492913751677541, 
          73.61312925491296
        ], 
        [
          -11.73631692385114, 
          13.669518850483797, 
          69.53043738534942
        ], 
        [
          -22.061559169482155, 
          15.954904976147535, 
          65.36645450734204
        ], 
        [
          -25.769125953604178, 
          10.846560684686395, 
          71.75626497737807
        ], 
        [
          -15.443883707973157, 
          8.561174559022657, 
          75.92024785538543
        ]
      ], 
      "cuboid_centroid": [
        -18.627077367382803, 
        10.723909363912538, 
        69.4897918811275
      ], 
      "location": [
        -18.627077367382803, 
        10.723909363912538, 
        69.4897918811275
      ],