{
  "camera_data": {
    "location_worldframe": [
      -20.313445487929517, 
      -5.040071573042986, 
      97.78598493286009
    ], 
    "quaternion_xyzw_worldframe": [
      0.9570101596128266, 
      0.002261926123472324, 
      0.02499554452374857, 
      -0.28896687286633177
    ]
  }, 
  "objects": [
    {
      "bounding_box": {
        "bottom_right": [
          352, 
          328
        ], 
        "top_left": [
          234, 
          184
        ]
      }, 
      "class": "003_cracker_box", 
      "cuboid": [
        [
          -25.047056099591348, 
          5.45057857661317, 
          74.43449429278655
        ], 
        [
          -41.394520549460026, 
          6.370745999229024, 
          73.43859587337194
        ], 
        [
          -43.150955511475985, 
          -6.524316066948891, 
          90.35562450372021
        ], 
        [
          -26.803491061607303, 
          -7.444483489564744, 
          91.35152292313484
        ], 
        [
          -24.991186608433715, 
          11.157847708295844, 
          78.79068014665489
        ], 
        [
          -41.338651058302396, 
          12.078015130911696, 
          77.79478172724026
        ], 
        [
          -43.09508602031835, 
          -0.8170469352662177, 
          94.71181035758855
        ], 
        [
          -26.74762157044967, 
          -1.7372143578820713, 
          95.70770877700316
        ]
      ], 
      "cuboid_centroid": [
        -34.071071059954846, 
        2.316765820673476, 
        84.57315232518755
      ], 
      "location": [
        -34.071071059954846, 
        2.316765820673476, 
        84.57315232518755
      ], 
      "pose_transform_permuted": [
        [
          -0.007781266363980022, 
          -0.7948842991829534, 
          -0.6067111362140949, 
          0.0
        ], 
        [
          0.9965778097180116, 
          -0.05609545366601132, 
          0.06071218374968429, 
          0.0
        ], 
        [
          0.08229289806188539, 
          0.6041624375864736, 
          -0.7926005475257679, 
          0.0
        ], 
        [
          -34.071071059954846, 
          2.316765820673476, 
          84.57315232518755, 
          1.0
        ]
      ], 
      "projected_cuboid": [
        [
          300.64056968810485, 
          312.339672178689
        ], 
        [
          178.48011237938428, 
          319.55163279147934
        ], 
        [
          224.77817889229027, 
          234.77708663943585
        ], 
        [
          323.81148891931866, 
          229.82487796160365
        ], 
        [
          311.02662985999956, 
          348.8119513653442
        ], 
        [
          195.83961093486545, 
          356.08697590460133
        ], 
        [
          236.90755762843415, 
          268.68576929902645
        ], 
        [
          331.30710158812707, 
          263.60612196203925
        ]
      ], 
      "projected_cuboid_centroid": [
        264.9538961649062, 
        287.8960984366952
      ], 
      "quaternion_xyzw": [
        0.8954679479912416, 
        -0.03863576357990712, 
        0.014777446111957871, 
        0.44319979577991775
      ], 
      "visibility": 0.6055687909469922
    }, 
    {
      "bounding_box": {
        "bottom_right": [
          375, 
          364
        ], 
        "top_left": [
          288, 
          298
        ]
      }, 
      "class": "006_mustard_bottle", 
      "cuboid": [
        [
          -19.922230234183143, 
          14.150378049534407, 
          82.80613551396861
        ], 
        [
          -29.20157253596052, 
          12.406113447298877, 
          81.05758890205384
        ], 
        [
          -30.134521298483392, 
          1.583723008386119, 
          96.80453169672441
        ], 
        [
          -20.855178996706016, 
          3.327987610621651, 
          98.5530783086392
        ], 
        [
          -21.39325008190988, 
          18.835560605934496, 
          85.93896513046143
        ], 
        [
          -30.67259238368726, 
          17.091296003698965, 
          84.19041851854662
        ], 
        [
          -31.605541146210133, 
          6.268905564786207, 
          99.93736131321721
        ], 
        [
          -22.326198844432753, 
          8.01317016702174, 
          101.68590792513199
        ]
      ], 
      "cuboid_centroid": [
        -25.763885690196638, 
        10.209641807160308, 
        91.37174841359291
      ], 
      "location": [
        -25.763885690196638, 
        10.209641807160308, 
        91.37174841359291
      ], 
      "pose_transform_permuted": [
        [
          0.252539925109482, 
          -0.8043369732543026, 
          -0.5378340461908089, 
          0.0
        ], 
        [
          0.9663565847991433, 
          0.18164882048585557, 
          0.18209475168605757, 
          0.0
        ], 
        [
          0.04876862903585493, 
          0.5657257566527724, 
          -0.8231500404431812, 
          0.0
        ], 
        [
          -25.763885690196638, 
          10.209641807160308, 
          91.37174841359291, 
          1.0
        ]
      ], 
      "projected_cuboid": [
        [
          352.2170599018263, 
          364.4231871711412
        ], 
        [
          287.86375940733495, 
          354.9127415498926
        ], 
        [
          314.1951823856806, 
          282.01165115420645
        ], 
        [
          367.7988494831011, 
          291.2959294256788
        ], 
        [
          347.72857184012497, 
          390.1761620989964
        ], 
        [
          285.676716076813, 
          381.55447417822927
        ], 
        [
          311.5273117158699, 
          306.7407943157866
        ], 
        [
          363.52538504965014, 
          315.31380272791307
        ]
      ], 
      "projected_cuboid_centroid": [
        329.9649626354091, 
        332.87828277627835
      ], 
      "quaternion_xyzw": [
        0.876058843292322, 
        0.03791988188562277, 
        0.12403124519642324, 
        0.4644342746376532
      ], 
      "visibility": 0.7408123791102514
    }, 
    {
      "bounding_box": {
        "bottom_right": [
          267, 
          313
        ], 
        "top_left": [
          220, 
          227
        ]
      }, 
      "class": "008_pudding_box", 
      "cuboid": [
        [
          -27.284892373809544, 
          -3.7158443362189377, 
          81.9646012677639
        ], 
        [
          -38.59604522386444, 
          -3.515342237914519, 
          80.87373432173023
        ], 
        [
          -39.379981737135225, 
          -8.911882442249036, 
          88.01051987742493
        ], 
        [
          -28.06882888708034, 
          -9.112384540553457, 
          89.10138682345858
        ], 
        [
          -27.452820961258574, 
          -0.6413323476820547, 
          84.27097122313812
        ], 
        [
          -38.76397381131346, 
          -0.44083024937763626, 
          83.18010427710445
        ], 
        [
          -39.54791032458426, 
          -5.837370453712154, 
          90.31688983279913
        ], 
        [
          -28.236757474529366, 
          -6.037872552016572, 
          91.4077567788328
        ]
      ], 
      "cuboid_centroid": [
        -33.4164013491969, 
        -4.776607394965546, 
        86.14074555028152
      ], 
      "location": [
        -33.4164013491969, 
        -4.776607394965546, 
        86.14074555028152
      ],