{
  "camera_data": {
    "location_worldframe": [
      -17.06071936278903, 
      0.060326032480172154, 
      88.62415177994359
    ], 
    "quaternion_xyzw_worldframe": [
      0.8925186791468841, 
      0.02962894824317842, 
      0.018335248789797687, 
      -0.4496651116214394
    ]
  }, 
  "objects": [
    {
      "bounding_box": {
        "bottom_right": [
          423, 
          333
        ], 
        "top_left": [
          274, 
          185
        ]
      }, 
      "class": "003_cracker_box", 
      "cuboid": [
        [
          -22.59212615916344, 
          17.514924543939674, 
          70.11760314001978
        ], 
        [
          -38.970223288929894, 
          17.69245625804231, 
          69.22064573546825
        ], 
        [
          -39.796232205652956, 
          -0.24898693261971444, 
          80.75216222950046
        ], 
        [
          -23.418135075886497, 
          -0.4265186467223528, 
          81.64911963405197
        ], 
        [
          -22.8801661218838, 
          21.40327816394948, 
          76.14671058976516
        ], 
        [
          -39.258263251650256, 
          21.580809878052115, 
          75.24975318521365
        ], 
        [
          -40.08427216837332, 
          3.63936668739009, 
          86.78126967924584
        ], 
        [
          -23.706175038606858, 
          3.4618349732874516, 
          87.67822708379737
        ]
      ], 
      "cuboid_centroid": [
        -31.338199163768376, 
        10.577145615664882, 
        78.44943640963281
      ], 
      "location": [
        -31.338199163768376, 
        10.577145615664882, 
        78.44943640963281
      ], 
      "pose_transform_permuted": [
        [
          0.04011698741043096, 
          -0.5415534419183307, 
          -0.8397085785363398, 
          0.0
        ], 
        [
          0.9984452460493115, 
          -0.010822728340437682, 
          0.05468051931720114, 
          0.0
        ], 
        [
          0.03870036127274584, 
          0.8405966560114775, 
          -0.5402772843084193, 
          0.0
        ], 
        [
          -31.338199163768376, 
          10.577145615664882, 
          78.44943640963281, 
          1.0
        ]
      ], 
      "projected_cuboid": [
        [
          308.3277046268392, 
          406.5063264330537
        ], 
        [
          178.8436979191947, 
          409.6003977635613
        ], 
        [
          216.57652804470223, 
          271.6421286745685
        ], 
        [
          327.35865888053996, 
          270.5005833023867
        ], 
        [
          320.01254408573135, 
          423.19173152800806
        ], 
        [
          201.04224352660154, 
          426.23678753680605
        ], 
        [
          233.203846314551, 
          295.6524878217615
        ], 
        [
          336.1980531780166, 
          294.3438112221044
        ]
      ], 
      "projected_cuboid_centroid": [
        266.7764576968891, 
        345.19271282546816
      ], 
      "quaternion_xyzw": [
        0.9590034515836126, 
        -0.01291003946112121, 
        0.024712504050713263, 
        0.28201950796952596
      ], 
      "visibility": 0.38195839895725847
    }, 
    {
      "bounding_box": {
        "bottom_right": [
          430, 
          372
        ], 
        "top_left": [
          314, 
          305
        ]
      }, 
      "class": "006_mustard_bottle", 
      "cuboid": [
        [
          -17.99243434404552, 
          23.1718507326333, 
          81.02065533689637
        ], 
        [
          -27.149564000370436, 
          21.544770266506546, 
          78.63200437365182
        ], 
        [
          -27.294044784591758, 
          5.9968893012729465, 
          89.77665593295634
        ], 
        [
          -18.136915128266843, 
          7.623969767399695, 
          92.1653068962009
        ], 
        [
          -19.74508080892552, 
          26.418859746845925, 
          85.52782953099424
        ], 
        [
          -28.902210465250434, 
          24.791779280719172, 
          83.13917856774968
        ], 
        [
          -29.046691249471756, 
          9.243898315485573, 
          94.28383012705422
        ], 
        [
          -19.889561593146844, 
          10.87097878161232, 
          96.67248109029876
        ]
      ], 
      "cuboid_centroid": [
        -23.51956279675864, 
        16.207874524059434, 
        87.65224273197529
      ], 
      "location": [
        -23.51956279675864, 
        16.207874524059434, 
        87.65224273197529
      ], 
      "pose_transform_permuted": [
        [
          0.30088867099121225, 
          -0.5574359955416425, 
          -0.7737770739068285, 
          0.0
        ], 
        [
          0.9536292824928054, 
          0.16944519032760272, 
          0.24875562427264455, 
          0.0
        ], 
        [
          0.007552536700348916, 
          0.8127443537592113, 
          -0.5825715188900952, 
          0.0
        ], 
        [
          -23.51956279675864, 
          16.207874524059434, 
          87.65224273197529, 
          1.0
        ]
      ], 
      "projected_cuboid": [
        [
          362.1746361076486, 
          425.8155655811937
        ], 
        [
          295.9212907034031, 
          419.4133980249715
        ], 
        [
          318.1051787712196, 
          308.9111496273268
        ], 
        [
          375.7722128895762, 
          317.40305552353243
        ], 
        [
          357.4480751880171, 
          438.0246746243028
        ], 
        [
          294.6506848381148, 
          432.32036078123224
        ], 
        [
          315.92427696154175, 
          325.57495254677224
        ], 
        [
          370.95658036907616, 
          333.2591983195556
        ]
      ], 
      "projected_cuboid_centroid": [
        337.2998532776137, 
        371.90326033608534
      ], 
      "quaternion_xyzw": [
        0.9407644112846272, 
        0.0430215715234665, 
        0.14606321430497932, 
        0.3029471302159063
      ], 
      "visibility": 0.3827795116577933
    }, 
    {
      "bounding_box": {
        "bottom_right": [
          328, 
          315
        ], 
        "top_left": [
          264, 
          222
        ]
      }, 
      "class": "008_pudding_box", 
      "cuboid": [
        [
          -24.191706587599636, 
          6.220376035388357, 
          74.06822386627908
        ], 
        [
          -35.49816736594969, 
          6.069566433734865, 
          72.9221123034898
        ], 
        [
          -35.8922661754809, 
          -1.4612279382460993, 
          77.80091676330127
        ], 
        [
          -24.585805397130844, 
          -1.3104183365926072, 
          78.94702832609056
        ], 
        [
          -24.54471295690826, 
          8.316283097258125, 
          77.27489292317044
        ], 
        [
          -35.851173735258314, 
          8.165473495604633, 
          76.12878136038115
        ], 
        [
          -36.24527254478952, 
          0.6346791236236691, 
          81.00758582019265
        ], 
        [
          -24.938811766439468, 
          0.7854887252771611, 
          82.15369738298193
        ]
      ], 
      "cuboid_centroid": [
        -30.218489566194577, 
        3.427527579506013, 
        77.53790484323586
      ], 
      "location": [
        -30.218489566194577, 
        3.427527579506013, 
        77.53790484323586
      ],