{
  "camera_data": {
    "location_worldframe": [
      -9.800442290253866, 
      7.740956444672185, 
      85.3932016745905
    ], 
    "quaternion_xyzw_worldframe": [
      0.9378488683816087, 
      -0.04769066257046667, 
      0.19216203593371983, 
      -0.2850337430698685
    ]
  }, 
  "objects": [
    {
      "bounding_box": {
        "bottom_right": [
          515, 
          432
        ], 
        "top_left": [
          323, 
          265
        ]
      }, 
      "class": "003_cracker_box", 
      "cuboid": [
        [
          -5.538211578812058, 
          18.43895451448863, 
          62.04493214631335
        ], 
        [
          -20.425719790815165, 
          22.432613655469396, 
          56.43325667544396
        ], 
        [
          -29.37961545473589, 
          10.472573843325726, 
          71.6759187552106
        ], 
        [
          -14.492107242732786, 
          6.478914702344958, 
          77.28759422607997
        ], 
        [
          -5.666217459163214, 
          24.123088137143366, 
          66.42975106952376
        ], 
        [
          -20.55372567116632, 
          28.116747278124137, 
          60.818075598654374
        ], 
        [
          -29.507621335087048, 
          16.156707465980467, 
          76.060737678421
        ], 
        [
          -14.620113123083941, 
          12.163048324999698, 
          81.6724131492904
        ]
      ], 
      "cuboid_centroid": [
        -17.522916456949552, 
        17.297830990234548, 
        69.05283491236717
      ], 
      "location": [
        -17.522916456949552, 
        17.297830990234548, 
        69.05283491236717
      ], 
      "pose_transform_permuted": [
        [
          0.017828117466790295, 
          -0.7916620833638639, 
          -0.6106990289754664, 
          0.0
        ], 
        [
          0.9075756287205843, 
          -0.24346234804082417, 
          0.3421002239678966, 
          0.0
        ], 
        [
          0.4195099955662878, 
          0.5603545581597741, 
          -0.714152737703594, 
          0.0
        ], 
        [
          -17.522916456949552, 
          17.297830990234548, 
          69.05283491236717, 
          1.0
        ]
      ], 
      "projected_cuboid": [
        [
          433.5955513823871, 
          431.78224739068634
        ], 
        [
          286.95621743304514, 
          485.2847969686774
        ], 
        [
          261.170176448572, 
          351.20990211613616
        ], 
        [
          380.76156121225983, 
          317.9939987719543
        ], 
        [
          435.72774372796147, 
          466.9545120889638
        ], 
        [
          299.85744663856536, 
          519.8450124299324
        ], 
        [
          272.9725212719378, 
          386.57348147132797
        ], 
        [
          385.3323639134505, 
          352.71105371016756
        ]
      ], 
      "projected_cuboid_centroid": [
        345.1335340456017, 
        406.8838338083816
      ], 
      "quaternion_xyzw": [
        0.8773011478186703, 
        -0.18892382201241062, 
        0.10256692993324358, 
        0.429104311789495
      ], 
      "visibility": 0.6479029719470419
    }, 
    {
      "bounding_box": {
        "bottom_right": [
          491, 
          447
        ], 
        "top_left": [
          377, 
          365
        ]
      }, 
      "class": "006_mustard_bottle", 
      "cuboid": [
        [
          -1.5007193989074075, 
          26.181168927563835, 
          71.83230427036533
        ], 
        [
          -10.037271025188666, 
          26.198216809730074, 
          67.43536630039645
        ], 
        [
          -17.490389536258025, 
          16.090700337606876, 
          81.866231513893
        ], 
        [
          -8.953837909976766, 
          16.073652455440634, 
          86.26316948386187
        ], 
        [
          -2.9021625095861037, 
          31.126629015625184, 
          74.57234772076892
        ], 
        [
          -11.438714135867363, 
          31.14367689779143, 
          70.17540975080003
        ], 
        [
          -18.89183264693672, 
          21.03616042566823, 
          84.60627496429657
        ], 
        [
          -10.355281020655463, 
          21.01911254350199, 
          89.00321293426545
        ]
      ], 
      "cuboid_centroid": [
        -10.196276022922063, 
        23.60866467661603, 
        78.21928961733096
      ], 
      "location": [
        -10.196276022922063, 
        23.60866467661603, 
        78.21928961733096
      ], 
      "pose_transform_permuted": [
        [
          0.24059521614404694, 
          -0.8490205772552917, 
          -0.47040178882085887, 
          0.0
        ], 
        [
          0.8890018933728351, 
          -0.0017753772468412433, 
          0.4578999051925204, 
          0.0
        ], 
        [
          0.3896016441928599, 
          0.5283566912825878, 
          -0.7543538729397078, 
          0.0
        ], 
        [
          -10.196276022922063, 
          23.60866467661603, 
          78.21928961733096, 
          1.0
        ]
      ], 
      "projected_cuboid": [
        [
          470.36211149841347, 
          467.6688599911461
        ], 
        [
          401.5547487239749, 
          480.47785072011004
        ], 
        [
          366.70595983494263, 
          378.1098019608942
        ], 
        [
          425.7789038551809, 
          372.66143550565823
        ], 
        [
          460.6686872189995, 
          495.8950694212032
        ], 
        [
          393.9405966419677, 
          509.97247740849485
        ], 
        [
          361.5191217819133, 
          405.888952098746
        ], 
        [
          419.02969267431894, 
          399.23597251035613
        ]
      ], 
      "projected_cuboid_centroid": [
        411.4968369546139, 
        434.25659109951465
      ], 
      "quaternion_xyzw": [
        0.8496705793241698, 
        -0.11515551760983753, 
        0.2055193913775831, 
        0.471763554373722
      ], 
      "visibility": 0.18496362166531932
    }, 
    {
      "bounding_box": {
        "bottom_right": [
          393, 
          388
        ], 
        "top_left": [
          311, 
          288
        ]
      }, 
      "class": "008_pudding_box", 
      "cuboid": [
        [
          -11.536198191736851, 
          10.029280189368798, 
          68.29279526297697
        ], 
        [
          -21.803533385868295, 
          12.355906634638398, 
          64.01015495842181
        ], 
        [
          -25.613055045972494, 
          7.361224490113423, 
          70.4297815595701
        ], 
        [
          -15.34571985184105, 
          5.034598044843823, 
          74.71242186412526
        ], 
        [
          -11.779439433385464, 
          13.128168460209046, 
          70.55948702243667
        ], 
        [
          -22.046774627516907, 
          15.454794905478646, 
          66.27684671788151
        ], 
        [
          -25.856296287621106, 
          10.460112760953674, 
          72.6964733190298
        ], 
        [
          -15.588961093489662, 
          8.133486315684074, 
          76.97911362358496
        ]
      ], 
      "cuboid_centroid": [
        -18.69624723967898, 
        10.244696475161236, 
        70.4946342910034
      ], 
      "location": [
        -18.69624723967898, 
        10.244696475161236, 
        70.4946342910034
      ],