{
  "camera_data": {
    "location_worldframe": [
      -11.346063161269662, 
      4.7048593406359, 
      81.93003391018237
    ], 
    "quaternion_xyzw_worldframe": [
      0.9299813175107693, 
      -0.0025434264704785555, 
      0.1057492645136212, 
      -0.35205846099160354
    ]
  }, 
  "objects": [
    {
      "bounding_box": {
        "bottom_right": [
          491, 
          376
        ], 
        "top_left": [
          304, 
          222
        ]
      }, 
      "class": "003_cracker_box", 
      "cuboid": [
        [
          -11.945646188225984, 
          18.46663045032568, 
          59.83915460047319
        ], 
        [
          -27.88609112701374, 
          20.53459652594844, 
          56.56748115241861
        ], 
        [
          -32.79112144042623, 
          5.652248492123762, 
          71.05920091823711
        ], 
        [
          -16.850676501638475, 
          3.5842824165010017, 
          74.3308743662917
        ], 
        [
          -12.329585944649232, 
          23.533084532490083, 
          64.91222377324227
        ], 
        [
          -28.270030883436988, 
          25.601050608112846, 
          61.64055032518768
        ], 
        [
          -33.175061196849484, 
          10.718702574288166, 
          76.13227009100619
        ], 
        [
          -17.234616258061724, 
          8.650736498665406, 
          79.40394353906078
        ]
      ], 
      "cuboid_centroid": [
        -22.56035369253773, 
        14.592666512306923, 
        67.98571234573969
      ], 
      "location": [
        -22.56035369253773, 
        14.592666512306923, 
        67.98571234573969
      ], 
      "pose_transform_permuted": [
        [
          0.05347350495857729, 
          -0.7056342901524455, 
          -0.7065556119857087, 
          0.0
        ], 
        [
          0.971764994610848, 
          -0.12606781366830488, 
          0.19944849361645214, 
          0.0
        ], 
        [
          0.2298116174531292, 
          0.6972712204859368, 
          -0.6789694143079117, 
          0.0
        ], 
        [
          -22.56035369253773, 
          14.592666512306923, 
          67.98571234573969, 
          1.0
        ]
      ], 
      "projected_cuboid": [
        [
          374.2436358454587, 
          437.8713440352525
        ], 
        [
          216.49535163695685, 
          466.88721166704835
        ], 
        [
          233.43940637547112, 
          315.70827606525785
        ], 
        [
          359.6869264366253, 
          299.0035502005577
        ], 
        [
          379.45286127639935, 
          466.63463336393374
        ], 
        [
          234.9638818257386, 
          494.7891294903076
        ], 
        [
          247.26339982161574, 
          348.37288418156203
        ], 
        [
          364.8754546413325, 
          331.3895361193313
        ]
      ], 
      "projected_cuboid_centroid": [
        303.1456559050255, 
        387.7599258915459
      ], 
      "quaternion_xyzw": [
        0.9186391874782086, 
        -0.09684962169379369, 
        0.06883061435397048, 
        0.37680836048952077
      ], 
      "visibility": 0.5323466323466324
    }, 
    {
      "bounding_box": {
        "bottom_right": [
          483, 
          410
        ], 
        "top_left": [
          356, 
          340
        ]
      }, 
      "class": "006_mustard_bottle", 
      "cuboid": [
        [
          -7.82649596480668, 
          25.6444287149813, 
          70.0149218057859
        ], 
        [
          -16.78549537485772, 
          24.732506629784293, 
          66.68163581573934
        ], 
        [
          -20.609058814367252, 
          12.003517565740825, 
          80.44077589119095
        ], 
        [
          -11.650059404316215, 
          12.915439650937833, 
          83.7740618812375
        ], 
        [
          -9.569785511951606, 
          29.95735841378322, 
          73.52049384943065
        ], 
        [
          -18.528784922002643, 
          29.04543632858621, 
          70.1872078593841
        ], 
        [
          -22.35234836151218, 
          16.316447264542745, 
          83.94634793483571
        ], 
        [
          -13.39334895146114, 
          17.22836934973975, 
          87.27963392488228
        ]
      ], 
      "cuboid_centroid": [
        -15.08942216315943, 
        20.98043798976202, 
        76.98063487031081
      ], 
      "location": [
        -15.08942216315943, 
        20.98043798976202, 
        76.98063487031081
      ], 
      "pose_transform_permuted": [
        [
          0.2992823056469764, 
          -0.7404298078106072, 
          -0.6018252593505441, 
          0.0
        ], 
        [
          0.932995873151072, 
          0.09496814355960313, 
          0.347130514291217, 
          0.0
        ], 
        [
          0.19987158402166436, 
          0.6653906094340002, 
          -0.719240353969186, 
          0.0
        ], 
        [
          -15.08942216315943, 
          20.98043798976202, 
          76.98063487031081, 
          1.0
        ]
      ], 
      "projected_cuboid": [
        [
          421.48405595255826, 
          468.62598391945465
        ], 
        [
          346.2279330055825, 
          471.0970740490093
        ], 
        [
          343.8210450803844, 
          352.8694474427731
        ], 
        [
          406.81279086466833, 
          355.50837056817454
        ], 
        [
          411.59908572568224, 
          490.59799857727825
        ], 
        [
          339.6322562979653, 
          493.9891484460078
        ], 
        [
          338.40693685281894, 
          376.9465668931735
        ], 
        [
          399.07539915412286, 
          378.55997173838296
        ]
      ], 
      "projected_cuboid_centroid": [
        376.1868149183707, 
        418.6383977354955
      ], 
      "quaternion_xyzw": [
        0.8944567823455218, 
        -0.029320432952326208, 
        0.18067189849103552, 
        0.4079767157537003
      ], 
      "visibility": 0.31384798453071544
    }, 
    {
      "bounding_box": {
        "bottom_right": [
          369, 
          352
        ], 
        "top_left": [
          292, 
          256
        ]
      }, 
      "class": "008_pudding_box", 
      "cuboid": [
        [
          -15.70928027894084, 
          8.543890417742219, 
          65.59313891574847
        ], 
        [
          -26.69453267849934, 
          9.596388784751023, 
          62.874895459375146
        ], 
        [
          -28.804397025922434, 
          3.363709270458088, 
          68.98824881161943
        ], 
        [
          -17.819144626363936, 
          2.311210903449284, 
          71.70649226799276
        ], 
        [
          -16.10527751320845, 
          11.290956709999438, 
          68.25715455488971
        ], 
        [
          -27.090529912766947, 
          12.343455077008242, 
          65.53891109851638
        ], 
        [
          -29.200394260190045, 
          6.1107755627153075, 
          71.65226445076067
        ], 
        [
          -18.215141860631547, 
          5.058277195706505, 
          74.370507907134
        ]
      ], 
      "cuboid_centroid": [
        -22.45483726956544, 
        7.327332990228763, 
        68.62270168325458
      ], 
      "location": [
        -22.45483726956544, 
        7.327332990228763, 
        68.62270168325458
      ],