{
  "camera_data": {
    "location_worldframe": [
      -9.506579414869309, 
      8.401785250295939, 
      84.61883999119557
    ], 
    "quaternion_xyzw_worldframe": [
      0.9366229332328402, 
      -0.049368936269659706, 
      0.1965536830437683, 
      -0.2857768197755066
    ]
  }, 
  "objects": [
    {
      "bounding_box": {
        "bottom_right": [
          525, 
          436
        ], 
        "top_left": [
          328, 
          266
        ]
      }, 
      "class": "003_cracker_box", 
      "cuboid": [
        [
          -5.003127184522596, 
          19.129768084335012, 
          61.32972019830043
        ], 
        [
          -19.82416109804446, 
          23.2180484471156, 
          55.611238485757006
        ], 
        [
          -28.96245440394509, 
          11.27239046592067, 
          70.75542542326015
        ], 
        [
          -14.141420490423231, 
          7.184110103140083, 
          76.47390713580357
        ], 
        [
          -5.13432157818525, 
          24.80442836597637, 
          65.72669828034454
        ], 
        [
          -19.955355491707113, 
          28.892708728756954, 
          60.00821656780111
        ], 
        [
          -29.093648797607752, 
          16.947050747562027, 
          75.15240350530425
        ], 
        [
          -14.272614884085884, 
          12.85877038478144, 
          80.87088521784767
        ]
      ], 
      "cuboid_centroid": [
        -17.048387991065173, 
        18.03840941594852, 
        68.24106185180234
      ], 
      "location": [
        -17.048387991065173, 
        18.03840941594852, 
        68.24106185180234
      ], 
      "pose_transform_permuted": [
        [
          0.01827220011132104, 
          -0.7903426765059427, 
          -0.6123925051766346, 
          0.0
        ], 
        [
          0.9035232075646227, 
          -0.2492306682756398, 
          0.3486113701287059, 
          0.0
        ], 
        [
          0.4281494366400911, 
          0.5596807372818012, 
          -0.7095389575072476, 
          0.0
        ], 
        [
          -17.048387991065173, 
          18.03840941594852, 
          68.24106185180234, 
          1.0
        ]
      ], 
      "projected_cuboid": [
        [
          437.72760797651006, 
          439.6378584816868
        ], 
        [
          289.89624005284395, 
          495.9508816830155
        ], 
        [
          261.4730891617486, 
          358.2522709787933
        ], 
        [
          382.1546921493538, 
          323.3876345405319
        ], 
        [
          439.58897387530885, 
          474.5546336419937
        ], 
        [
          302.7670228155007, 
          530.0688297613591
        ], 
        [
          273.4132088259995, 
          393.55140802025056
        ], 
        [
          386.68901036139226, 
          358.08632771084984
        ]
      ], 
      "projected_cuboid_centroid": [
        347.24966338130406, 
        414.260853587429
      ], 
      "quaternion_xyzw": [
        0.8768689254989965, 
        -0.1931246749707366, 
        0.1046004595359694, 
        0.42762424074945365
      ], 
      "visibility": 0.6416752611990494
    }, 
    {
      "bounding_box": {
        "bottom_right": [
          498, 
          450
        ], 
        "top_left": [
          383, 
          366
        ]
      }, 
      "class": "006_mustard_bottle", 
      "cuboid": [
        [
          -1.0001104866296489, 
          26.827199249916333, 
          71.16642522570268
        ], 
        [
          -9.50175535855304, 
          26.901226751458957, 
          66.70294875428272
        ], 
        [
          -17.1228370142942, 
          16.801667911818623, 
          81.05142467423877
        ], 
        [
          -8.621192142370807, 
          16.727640410276, 
          85.51490114565875
        ], 
        [
          -2.3958729453668863, 
          31.773973376347808, 
          73.90699620380632
        ], 
        [
          -10.897517817290279, 
          31.848000877890435, 
          69.44351973238635
        ], 
        [
          -18.518599473031436, 
          21.748442038250097, 
          83.79199565234242
        ], 
        [
          -10.016954601108043, 
          21.674414536707477, 
          88.25547212376239
        ]
      ], 
      "cuboid_centroid": [
        -9.759354979830542, 
        24.287820644083215, 
        77.47921043902255
      ], 
      "location": [
        -9.759354979830542, 
        24.287820644083215, 
        77.47921043902255
      ], 
      "pose_transform_permuted": [
        [
          0.23961998020954478, 
          -0.8492461671085455, 
          -0.4704923530685642, 
          0.0
        ], 
        [
          0.8853666818642317, 
          -0.00770927089932225, 
          0.46482926687881276, 
          0.0
        ], 
        [
          0.398381689382098, 
          0.5279407168559632, 
          -0.7500470845558143, 
          0.0
        ], 
        [
          -9.759354979830542, 
          24.287820644083215, 
          77.47921043902255, 
          1.0
        ]
      ], 
      "projected_cuboid": [
        [
          474.039805528532, 
          474.3289632014575
        ], 
        [
          404.99322724573886, 
          488.3737463555537
        ], 
        [
          367.98961968112087, 
          383.84176342411826
        ], 
        [
          427.38234321972715, 
          377.6096219296893
        ], 
        [
          464.16415575217565, 
          502.57040970090515
        ], 
        [
          397.20772668304255, 
          517.8761356643624
        ], 
        [
          362.7475730446162, 
          411.7110969403327
        ], 
        [
          420.5611058626645, 
          404.26300264739365
        ]
      ], 
      "projected_cuboid_centroid": [
        413.85980235354475, 
        440.46906744503065
      ], 
      "quaternion_xyzw": [
        0.8490877092192477, 
        -0.11956684682635102, 
        0.2074135685393774, 
        0.47088576194764975
      ], 
      "visibility": 0.1751572327044025
    }, 
    {
      "bounding_box": {
        "bottom_right": [
          401, 
          391
        ], 
        "top_left": [
          317, 
          289
        ]
      }, 
      "class": "008_pudding_box", 
      "cuboid": [
        [
          -11.095809941781601, 
          10.738884548703833, 
          67.51084394022891
        ], 
        [
          -21.316414934619303, 
          13.131701015322388, 
          63.15354735632065
        ], 
        [
          -25.203357791815606, 
          8.143268955290273, 
          69.53148836491776
        ], 
        [
          -14.982752798977902, 
          5.750452488671716, 
          73.88878494882601
        ], 
        [
          -11.339823070402879, 
          13.833842417456435, 
          69.78281659255097
        ], 
        [
          -21.56042806324058, 
          16.22665888407499, 
          65.4255200086427
        ], 
        [
          -25.447370920436885, 
          11.238226824042876, 
          71.80346101723983
        ], 
        [
          -15.226765927599182, 
          8.845410357424319, 
          76.16075760114808
        ]
      ], 
      "cuboid_centroid": [
        -18.271590431109242, 
        10.988555686373354, 
        69.65715247873436
      ], 
      "location": [
        -18.271590431109242, 
        10.988555686373354, 
        69.65715247873436
      ],