{
  "camera_data": {
    "location_worldframe": [
      -21.916701492100692, 
      -3.3968370376731927, 
      95.05205990588834
    ], 
    "quaternion_xyzw_worldframe": [
      0.9555480395035627, 
      0.03482001991027827, 
      -0.056018652644351616, 
      -0.2873694910341553
    ]
  }, 
  "objects": [
    {
      "bounding_box": {
        "bottom_right": [
          353, 
          313
        ], 
        "top_left": [
          234, 
          144
        ]
      }, 
      "class": "003_cracker_box", 
      "cuboid": [
        [
          -30.88332224877512, 
          6.247122052931642, 
          72.59435702131533
        ], 
        [
          -47.217111410376155, 
          5.378842570423053, 
          73.83191027341209
        ], 
        [
          -45.25126949631744, 
          -7.433251480183892, 
          90.78889286919627
        ], 
        [
          -28.917480334716405, 
          -6.564971997675303, 
          89.5513396170995
        ], 
        [
          -30.860102510755844, 
          11.977049199514356, 
          76.92099466197388
        ], 
        [
          -47.193891672356884, 
          11.108769717005767, 
          78.15854791407065
        ], 
        [
          -45.22804975829817, 
          -1.703324333601177, 
          95.11553050985484
        ], 
        [
          -28.89426059669713, 
          -0.8350448510925885, 
          93.87797725775806
        ]
      ], 
      "cuboid_centroid": [
        -38.05568600353664, 
        2.2718988596652325, 
        83.85494376558508
      ], 
      "location": [
        -38.05568600353664, 
        2.2718988596652325, 
        83.85494376558508
      ], 
      "pose_transform_permuted": [
        [
          -0.003233946876660565, 
          -0.7980400116400225, 
          -0.6025957860864872, 
          0.0
        ], 
        [
          0.9957441337145664, 
          0.05293224937451679, 
          -0.0754440000873593, 
          0.0
        ], 
        [
          -0.09210408112904894, 
          0.6002752008851828, 
          -0.7944724799775175, 
          0.0
        ], 
        [
          -38.05568600353664, 
          2.2718988596652325, 
          83.85494376558508, 
          1.0
        ]
      ], 
      "projected_cuboid": [
        [
          252.8197902889959, 
          319.18146240800615
        ], 
        [
          137.6852910001353, 
          312.1402269484167
        ], 
        [
          213.5631309467583, 
          229.62152064578478
        ], 
        [
          307.9449442236203, 
          234.1890979621027
        ], 
        [
          265.8503436494926, 
          356.3275193776758
        ], 
        [
          156.88304254353065, 
          349.0879006363725
        ], 
        [
          225.8868015309277, 
          263.73587660435
        ], 
        [
          316.0812141117912, 
          268.54265890646184
        ]
      ], 
      "projected_cuboid_centroid": [
        237.54492753850067, 
        287.73587273062793
      ], 
      "quaternion_xyzw": [
        0.894233627287388, 
        0.040547661728939345, 
        -0.02199591487145406, 
        0.4452171230823496
      ], 
      "visibility": 0.5419182699059121
    }, 
    {
      "bounding_box": {
        "bottom_right": [
          383, 
          347
        ], 
        "top_left": [
          292, 
          268
        ]
      }, 
      "class": "006_mustard_bottle", 
      "cuboid": [
        [
          -25.650494452727735, 
          15.547728788014819, 
          80.22012030895912
        ], 
        [
          -34.83539570961193, 
          12.788017292187995, 
          79.74299435987024
        ], 
        [
          -32.44281143504291, 
          2.1119065853858587, 
          95.43557019207769
        ], 
        [
          -23.257910178158713, 
          4.871618081212683, 
          95.91269614116658
        ], 
        [
          -27.185267894919768, 
          20.081993025548293, 
          83.5389114579384
        ], 
        [
          -36.370169151803964, 
          17.32228152972147, 
          83.06178550884951
        ], 
        [
          -33.977584877234946, 
          6.646170822919334, 
          98.75436134105695
        ], 
        [
          -24.792683620350747, 
          9.405882318746158, 
          99.23148729014584
        ]
      ], 
      "cuboid_centroid": [
        -29.81403966498134, 
        11.096949805467077, 
        89.48724082500804
      ], 
      "location": [
        -29.81403966498134, 
        11.096949805467077, 
        89.48724082500804
      ], 
      "pose_transform_permuted": [
        [
          0.26348493580842464, 
          -0.778427804861285, 
          -0.569759320047549, 
          0.0
        ], 
        [
          0.9565214345654512, 
          0.2873981031637695, 
          0.049688198547463064, 
          0.0
        ], 
        [
          -0.12506909233465655, 
          0.5580791823956012, 
          -0.8203080813445907, 
          0.0
        ], 
        [
          -29.81403966498134, 
          11.096949805467077, 
          89.48724082500804, 
          1.0
        ]
      ], 
      "projected_cuboid": [
        [
          309.6462804095609, 
          376.65098326706544
        ], 
        [
          246.67709262028637, 
          358.81254696320025
        ], 
        [
          298.7870686815936, 
          285.0884388612383
        ], 
        [
          351.19444539665983, 
          300.3750197880292
        ], 
        [
          306.5976750025603, 
          401.49170564182276
        ], 
        [
          246.12695282023006, 
          384.50870721857524
        ], 
        [
          296.57311358706505, 
          309.17895837512515
        ], 
        [
          347.23837389051295, 
          323.83844821254087
        ]
      ], 
      "projected_cuboid_centroid": [
        302.4327814327332, 
        339.42133653105066
      ], 
      "quaternion_xyzw": [
        0.8781172952699147, 
        0.11742941339392547, 
        0.08916039350404349, 
        0.4551601177933919
      ], 
      "visibility": 0.8439731659813893
    }, 
    {
      "bounding_box": {
        "bottom_right": [
          270, 
          296
        ], 
        "top_left": [
          217, 
          202
        ]
      }, 
      "class": "008_pudding_box", 
      "cuboid": [
        [
          -31.06887044174198, 
          -3.019720314064541, 
          80.32897825129372
        ], 
        [
          -42.377451604904344, 
          -4.0587922832882395, 
          80.7858065577956
        ], 
        [
          -41.5951336854511, 
          -9.425223930073923, 
          87.94543648922989
        ], 
        [
          -30.286552522288744, 
          -8.386151960850224, 
          87.48860818272802
        ], 
        [
          -31.25684367294922, 
          0.045076231507631265, 
          82.64670441022427
        ], 
        [
          -42.565424836111575, 
          -0.993995737716067, 
          83.10353271672615
        ], 
        [
          -41.78310691665834, 
          -6.360427384501752, 
          90.26316264816043
        ], 
        [
          -30.47452575349598, 
          -5.3213554152780524, 
          89.80633434165857
        ]
      ], 
      "cuboid_centroid": [
        -36.42598867920016, 
        -4.690073849283146, 
        85.29607044972708
      ], 
      "location": [
        -36.42598867920016, 
        -4.690073849283146, 
        85.29607044972708
      ],