{
  "camera_data": {
    "location_worldframe": [
      -8.017551768219418, 
      -6.448236336972202, 
      75.30083494706695
    ], 
    "quaternion_xyzw_worldframe": [
      -0.8275761592503402, 
      -0.09162202993690188, 
      -0.20365803068059796, 
      0.515021029482818
    ]
  }, 
  "objects": [
    {
      "bounding_box": {
        "bottom_right": [
          440, 
          423
        ], 
        "top_left": [
          236, 
          249
        ]
      }, 
      "class": "003_cracker_box", 
      "cuboid": [
        [
          -5.856720202807521, 
          14.298945228162225, 
          59.72397803053501
        ], 
        [
          -20.656522297594616, 
          16.001088879169785, 
          52.85763397903085
        ], 
        [
          -26.046853755291533, 
          -3.505076862974847, 
          59.640507408672704
        ], 
        [
          -11.247051660504441, 
          -5.207220513982411, 
          66.50685146017686
        ], 
        [
          -8.366662077004115, 
          17.116633549323833, 
          65.83243297821912
        ], 
        [
          -23.16646417179121, 
          18.818777200331397, 
          58.96608892671497
        ], 
        [
          -28.55679562948813, 
          -0.6873885418132373, 
          65.74896235635683
        ], 
        [
          -13.756993534701035, 
          -2.3895321928208006, 
          72.61530640786098
        ]
      ], 
      "cuboid_centroid": [
        -17.206757916147826, 
        6.8057783431744925, 
        62.73647019344592
      ], 
      "location": [
        -17.206757916147826, 
        6.8057783431744925, 
        62.73647019344592
      ], 
      "pose_transform_permuted": [
        [
          0.3495740855438667, 
          -0.39243570870858835, 
          -0.8507597623574807, 
          0.0
        ], 
        [
          0.9022288686488895, 
          -0.10376646462504856, 
          0.4185876125684602, 
          0.0
        ], 
        [
          0.25254905918002185, 
          0.9139073997673979, 
          -0.31779275850415345, 
          0.0
        ], 
        [
          -17.206757916147826, 
          6.8057783431744925, 
          62.73647019344592, 
          1.0
        ]
      ], 
      "projected_cuboid": [
        [
          428.8622464885098, 
          400.97239817265734
        ], 
        [
          271.44134344896344, 
          434.73330373543547
        ], 
        [
          246.73889408056743, 
          241.9433081404239
        ], 
        [
          390.6551652739243, 
          231.5297473196458
        ], 
        [
          413.2524916580356, 
          411.95125773801584
        ], 
        [
          270.3215533145886, 
          443.4932210928926
        ], 
        [
          248.02962402336914, 
          267.71081849540735
        ], 
        [
          379.7175001494288, 
          255.73673510803914
        ]
      ], 
      "projected_cuboid_centroid": [
        334.1043070427557, 
        331.1421179645791
      ], 
      "quaternion_xyzw": [
        0.9574570526626466, 
        -0.09303694688293651, 
        0.20057340848242292, 
        0.18544656004089874
      ], 
      "visibility": 0.5793859807352357
    }, 
    {
      "bounding_box": {
        "bottom_right": [
          413, 
          420
        ], 
        "top_left": [
          277, 
          341
        ]
      }, 
      "class": "006_mustard_bottle", 
      "cuboid": [
        [
          -5.6792636569021, 
          17.6145018970009, 
          72.41296231441619
        ], 
        [
          -13.258412297574864, 
          17.191800234638418, 
          66.53215480205618
        ], 
        [
          -17.83974946428412, 
          0.04431275055803152, 
          73.66908399692888
        ], 
        [
          -10.260600823611355, 
          0.4670144129205106, 
          79.54989150928887
        ], 
        [
          -8.97256024925634, 
          20.18405565861802, 
          76.47264794339331
        ], 
        [
          -16.551708889929106, 
          19.761353996255544, 
          70.59184043103332
        ], 
        [
          -21.13304605663836, 
          2.613866512175156, 
          77.728769625906
        ], 
        [
          -13.553897415965595, 
          3.036568174537635, 
          83.609577138266
        ]
      ], 
      "cuboid_centroid": [
        -13.40615485677023, 
        10.114184204588026, 
        75.0708659701611
      ], 
      "location": [
        -13.40615485677023, 
        10.114184204588026, 
        75.0708659701611
      ], 
      "pose_transform_permuted": [
        [
          0.565382497103431, 
          -0.44113267100126924, 
          -0.6969536857672456, 
          0.0
        ], 
        [
          0.7892973400369898, 
          0.04402041885568606, 
          0.6124310192131649, 
          0.0
        ], 
        [
          0.23948317608271746, 
          0.8963616112707798, 
          -0.37307327727054657, 
          0.0
        ], 
        [
          -13.40615485677023, 
          10.114184204588026, 
          75.0708659701611, 
          1.0
        ]
      ], 
      "projected_cuboid": [
        [
          439.42086826203087, 
          403.0168861017973
        ], 
        [
          374.4323892843833, 
          411.0954480096371
        ], 
        [
          351.371812749112, 
          273.60733547713596
        ], 
        [
          412.2345367446847, 
          276.4175030564109
        ], 
        [
          418.501044847555, 
          414.04996699889927
        ], 
        [
          355.5072346390141, 
          422.5830715726927
        ], 
        [
          335.388762822019, 
          291.2210325765184
        ], 
        [
          394.4204730617107, 
          292.6558653784278
        ]
      ], 
      "projected_cuboid_centroid": [
        385.56317358285435, 
        345.13987861362
      ], 
      "quaternion_xyzw": [
        0.919594018721715, 
        -0.05313832877543483, 
        0.32019931957414755, 
        0.2213492942797752
      ], 
      "visibility": 0.02859466052310611
    }, 
    {
      "bounding_box": {
        "bottom_right": [
          316, 
          397
        ], 
        "top_left": [
          228, 
          284
        ]
      }, 
      "class": "008_pudding_box", 
      "cuboid": [
        [
          -8.988780247080411, 
          2.6721564125154753, 
          60.585348424504645
        ], 
        [
          -19.008710546181472, 
          3.6683810755889183, 
          55.314589104964526
        ], 
        [
          -21.32978657497176, 
          -4.521758666169106, 
          58.179048527065206
        ], 
        [
          -11.309856275870697, 
          -5.517983329242549, 
          63.449807846605324
        ], 
        [
          -10.508108693552467, 
          4.214888907504267, 
          63.76525154721752
        ], 
        [
          -20.528038992653528, 
          5.21111357057771, 
          58.4944922276774
        ], 
        [
          -22.84911502144381, 
          -2.979026171180315, 
          61.35895164977807
        ], 
        [
          -12.82918472234275, 
          -3.9752508342537576, 
          66.6297109693182
        ]
      ], 
      "cuboid_centroid": [
        -15.918947634262112, 
        -0.15343487933241975, 
        60.97215003714136
      ], 
      "location": [
        -15.918947634262112, 
        -0.15343487933241975, 
        60.97215003714136
      ],