{
  "camera_data": {
    "location_worldframe": [
      -12.424952402063983, 
      -2.249397825913774, 
      70.57411830930124
    ], 
    "quaternion_xyzw_worldframe": [
      -0.8322665659406775, 
      -0.07635489194719651, 
      -0.14462628240543512, 
      0.529705763894085
    ]
  }, 
  "objects": [
    {
      "bounding_box": {
        "bottom_right": [
          483, 
          352
        ], 
        "top_left": [
          269, 
          182
        ]
      }, 
      "class": "003_cracker_box", 
      "cuboid": [
        [
          -12.944327722967907, 
          18.761812438859852, 
          55.21145023971855
        ], 
        [
          -28.50731519495733, 
          19.934289474967652, 
          50.16201123784353
        ], 
        [
          -32.28015817731681, 
          0.13850445917558823, 
          57.1938032274717
        ], 
        [
          -16.717170705327383, 
          -1.0339725769322072, 
          62.243242229346706
        ], 
        [
          -14.825144116324672, 
          21.396764965055127, 
          61.620190553861434
        ], 
        [
          -30.388131588314092, 
          22.56924200116292, 
          56.57075155198642
        ], 
        [
          -34.16097457067357, 
          2.7734569853708577, 
          63.60254354161457
        ], 
        [
          -18.59798709868415, 
          1.600979949263062, 
          68.6519825434896
        ]
      ], 
      "cuboid_centroid": [
        -23.55265114682074, 
        10.767634712115356, 
        59.40699689066656
      ], 
      "location": [
        -23.55265114682074, 
        10.767634712115356, 
        59.40699689066656
      ], 
      "pose_transform_permuted": [
        [
          0.26195215018437773, 
          -0.36698504027749673, 
          -0.892582237794538, 
          0.0
        ], 
        [
          0.9487543475054725, 
          -0.07147680915118054, 
          0.3078250377130338, 
          0.0
        ], 
        [
          0.17676611412611348, 
          0.9274767091232479, 
          -0.32945514858727587, 
          0.0
        ], 
        [
          -23.55265114682074, 
          10.767634712115356, 
          59.40699689066656, 
          1.0
        ]
      ], 
      "projected_cuboid": [
        [
          355.5182638175813, 
          454.5178214558494
        ], 
        [
          175.983159717381, 
          485.2267431537137
        ], 
        [
          178.0832865194496, 
          274.57806147290665
        ], 
        [
          337.16543985013055, 
          264.42713728203074
        ], 
        [
          352.21692611532836, 
          458.47443937878126
        ], 
        [
          192.72617223127534, 
          486.057597342167
        ], 
        [
          192.7636056051662, 
          296.54250922122225
        ], 
        [
          335.9155039811621, 
          285.7236727526773
        ]
      ], 
      "projected_cuboid_centroid": [
        268.39376016183377, 
        369.95175852731234
      ], 
      "quaternion_xyzw": [
        0.9706715838046432, 
        -0.06393586858293547, 
        0.1467481889353641, 
        0.17937070593305265
      ], 
      "visibility": 0.46830482115085537
    }, 
    {
      "bounding_box": {
        "bottom_right": [
          453, 
          379
        ], 
        "top_left": [
          306, 
          302
        ]
      }, 
      "class": "006_mustard_bottle", 
      "cuboid": [
        [
          -11.401257918348195, 
          21.92366556805419, 
          67.84694350895094
        ], 
        [
          -19.5991037948135, 
          21.260362186682787, 
          62.890995625832346
        ], 
        [
          -22.621106770197073, 
          3.850192693016426, 
          70.21999499839154
        ], 
        [
          -14.423260893731765, 
          4.513496074387829, 
          75.17594288151014
        ], 
        [
          -14.291441700700167, 
          24.303756936796844, 
          72.30916931742843
        ], 
        [
          -22.489287577165474, 
          23.640453555425438, 
          67.35322143430983
        ], 
        [
          -25.511290552549042, 
          6.230284061759077, 
          74.68222080686903
        ], 
        [
          -17.313444676083737, 
          6.893587443130481, 
          79.63816868998762
        ]
      ], 
      "cuboid_centroid": [
        -18.456274235448618, 
        14.076974814906634, 
        71.26458215790998
      ], 
      "location": [
        -18.456274235448618, 
        14.076974814906634, 
        71.26458215790998
      ], 
      "pose_transform_permuted": [
        [
          0.49617739493844853, 
          -0.4086063807669645, 
          -0.766060480581521, 
          0.0
        ], 
        [
          0.8537288620523628, 
          0.06907683426927978, 
          0.5161155516221979, 
          0.0
        ], 
        [
          0.15797109977743076, 
          0.9100929564362409, 
          -0.3831134848582754, 
          0.0
        ], 
        [
          -18.456274235448618, 
          14.076974814906634, 
          71.26458215790998, 
          1.0
        ]
      ], 
      "projected_cuboid": [
        [
          391.22916232406624, 
          445.62031718544165
        ], 
        [
          314.0103947681326, 
          453.57574133460884
        ], 
        [
          308.35841728068016, 
          302.52868136545493
        ], 
        [
          378.4216325085144, 
          305.30656663383496
        ], 
        [
          375.3114737643304, 
          452.54000806522464
        ], 
        [
          302.03728876743986, 
          460.4775374268429
        ], 
        [
          297.89800446130363, 
          317.7781514197647
        ], 
        [
          364.6864504329407, 
          319.4514014156494
        ]
      ], 
      "projected_cuboid_centroid": [
        342.32564020544305, 
        378.6337681660077
      ], 
      "quaternion_xyzw": [
        0.9393990498012711, 
        -0.023657216155093107, 
        0.26939907666896085, 
        0.21069849543512081
      ], 
      "visibility": 0.05205065644243058
    }, 
    {
      "bounding_box": {
        "bottom_right": [
          356, 
          330
        ], 
        "top_left": [
          263, 
          213
        ]
      }, 
      "class": "008_pudding_box", 
      "cuboid": [
        [
          -15.488661499605671, 
          7.005364476950819, 
          56.2341896880375
        ], 
        [
          -26.092555746747685, 
          7.650861085171473, 
          52.19523790485384
        ], 
        [
          -27.732079823294214, 
          -0.6634843058380981, 
          55.17089450856882
        ], 
        [
          -17.128185576152205, 
          -1.308980914058753, 
          59.20984629175249
        ], 
        [
          -16.681842290071966, 
          8.44408094663604, 
          59.596715653782795
        ], 
        [
          -27.285736537213978, 
          9.089577554856696, 
          55.55776387059913
        ], 
        [
          -28.92526061376051, 
          0.775232163847123, 
          58.53342047431411
        ], 
        [
          -18.3213663666185, 
          0.12973555562646802, 
          62.572372257497776
        ]
      ], 
      "cuboid_centroid": [
        -22.20696105668309, 
        3.890298320398971, 
        57.38380508117581
      ], 
      "location": [
        -22.20696105668309, 
        3.890298320398971, 
        57.38380508117581
      ],