{
  "camera_data": {
    "location_worldframe": [
      -23.059355110594467, 
      11.16430936723298, 
      78.24017904831294
    ], 
    "quaternion_xyzw_worldframe": [
      0.940372255184146, 
      0.03630931580018991, 
      -0.11404104639945552, 
      -0.31839732429830586
    ]
  }, 
  "objects": [
    {
      "bounding_box": {
        "bottom_right": [
          503, 
          269
        ], 
        "top_left": [
          325, 
          39
        ]
      }, 
      "class": "003_cracker_box", 
      "cuboid": [
        [
          -34.8286223202653, 
          21.842123675367908, 
          57.61926634704053
        ], 
        [
          -50.87910418639948, 
          20.2891981601215, 
          60.627350437645475
        ], 
        [
          -46.59695033125843, 
          6.531587141425914, 
          76.37361490149726
        ], 
        [
          -30.546468465124242, 
          8.08451265667232, 
          73.36553081089232
        ], 
        [
          -34.48140195334906, 
          27.289283350249598, 
          62.28405862838425
        ], 
        [
          -50.531883819483234, 
          25.736357835003194, 
          65.2921427189892
        ], 
        [
          -46.24972996434218, 
          11.978746816307607, 
          81.03840718284098
        ], 
        [
          -30.199248098208, 
          13.531672331554013, 
          78.03032309223605
        ]
      ], 
      "cuboid_centroid": [
        -40.53917614230374, 
        16.910435245837757, 
        69.32883676494076
      ], 
      "location": [
        -40.53917614230374, 
        16.910435245837757, 
        69.32883676494076
      ], 
      "pose_transform_permuted": [
        [
          -0.04835938373505358, 
          -0.7586573544726823, 
          -0.6496925338260217, 
          0.0
        ], 
        [
          0.9784730905592617, 
          0.0946697950245067, 
          -0.18337949983960705, 
          0.0
        ], 
        [
          -0.20062846521910194, 
          0.644574781087911, 
          -0.7377476333606897, 
          0.0
        ], 
        [
          -40.53917614230374, 
          16.910435245837757, 
          69.32883676494076, 
          1.0
        ]
      ], 
      "projected_cuboid": [
        [
          156.53947878311882, 
          475.4555872011694
        ], 
        [
          30.299902163946935, 
          451.76418260094823
        ], 
        [
          153.49732861618793, 
          318.8968359384459
        ], 
        [
          257.6936715415391, 
          332.0556748300737
        ], 
        [
          183.88273154227468, 
          506.9564294737319
        ], 
        [
          65.40259699231918, 
          483.50637548901074
        ], 
        [
          174.68777171910946, 
          352.1195318798957
        ], 
        [
          273.4719665882177, 
          365.7724532190586
        ]
      ], 
      "projected_cuboid_centroid": [
        167.1462394129468, 
        403.3718920330343
      ], 
      "quaternion_xyzw": [
        0.9045358485810823, 
        0.08161596378596657, 
        -0.06404911533859668, 
        0.41358366011162984
      ], 
      "visibility": 0.39506223386832623
    }, 
    {
      "bounding_box": {
        "bottom_right": [
          524, 
          312
        ], 
        "top_left": [
          390, 
          202
        ]
      }, 
      "class": "006_mustard_bottle", 
      "cuboid": [
        [
          -29.037399599963653, 
          30.840317742751523, 
          65.20405596545633
        ], 
        [
          -38.129310949998725, 
          27.77441643918226, 
          65.58282371762299
        ], 
        [
          -33.632678349298295, 
          16.241595590871164, 
          80.16826420186857
        ], 
        [
          -24.540766999263226, 
          19.307496894440423, 
          79.78949644970191
        ], 
        [
          -30.31686054017001, 
          35.09932686300824, 
          68.96614014862296
        ], 
        [
          -39.40877189020508, 
          32.033425559438975, 
          69.34490790078961
        ], 
        [
          -34.91213928950465, 
          20.500604711127878, 
          83.93034838503519
        ], 
        [
          -25.820227939469582, 
          23.56650601469714, 
          83.55158063286854
        ]
      ], 
      "cuboid_centroid": [
        -31.974769444734154, 
        25.6704612269397, 
        74.56720217524577
      ], 
      "location": [
        -31.974769444734154, 
        25.6704612269397, 
        74.56720217524577
      ], 
      "pose_transform_permuted": [
        [
          0.21965371202812167, 
          -0.7311728974509618, 
          -0.6458624330192965, 
          0.0
        ], 
        [
          0.9468374067668107, 
          0.3192849036812601, 
          -0.03944511362035922, 
          0.0
        ], 
        [
          -0.2350553599761214, 
          0.6028625410974473, 
          -0.7624340852086983, 
          0.0
        ], 
        [
          -31.974769444734154, 
          25.6704612269397, 
          74.56720217524577, 
          1.0
        ]
      ], 
      "projected_cuboid": [
        [
          242.11398104716173, 
          525.5368797721908
        ], 
        [
          168.9455196332831, 
          499.1481181711599
        ], 
        [
          255.99103385051873, 
          381.3337942965573
        ], 
        [
          316.1975860966706, 
          402.3394416090732
        ], 
        [
          245.20111165051554, 
          544.7118828220671
        ], 
        [
          175.98530680753697, 
          519.6500228294608
        ], 
        [
          257.9057267366998, 
          403.55376753155775
        ], 
        [
          315.41003334850836, 
          423.71432246327936
        ]
      ], 
      "projected_cuboid_centroid": [
        251.00131139258542, 
        456.8868244611043
      ], 
      "quaternion_xyzw": [
        0.8938067997173039, 
        0.15505035982963825, 
        0.05040479622239376, 
        0.41776561308664883
      ], 
      "visibility": 0.9422816956390554
    }, 
    {
      "bounding_box": {
        "bottom_right": [
          389, 
          243
        ], 
        "top_left": [
          310, 
          120
        ]
      }, 
      "class": "008_pudding_box", 
      "cuboid": [
        [
          -33.847141138774326, 
          12.112549283904318, 
          64.69782346870943
        ], 
        [
          -44.99230934889745, 
          10.62548510280431, 
          66.35500066865775
        ], 
        [
          -43.232977763862564, 
          4.857927878108605, 
          73.01164747734225
        ], 
        [
          -32.08780955373945, 
          6.344992059208613, 
          71.35447027739392
        ], 
        [
          -33.8599898988056, 
          15.018395305167115, 
          67.2189462660498
        ], 
        [
          -45.005158108928725, 
          13.531331124067108, 
          68.87612346599813
        ], 
        [
          -43.24582652389385, 
          7.763773899371403, 
          75.53277027468262
        ], 
        [
          -32.100658313770715, 
          9.25083808047141, 
          73.8755930747343
        ]
      ], 
      "cuboid_centroid": [
        -38.546483831334086, 
        9.93816159163786, 
        70.11529687169602
      ], 
      "location": [
        -38.546483831334086, 
        9.93816159163786, 
        70.11529687169602
      ],