{
  "camera_data": {
    "location_worldframe": [
      -23.64867261988186, 
      15.3968110855505, 
      75.1182851063006
    ], 
    "quaternion_xyzw_worldframe": [
      0.9247229850444805, 
      0.03596349276619703, 
      -0.11616983843762359, 
      -0.3606928716093598
    ]
  }, 
  "objects": [
    {
      "bounding_box": {
        "bottom_right": [
          539, 
          256
        ], 
        "top_left": [
          361, 
          19
        ]
      }, 
      "class": "003_cracker_box", 
      "cuboid": [
        [
          -35.54506579217679, 
          27.957811474901373, 
          55.66449477301819
        ], 
        [
          -51.57537498990057, 
          26.260083698340697, 
          58.70176708699062
        ], 
        [
          -47.24214553776589, 
          11.121362218032793, 
          73.10995162228903
        ], 
        [
          -31.21183634004212, 
          12.819089994593474, 
          70.07267930831661
        ], 
        [
          -35.10375703124199, 
          32.964316260930396, 
          60.79212131362481
        ], 
        [
          -51.13406622896576, 
          31.266588484369713, 
          63.82939362759724
        ], 
        [
          -46.80083677683108, 
          16.12786700406181, 
          78.23757816289566
        ], 
        [
          -30.77052757910731, 
          17.82559478062249, 
          75.20030584892324
        ]
      ], 
      "cuboid_centroid": [
        -41.17295128450394, 
        22.042839239481594, 
        66.95103646795692
      ], 
      "location": [
        -41.17295128450394, 
        22.042839239481594, 
        66.95103646795692
      ], 
      "pose_transform_permuted": [
        [
          -0.06146361719857016, 
          -0.6972848058114048, 
          -0.7141541313648052, 
          0.0
        ], 
        [
          0.9772433198041536, 
          0.1034972630924342, 
          -0.18515887888657329, 
          0.0
        ], 
        [
          -0.20302147093109357, 
          0.7092828886395945, 
          -0.6750556023203188, 
          0.0
        ], 
        [
          -41.17295128450394, 
          22.042839239481594, 
          66.95103646795692, 
          1.0
        ]
      ], 
      "projected_cuboid": [
        [
          138.20299945869724, 
          541.1493547189597
        ], 
        [
          9.117580789705599, 
          511.86567430086313
        ], 
        [
          134.10503235476816, 
          354.4142111750845
        ], 
        [
          242.06573278295357, 
          370.8519771801984
        ], 
        [
          171.0710171334928, 
          562.477226312639
        ], 
        [
          50.79145837839848, 
          534.5311306365995
        ], 
        [
          159.9126993368061, 
          383.224850362954
        ], 
        [
          261.554313225637, 
          399.70542246414317
        ]
      ], 
      "projected_cuboid_centroid": [
        150.88774961875984, 
        448.87572158929925
      ], 
      "quaternion_xyzw": [
        0.9220466826317084, 
        0.08310824706528447, 
        -0.06686822390088558, 
        0.372090815460337
      ], 
      "visibility": 0.2731354766083656
    }, 
    {
      "bounding_box": {
        "bottom_right": [
          539, 
          304
        ], 
        "top_left": [
          421, 
          195
        ]
      }, 
      "class": "006_mustard_bottle", 
      "cuboid": [
        [
          -29.600166152482547, 
          36.20073928753872, 
          63.95587792957485
        ], 
        [
          -38.71267765601362, 
          33.1798354783459, 
          64.16164985142964
        ], 
        [
          -34.158743488784616, 
          20.35898344389096, 
          77.60963008251075
        ], 
        [
          -25.04623198525355, 
          23.37988725308378, 
          77.40385816065594
        ], 
        [
          -30.804716943205147, 
          40.11630863712617, 
          68.0967510798074
        ], 
        [
          -39.91722844673621, 
          37.09540482793335, 
          68.30252300166222
        ], 
        [
          -35.363294279507215, 
          24.27455279347841, 
          81.75050323274331
        ], 
        [
          -26.250782775976145, 
          27.29545660267123, 
          81.54473131088851
        ]
      ], 
      "cuboid_centroid": [
        -32.48173021599488, 
        30.237646040508565, 
        72.85319058115908
      ], 
      "location": [
        -32.48173021599488, 
        30.237646040508565, 
        72.85319058115908
      ], 
      "pose_transform_permuted": [
        [
          0.2067933800823606, 
          -0.6722122694903899, 
          -0.7108916965761132, 
          0.0
        ], 
        [
          0.948982719799925, 
          0.3145988361156952, 
          -0.02142921827693304, 
          0.0
        ], 
        [
          -0.2380507215152144, 
          0.6701926214051761, 
          -0.7029748958534323, 
          0.0
        ], 
        [
          -32.48173021599488, 
          30.237646040508565, 
          72.85319058115908, 
          1.0
        ]
      ], 
      "projected_cuboid": [
        [
          232.70822895127904, 
          575.1597013609905
        ], 
        [
          157.13089459162896, 
          549.0814414475019
        ], 
        [
          244.90810249914716, 
          413.1898534919028
        ], 
        [
          307.5881415902826, 
          434.37607564405437
        ], 
        [
          238.33042144372607, 
          587.4691188162102
        ], 
        [
          167.31806142996115, 
          562.9347818671968
        ], 
        [
          248.97333635983878, 
          431.6475738838858
        ], 
        [
          308.48071701204503, 
          451.8045280929424
        ]
      ], 
      "projected_cuboid_centroid": [
        241.83398380962737, 
        494.64031334472264
      ], 
      "quaternion_xyzw": [
        0.9124235636179634, 
        0.15142352183440183, 
        0.05078895624703544, 
        0.3767951695292967
      ], 
      "visibility": 0.68413906195777
    }, 
    {
      "bounding_box": {
        "bottom_right": [
          437, 
          227
        ], 
        "top_left": [
          349, 
          98
        ]
      }, 
      "class": "008_pudding_box", 
      "cuboid": [
        [
          -34.56991057492449, 
          17.62851601878527, 
          61.836078280873075
        ], 
        [
          -45.708988204613746, 
          16.081047639214617, 
          63.4788386884382
        ], 
        [
          -43.92765082645436, 
          9.729813113022388, 
          69.57470350323572
        ], 
        [
          -32.7885731967651, 
          11.277281492593042, 
          67.9319430956706
        ], 
        [
          -34.53220635867352, 
          20.29782618260272, 
          64.60619163425959
        ], 
        [
          -45.671283988362774, 
          18.750357803032067, 
          66.24895204182472
        ], 
        [
          -43.88994661020339, 
          12.399123276839838, 
          72.34481685662224
        ], 
        [
          -32.75086898051413, 
          13.94659165641049, 
          70.70205644905711
        ]
      ], 
      "cuboid_centroid": [
        -39.22992859256394, 
        15.013819647812554, 
        67.09044756874766
      ], 
      "location": [
        -39.22992859256394, 
        15.013819647812554, 
        67.09044756874766
      ],