{
  "camera_data": {
    "location_worldframe": [
      -22.05922689807174, 
      14.542222056003506, 
      71.58889602214573
    ], 
    "quaternion_xyzw_worldframe": [
      0.9130288680755959, 
      0.01879391735562436, 
      -0.07217751484609132, 
      -0.4010194291413462
    ]
  }, 
  "objects": [
    {
      "bounding_box": {
        "bottom_right": [
          539, 
          258
        ], 
        "top_left": [
          376, 
          28
        ]
      }, 
      "class": "003_cracker_box", 
      "cuboid": [
        [
          -31.74317130127331, 
          29.46564710031239, 
          52.581878951260464
        ], 
        [
          -48.018375389913196, 
          28.729713102657193, 
          54.493487883906276
        ], 
        [
          -45.707403004191875, 
          12.209644549821816, 
          67.80890334075362
        ], 
        [
          -29.432198915551993, 
          12.94557854747701, 
          65.8972944081078
        ], 
        [
          -31.29650186239397, 
          34.0004748722493, 
          58.13059240810644
        ], 
        [
          -47.571705951033856, 
          33.264540874594104, 
          60.04220134075226
        ], 
        [
          -45.26073356531254, 
          16.744472321758728, 
          73.35761679759959
        ], 
        [
          -28.985529476672657, 
          17.480406319413923, 
          71.44600786495377
        ]
      ], 
      "cuboid_centroid": [
        -38.50195243329292, 
        23.105059711035558, 
        62.96974787443003
      ], 
      "location": [
        -38.50195243329292, 
        23.105059711035558, 
        62.96974787443003
      ], 
      "pose_transform_permuted": [
        [
          -0.062210229743514256, 
          -0.6315916267906404, 
          -0.7728013355858102, 
          0.0
        ], 
        [
          0.9921726573016437, 
          0.04486417411882654, 
          -0.11653593430196169, 
          0.0
        ], 
        [
          -0.10827421400432646, 
          0.7740020819407325, 
          -0.6238569321031525, 
          0.0
        ], 
        [
          -38.50195243329292, 
          23.105059711035558, 
          62.96974787443003, 
          1.0
        ]
      ], 
      "projected_cuboid": [
        [
          156.954137385591, 
          572.1462771697771
        ], 
        [
          7.732108669472464, 
          554.4599260599922
        ], 
        [
          119.11079556616663, 
          369.3158530295858
        ], 
        [
          241.41152454114786, 
          378.05761571479206
        ], 
        [
          192.074256955333, 
          585.2241655766477
        ], 
        [
          55.52422106292641, 
          568.7559024861808
        ], 
        [
          149.80338502487675, 
          395.02106793079633
        ], 
        [
          263.42707953710607, 
          403.77168740438987
        ]
      ], 
      "projected_cuboid_centroid": [
        152.78894561336207, 
        468.9738518135687
      ], 
      "quaternion_xyzw": [
        0.9406083237496078, 
        0.040701954324805355, 
        -0.04750812839209433, 
        0.33367995136623857
      ], 
      "visibility": 0.15429168893361347
    }, 
    {
      "bounding_box": {
        "bottom_right": [
          539, 
          312
        ], 
        "top_left": [
          425, 
          207
        ]
      }, 
      "class": "006_mustard_bottle", 
      "cuboid": [
        [
          -25.803400521516, 
          36.55535526484613, 
          61.88187647488421
        ], 
        [
          -35.096870277031314, 
          34.21476115844027, 
          61.28262115151539
        ], 
        [
          -32.34212771947431, 
          20.05885819168494, 
          73.85173170961707
        ], 
        [
          -23.048657963958995, 
          22.3994522980908, 
          74.45098703298589
        ], 
        [
          -27.005265598770258, 
          40.20703399735717, 
          66.257972812464
        ], 
        [
          -36.29873535428557, 
          37.86643989095131, 
          65.65871748909518
        ], 
        [
          -33.54399279672857, 
          23.710536924195985, 
          78.22782804719685
        ], 
        [
          -24.250523041213253, 
          26.051131030601844, 
          78.82708337056567
        ]
      ], 
      "cuboid_centroid": [
        -29.673696659122285, 
        30.132946094521056, 
        70.05485226104054
      ], 
      "location": [
        -29.673696659122285, 
        30.132946094521056, 
        70.05485226104054
      ], 
      "pose_transform_permuted": [
        [
          0.2063323054889699, 
          -0.6269083826825, 
          -0.7512740518573707, 
          0.0
        ], 
        [
          0.9678278267796755, 
          0.24375095276247433, 
          0.06240682894115116, 
          0.0
        ], 
        [
          -0.1440004245415205, 
          0.7399805950611611, 
          -0.6570331777504023, 
          0.0
        ], 
        [
          -29.673696659122285, 
          30.132946094521056, 
          70.05485226104054, 
          1.0
        ]
      ], 
      "projected_cuboid": [
        [
          257.36113560032504, 
          588.3333326666855
        ], 
        [
          173.61686820575446, 
          571.0447248286445
        ], 
        [
          246.09233353155395, 
          418.1413930001625
        ], 
        [
          315.11520759638796, 
          433.7419871158701
        ], 
        [
          262.4165008689583, 
          596.9185131508422
        ], 
        [
          184.29985537316833, 
          580.8605313688544
        ], 
        [
          251.0045447942314, 
          434.9335373273332
        ], 
        [
          316.1582611773173, 
          449.5404059199942
        ]
      ], 
      "projected_cuboid_centroid": [
        253.81204316421102, 
        502.68521247961564
      ], 
      "quaternion_xyzw": [
        0.9299304374116119, 
        0.10424203835699535, 
        0.07224710677772181, 
        0.3451713990582598
      ], 
      "visibility": 0.5966913819578676
    }, 
    {
      "bounding_box": {
        "bottom_right": [
          454, 
          226
        ], 
        "top_left": [
          365, 
          91
        ]
      }, 
      "class": "008_pudding_box", 
      "cuboid": [
        [
          -31.8964794770067, 
          18.633217358899007, 
          57.9081351953666
        ], 
        [
          -43.200242909788635, 
          17.79360131456217, 
          58.74020955290475
        ], 
        [
          -42.27054671636894, 
          10.861489278108829, 
          64.37513620760134
        ], 
        [
          -30.966783283587006, 
          11.701105322445663, 
          63.54306185006319
        ], 
        [
          -31.85740103381557, 
          21.062870368912524, 
          60.890655182793765
        ], 
        [
          -43.1611644665975, 
          20.223254324575684, 
          61.72272954033192
        ], 
        [
          -42.23146827317781, 
          13.291142288122343, 
          67.35765619502851
        ], 
        [
          -30.927704840395876, 
          14.130758332459179, 
          66.52558183749035
        ]
      ], 
      "cuboid_centroid": [
        -37.06397387509225, 
        15.962179823510676, 
        62.632895695197554
      ], 
      "location": [
        -37.06397387509225, 
        15.962179823510676, 
        62.632895695197554
      ],