{
  "camera_data": {
    "location_worldframe": [
      -9.801748778477254, 
      -1.120586162696756, 
      77.90160176245013
    ], 
    "quaternion_xyzw_worldframe": [
      -0.8289282375110859, 
      -0.10179559598470292, 
      -0.1932466180693255, 
      0.5149475718313307
    ]
  }, 
  "objects": [
    {
      "bounding_box": {
        "bottom_right": [
          475, 
          404
        ], 
        "top_left": [
          277, 
          242
        ]
      }, 
      "class": "003_cracker_box", 
      "cuboid": [
        [
          -8.320301647759521, 
          19.55778299521938, 
          62.15476346216483
        ], 
        [
          -23.21002538777435, 
          20.803251258465455, 
          55.38549086915738
        ], 
        [
          -28.01675555826589, 
          1.2099797033361503, 
          62.353460586474085
        ], 
        [
          -13.127031818251059, 
          -0.03548855990992417, 
          69.12273317948153
        ], 
        [
          -10.862300865330216, 
          22.352752062565955, 
          68.26039900855872
        ], 
        [
          -25.75202460534505, 
          23.59822032581203, 
          61.491126415551264
        ], 
        [
          -30.558754775836583, 
          4.004948770682723, 
          68.45909613286797
        ], 
        [
          -15.669031035821753, 
          2.7594805074366486, 
          75.22836872587541
        ]
      ], 
      "cuboid_centroid": [
        -19.439528211798052, 
        11.781365882951052, 
        65.3069297975164
      ], 
      "location": [
        -19.439528211798052, 
        11.781365882951052, 
        65.3069297975164
      ], 
      "pose_transform_permuted": [
        [
          0.3540388967055013, 
          -0.3892714671545194, 
          -0.8503670880736854, 
          0.0
        ], 
        [
          0.9077106922382363, 
          -0.07592651677973454, 
          0.41266992045226425, 
          0.0
        ], 
        [
          0.22520603636655234, 
          0.917988501512445, 
          -0.3264649326880338, 
          0.0
        ], 
        [
          -19.439528211798052, 
          11.781365882951052, 
          65.3069297975164, 
          1.0
        ]
      ], 
      "projected_cuboid": [
        [
          409.609684803484, 
          441.1022948720789
        ], 
        [
          256.2399167025961, 
          473.6058114167776
        ], 
        [
          239.96808982863936, 
          283.63569687268637
        ], 
        [
          379.47082137161283, 
          273.01272438773145
        ], 
        [
          396.0224952532803, 
          447.92894537845206
        ], 
        [
          256.3855137712957, 
          477.95660602819714
        ], 
        [
          241.55009687286534, 
          304.48644755746636
        ], 
        [
          369.58824546579547, 
          292.84943717652067
        ]
      ], 
      "projected_cuboid_centroid": [
        321.5240289483994, 
        369.49735605791375
      ], 
      "quaternion_xyzw": [
        0.9586535195033146, 
        -0.07853008073821759, 
        0.19994419296426388, 
        0.18665148181310118
      ], 
      "visibility": 0.5610285847263701
    }, 
    {
      "bounding_box": {
        "bottom_right": [
          446, 
          406
        ], 
        "top_left": [
          312, 
          332
        ]
      }, 
      "class": "006_mustard_bottle", 
      "cuboid": [
        [
          -8.142292244118316, 
          22.97409735210377, 
          74.81695553237778
        ], 
        [
          -15.749136176495798, 
          22.299922703429374, 
          68.99565999429157
        ], 
        [
          -19.80905964581235, 
          5.08914729428494, 
          76.29408220896737
        ], 
        [
          -12.202215713434866, 
          5.763321942959333, 
          82.11537774705356
        ], 
        [
          -11.475275248552396, 
          25.483978748366237, 
          78.88158049097176
        ], 
        [
          -19.08211918092988, 
          24.809804099691846, 
          73.06028495288557
        ], 
        [
          -23.14204265024643, 
          7.59902869054741, 
          80.35870716756135
        ], 
        [
          -15.535198717868948, 
          8.273203339221803, 
          86.18000270564755
        ]
      ], 
      "cuboid_centroid": [
        -15.642167447182374, 
        15.28656302132559, 
        77.58783134996956
      ], 
      "location": [
        -15.642167447182374, 
        15.28656302132559, 
        77.58783134996956
      ], 
      "pose_transform_permuted": [
        [
          0.5721957318466573, 
          -0.4308883125032801, 
          -0.6978016538850546, 
          0.0
        ], 
        [
          0.7921815452571873, 
          0.070208974932023, 
          0.6062334045176849, 
          0.0
        ], 
        [
          0.21222698345581004, 
          0.8996699015691142, 
          -0.38151510547273, 
          0.0
        ], 
        [
          -15.642167447182374, 
          15.28656302132559, 
          77.58783134996956, 
          1.0
        ]
      ], 
      "projected_cuboid": [
        [
          423.0724771835288, 
          437.0533731376036
        ], 
        [
          358.84559823982863, 
          445.6594884239078
        ], 
        [
          341.9715674123869, 
          308.86127503968635
        ], 
        [
          401.68618361234076, 
          310.7179246550535
        ], 
        [
          403.3660031856258, 
          445.58411162318737
        ], 
        [
          341.14214087546503, 
          454.39114754514094
        ], 
        [
          326.7294974984897, 
          323.71929077943315
        ], 
        [
          384.6572847243928, 
          324.48474194801224
        ]
      ], 
      "projected_cuboid_centroid": [
        373.1806503502775, 
        378.3625953580023
      ], 
      "quaternion_xyzw": [
        0.9205505283132692, 
        -0.03856877057688718, 
        0.32003380045948854, 
        0.22062977343149814
      ], 
      "visibility": 0.060144006776789494
    }, 
    {
      "bounding_box": {
        "bottom_right": [
          357, 
          382
        ], 
        "top_left": [
          272, 
          275
        ]
      }, 
      "class": "008_pudding_box", 
      "cuboid": [
        [
          -11.127406053000964, 
          7.856893575506565, 
          63.126028583858876
        ], 
        [
          -21.208425902638197, 
          8.539230220830762, 
          57.922200562455195
        ], 
        [
          -23.284318084279302, 
          0.31106761075004735, 
          60.864805261371025
        ], 
        [
          -13.20329823464207, 
          -0.37126903457414817, 
          66.0686332827747
        ], 
        [
          -12.665407838129688, 
          9.381970814020745, 
          66.30547134552315
        ], 
        [
          -22.746427687766925, 
          10.06430745934494, 
          61.10164332411947
        ], 
        [
          -24.822319869408027, 
          1.8361448492642263, 
          64.0442480230353
        ], 
        [
          -14.741300019770796, 
          1.1538082039400308, 
          69.24807604443897
        ]
      ], 
      "cuboid_centroid": [
        -17.974862961204497, 
        4.846519212385396, 
        63.58513830344709
      ], 
      "location": [
        -17.974862961204497, 
        4.846519212385396, 
        63.58513830344709
      ],