{
  "camera_data": {
    "location_worldframe": [
      -22.539557592697346, 
      10.802106798992837, 
      79.29224861131706
    ], 
    "quaternion_xyzw_worldframe": [
      0.9426464630454922, 
      0.03946660545518701, 
      -0.11245282812853975, 
      -0.31179677175327764
    ]
  }, 
  "objects": [
    {
      "bounding_box": {
        "bottom_right": [
          495, 
          275
        ], 
        "top_left": [
          321, 
          50
        ]
      }, 
      "class": "003_cracker_box", 
      "cuboid": [
        [
          -34.25044068102656, 
          21.136352548971207, 
          58.464078400591866
        ], 
        [
          -50.30880923683012, 
          19.52153362783505, 
          61.39653042323033
        ], 
        [
          -46.0362162244723, 
          5.997177523409161, 
          77.34614759913224
        ], 
        [
          -29.97784766866874, 
          7.61199644454532, 
          74.41369557649377
        ], 
        [
          -33.96530703161887, 
          26.64581018376827, 
          63.05939916276881
        ], 
        [
          -50.023675587422424, 
          25.030991262632106, 
          65.99185118540728
        ], 
        [
          -45.75108257506461, 
          11.50663515820622, 
          81.94146836130918
        ], 
        [
          -29.692714019261047, 
          13.12145407934238, 
          79.00901633867072
        ]
      ], 
      "cuboid_centroid": [
        -40.00076162804558, 
        16.321493853588713, 
        70.20277338095052
      ], 
      "location": [
        -40.00076162804558, 
        16.321493853588713, 
        70.20277338095052
      ], 
      "pose_transform_permuted": [
        [
          -0.03971220838784703, 
          -0.7673339507686158, 
          -0.6400168345463952, 
          0.0
        ], 
        [
          0.9789538807111985, 
          0.09844295477455542, 
          -0.17876880067768952, 
          0.0
        ], 
        [
          -0.2001805183963835, 
          0.6336462677654485, 
          -0.7472751617720697, 
          0.0
        ], 
        [
          -40.00076162804558, 
          16.321493853588713, 
          70.20277338095052, 
          1.0
        ]
      ], 
      "projected_cuboid": [
        [
          166.55482269668255, 
          466.0960552022109
        ], 
        [
          40.94892169811089, 
          442.85990158178674
        ], 
        [
          161.52139149704456, 
          314.6384645643155
        ], 
        [
          264.956735849506, 
          327.84137146275384
        ], 
        [
          191.94445238065245, 
          498.64124432400644
        ], 
        [
          73.95684856209772, 
          475.5769357616311
        ], 
        [
          181.34267437388314, 
          348.1779694995773
        ], 
        [
          279.49768942071165, 
          361.857801673641
        ]
      ], 
      "projected_cuboid_centroid": [
        175.1850962740785, 
        397.2783958456763
      ], 
      "quaternion_xyzw": [
        0.901750656088345, 
        0.08278992400912728, 
        -0.06057134740918112, 
        0.41990795967668765
      ], 
      "visibility": 0.41565423527917705
    }, 
    {
      "bounding_box": {
        "bottom_right": [
          517, 
          317
        ], 
        "top_left": [
          386, 
          209
        ]
      }, 
      "class": "006_mustard_bottle", 
      "cuboid": [
        [
          -28.561243831265465, 
          30.268815552379174, 
          65.96518809611074
        ], 
        [
          -37.636006358716635, 
          27.15083048990713, 
          66.32977283355186
        ], 
        [
          -33.155762699805855, 
          15.83728928666622, 
          81.09093599177726
        ], 
        [
          -24.08100017235469, 
          18.955274349138264, 
          80.72635125433615
        ], 
        [
          -29.889889020984455, 
          34.568247102549954, 
          69.66370762294967
        ], 
        [
          -38.96465154843562, 
          31.450262040077913, 
          70.02829236039078
        ], 
        [
          -34.484407889524846, 
          20.136720836837004, 
          84.78945551861618
        ], 
        [
          -25.409645362073675, 
          23.254705899309048, 
          84.42487078117506
        ]
      ], 
      "cuboid_centroid": [
        -31.522825860395155, 
        25.202768194608087, 
        75.37732180736346
      ], 
      "location": [
        -31.522825860395155, 
        25.202768194608087, 
        75.37732180736346
      ], 
      "pose_transform_permuted": [
        [
          0.2280975047530679, 
          -0.7381124893531493, 
          -0.6349498586081379, 
          0.0
        ], 
        [
          0.9450515175209384, 
          0.3247089393230054, 
          -0.03796808548338655, 
          0.0
        ], 
        [
          -0.2341986503104499, 
          0.5913999955696272, 
          -0.7716197492502435, 
          0.0
        ], 
        [
          -31.522825860395155, 
          25.202768194608087, 
          75.37732180736346, 
          1.0
        ]
      ], 
      "projected_cuboid": [
        [
          248.75896645571706, 
          518.0057991462634
        ], 
        [
          176.4657663671231, 
          491.59076217897655
        ], 
        [
          261.7207543739259, 
          377.44536186999096
        ], 
        [
          321.17986697780515, 
          398.5147795369969
        ], 
        [
          250.86420458818557, 
          537.928254088082
        ], 
        [
          182.37818393389063, 
          512.8045967042946
        ], 
        [
          262.88504145909366, 
          399.9450652410864
        ], 
        [
          319.7443726753104, 
          420.1886290623077
        ]
      ], 
      "projected_cuboid_centroid": [
        256.70394366791106, 
        451.6044923213086
      ], 
      "quaternion_xyzw": [
        0.8904214411865181, 
        0.15692220665999773, 
        0.05338186236180678, 
        0.4238813691951367
      ], 
      "visibility": 0.9364937388193202
    }, 
    {
      "bounding_box": {
        "bottom_right": [
          382, 
          251
        ], 
        "top_left": [
          305, 
          130
        ]
      }, 
      "class": "008_pudding_box", 
      "cuboid": [
        [
          -33.25115268001119, 
          11.506074042290507, 
          65.67466247710112
        ], 
        [
          -44.39664230889229, 
          9.970435507812912, 
          67.28470775802016
        ], 
        [
          -42.64163346308756, 
          4.301165551033512, 
          74.02638654079497
        ], 
        [
          -31.496143834206457, 
          5.8368040855111065, 
          72.41634125987594
        ], 
        [
          -33.297316765990146, 
          14.444330085342092, 
          68.15754117970202
        ], 
        [
          -44.44280639487125, 
          12.908691550864498, 
          69.76758646062106
        ], 
        [
          -42.68779754906652, 
          7.239421594085097, 
          76.50926524339587
        ], 
        [
          -31.54230792018542, 
          8.775060128562691, 
          74.89921996247682
        ]
      ], 
      "cuboid_centroid": [
        -37.96947511453885, 
        9.372747818187802, 
        71.0919638602485
      ], 
      "location": [
        -37.96947511453885, 
        9.372747818187802, 
        71.0919638602485
      ],