{
  "camera_data": {
    "location_worldframe": [
      -10.058150928485441, 
      -1.3604855125478474, 
      76.790940576157
    ], 
    "quaternion_xyzw_worldframe": [
      -0.8287338693889743, 
      -0.10130910659847159, 
      -0.18900802876971023, 
      0.5169272527716415
    ]
  }, 
  "objects": [
    {
      "bounding_box": {
        "bottom_right": [
          476, 
          399
        ], 
        "top_left": [
          275, 
          235
        ]
      }, 
      "class": "003_cracker_box", 
      "cuboid": [
        [
          -8.79058361112948, 
          19.368016014467372, 
          61.09140326322352
        ], 
        [
          -23.73835771130776, 
          20.567234199818657, 
          54.44279131176189
        ], 
        [
          -28.40483454916899, 
          0.9337566361243679, 
          61.392906406061634
        ], 
        [
          -13.457060448990706, 
          -0.26546154922691967, 
          68.04151835752327
        ], 
        [
          -11.296630040002512, 
          22.134789817567295, 
          67.22468065412599
        ], 
        [
          -26.244404140180787, 
          23.334008002918583, 
          60.57606870266435
        ], 
        [
          -30.910880978042023, 
          3.7005304392242935, 
          67.5261837969641
        ], 
        [
          -15.963106877863739, 
          2.5013122538730057, 
          74.17479574842574
        ]
      ], 
      "cuboid_centroid": [
        -19.85073229458575, 
        11.534273226845832, 
        64.30879353009381
      ], 
      "location": [
        -19.85073229458575, 
        11.534273226845832, 
        64.30879353009381
      ], 
      "pose_transform_permuted": [
        [
          0.3490315443994802, 
          -0.38534455003463797, 
          -0.8542169272337772, 
          0.0
        ], 
        [
          0.9112495713691524, 
          -0.073107009114248, 
          0.40531417924605756, 
          0.0
        ], 
        [
          0.2186348547090553, 
          0.9198722427473132, 
          -0.32562840375092983, 
          0.0
        ], 
        [
          -19.85073229458575, 
          11.534273226845832, 
          64.30879353009381, 
          1.0
        ]
      ], 
      "projected_cuboid": [
        [
          404.21695817019844, 
          442.3666650687431
        ], 
        [
          247.11910954098317, 
          474.7624084528464
        ], 
        [
          232.78822705045684, 
          281.3980728331551
        ], 
        [
          375.239611631031, 
          271.20581071080386
        ], 
        [
          391.2296460240545, 
          448.89044958382317
        ], 
        [
          248.61238524398416, 
          478.722177638278
        ], 
        [
          235.42945507667105, 
          302.51320592543306
        ], 
        [
          365.8652439608953, 
          291.27106756667166
        ]
      ], 
      "projected_cuboid_centroid": [
        315.6009592462675, 
        368.94147802699683
      ], 
      "quaternion_xyzw": [
        0.9598618053332265, 
        -0.07598538201080467, 
        0.19647248162553424, 
        0.18517586329491095
      ], 
      "visibility": 0.5524483420527683
    }, 
    {
      "bounding_box": {
        "bottom_right": [
          446, 
          403
        ], 
        "top_left": [
          310, 
          328
        ]
      }, 
      "class": "006_mustard_bottle", 
      "cuboid": [
        [
          -8.527894111466175, 
          22.749737680462516, 
          73.7614445921497
        ], 
        [
          -16.177264663240752, 
          22.058539395627978, 
          67.99816055413011
        ], 
        [
          -20.10473577539878, 
          4.809871938574503, 
          75.27958742003622
        ], 
        [
          -12.455365223624199, 
          5.501070223409041, 
          81.0428714580558
        ], 
        [
          -11.839709600837702, 
          25.233664432871983, 
          77.8591808499144
        ], 
        [
          -19.48908015261228, 
          24.54246614803744, 
          72.09589681189482
        ], 
        [
          -23.416551264770305, 
          7.293798690983966, 
          79.37732367780092
        ], 
        [
          -15.767180712995726, 
          7.984996975818504, 
          85.14060771582051
        ]
      ], 
      "cuboid_centroid": [
        -15.97222268811824, 
        15.021768185723241, 
        76.56938413497531
      ], 
      "location": [
        -15.97222268811824, 
        15.021768185723241, 
        76.56938413497531
      ], 
      "pose_transform_permuted": [
        [
          0.5685617613894182, 
          -0.42643250327336996, 
          -0.7034860945306182, 
          0.0
        ], 
        [
          0.7966102943373631, 
          0.0719818271844321, 
          0.6001920501565341, 
          0.0
        ], 
        [
          0.20530321643807906, 
          0.9016506568925767, 
          -0.3806266967060551, 
          0.0
        ], 
        [
          -15.97222268811824, 
          15.021768185723241, 
          76.56938413497531, 
          1.0
        ]
      ], 
      "projected_cuboid": [
        [
          419.4237395806394, 
          437.7746480514548
        ], 
        [
          353.6590370771939, 
          446.2949096781319
        ], 
        [
          337.97774468291607, 
          307.3621617368385
        ], 
        [
          398.9488716072124, 
          309.4874823181883
        ], 
        [
          399.8216158412399, 
          446.1320168359002
        ], 
        [
          336.2278246655122, 
          454.83609065866574
        ], 
        [
          322.9550526132454, 
          322.2920410316432
        ], 
        [
          382.0086038889608, 
          323.30444803653427
        ]
      ], 
      "projected_cuboid_centroid": [
        369.42055438664, 
        377.91586519635854
      ], 
      "quaternion_xyzw": [
        0.9221912824572457, 
        -0.03614255301199617, 
        0.3168414822876342, 
        0.21878844859305033
      ], 
      "visibility": 0.07157548334018922
    }, 
    {
      "bounding_box": {
        "bottom_right": [
          356, 
          377
        ], 
        "top_left": [
          270, 
          269
        ]
      }, 
      "class": "008_pudding_box", 
      "cuboid": [
        [
          -11.539010901473116, 
          7.652305701435052, 
          62.051633867259824
        ], 
        [
          -21.663506408836213, 
          8.305053931120343, 
          56.929048479713295
        ], 
        [
          -23.680365228158568, 
          0.05970844111975737, 
          59.86460106061847
        ], 
        [
          -13.55586972079547, 
          -0.5930397885655331, 
          64.987186448165
        ], 
        [
          -13.058591853909762, 
          9.161760921358418, 
          65.24734740530268
        ], 
        [
          -23.183087361272857, 
          9.814509151043708, 
          60.12476201775615
        ], 
        [
          -25.199946180595212, 
          1.5691636610431225, 
          63.06031459866133
        ], 
        [
          -15.075450673232115, 
          0.9164154313578323, 
          68.18289998620786
        ]
      ], 
      "cuboid_centroid": [
        -18.369478541034166, 
        4.610734681239088, 
        62.55597423296058
      ], 
      "location": [
        -18.369478541034166, 
        4.610734681239088, 
        62.55597423296058
      ],