{
  "camera_data": {
    "location_worldframe": [
      -12.95380231857618, 
      -1.8654417390449665, 
      70.07076338982382
    ], 
    "quaternion_xyzw_worldframe": [
      -0.8335854838311707, 
      -0.0719483791161528, 
      -0.13458879095065637, 
      0.5308944615527474
    ]
  }, 
  "objects": [
    {
      "bounding_box": {
        "bottom_right": [
          487, 
          342
        ], 
        "top_left": [
          272, 
          170
        ]
      }, 
      "class": "003_cracker_box", 
      "cuboid": [
        [
          -13.882208625730646, 
          19.148275405592127, 
          54.73082048690959
        ], 
        [
          -29.556142798945768, 
          20.26863848257338, 
          50.02436855401869
        ], 
        [
          -33.1058261658793, 
          0.4579544646127559, 
          57.13000672954032
        ], 
        [
          -17.431891992664177, 
          -0.662408612368498, 
          61.83645866243121
        ], 
        [
          -15.631040830964087, 
          21.774887231960907, 
          61.1802308294495
        ], 
        [
          -31.30497500417921, 
          22.89525030894216, 
          56.4737788965586
        ], 
        [
          -34.85465837111274, 
          3.084566290981536, 
          63.579417072080226
        ], 
        [
          -19.180724197897618, 
          1.9642032140002819, 
          68.28586900497112
        ]
      ], 
      "cuboid_centroid": [
        -24.368433498421695, 
        11.11642084828683, 
        59.155118779494906
      ], 
      "location": [
        -24.368433498421695, 
        11.11642084828683, 
        59.155118779494906
      ], 
      "pose_transform_permuted": [
        [
          0.24356995084192126, 
          -0.3658233828922738, 
          -0.8982465872888785, 
          0.0
        ], 
        [
          0.9555179052940225, 
          -0.06829982623732692, 
          0.2869157827629465, 
          0.0
        ], 
        [
          0.1663105880856281, 
          0.9281747606271158, 
          -0.33291500720966105, 
          0.0
        ], 
        [
          -24.368433498421695, 
          11.11642084828683, 
          59.155118779494906, 
          1.0
        ]
      ], 
      "projected_cuboid": [
        [
          345.1958198539816, 
          459.8751943711052
        ], 
        [
          163.86731932645617, 
          489.374459517114
        ], 
        [
          169.97235361622907, 
          277.56163084699153
        ], 
        [
          329.99970277474506, 
          267.57347658240053
        ], 
        [
          344.20282906720047, 
          463.1023269169373
        ], 
        [
          183.4996252003642, 
          489.50166631080845
        ], 
        [
          186.79126575960962, 
          299.1606287536899
        ], 
        [
          330.5452708352142, 
          288.62716488738846
        ]
      ], 
      "projected_cuboid_centroid": [
        260.06988807769386, 
        373.50787225451273
      ], 
      "quaternion_xyzw": [
        0.9723604338425665, 
        -0.06031981715767253, 
        0.13639122776430193, 
        0.17965004688144956
      ], 
      "visibility": 0.45767447572845343
    }, 
    {
      "bounding_box": {
        "bottom_right": [
          457, 
          374
        ], 
        "top_left": [
          309, 
          297
        ]
      }, 
      "class": "006_mustard_bottle", 
      "cuboid": [
        [
          -12.07325742656952, 
          22.31179543926434, 
          67.33049293588795
        ], 
        [
          -20.375525756651506, 
          21.621668516767706, 
          62.55533501008396
        ], 
        [
          -23.176147149836982, 
          4.199103439492191, 
          69.9425862935129
        ], 
        [
          -14.873878819754996, 
          4.889230361988826, 
          74.7177442193169
        ], 
        [
          -14.873017906341254, 
          24.680644319074762, 
          71.85590480948633
        ], 
        [
          -23.17528623642324, 
          23.990517396578127, 
          67.08074688368235
        ], 
        [
          -25.97590762960872, 
          6.567952319302614, 
          74.4679981671113
        ], 
        [
          -17.67363929952673, 
          7.2580792417992495, 
          79.24315609291529
        ]
      ], 
      "cuboid_centroid": [
        -19.02458252808912, 
        14.439873879283477, 
        70.89924555149962
      ], 
      "location": [
        -19.02458252808912, 
        14.439873879283477, 
        70.89924555149962
      ], 
      "pose_transform_permuted": [
        [
          0.4806538150920895, 
          -0.4066763066640375, 
          -0.7769080596799666, 
          0.0
        ], 
        [
          0.864603482512698, 
          0.07187025483196707, 
          0.49728797095594063, 
          0.0
        ], 
        [
          0.146398678341988, 
          0.9107409187284925, 
          -0.38615852435664405, 
          0.0
        ], 
        [
          -19.02458252808912, 
          14.439873879283477, 
          70.89924555149962, 
          1.0
        ]
      ], 
      "projected_cuboid": [
        [
          385.16879212642147, 
          450.0165294698213
        ], 
        [
          306.43655570275905, 
          457.6234812488381
        ], 
        [
          303.4038013159574, 
          305.30514373679904
        ], 
        [
          374.54569973696164, 
          308.18483859165985
        ], 
        [
          370.2885567742102, 
          456.4680172981708
        ], 
        [
          295.80851396820765, 
          464.0210383022045
        ], 
        [
          294.0143651559598, 
          320.32442914856273
        ], 
        [
          361.6593010001381, 
          322.13461504844133
        ]
      ], 
      "projected_cuboid_centroid": [
        337.2974244711077, 
        381.90641762104985
      ], 
      "quaternion_xyzw": [
        0.9423710072101588, 
        -0.01977151857914711, 
        0.25943651135426393, 
        0.2103298024224632
      ], 
      "visibility": 0.042760518170354235
    }, 
    {
      "bounding_box": {
        "bottom_right": [
          359, 
          320
        ], 
        "top_left": [
          266, 
          204
        ]
      }, 
      "class": "008_pudding_box", 
      "cuboid": [
        [
          -16.36311846189348, 
          7.382850335823174, 
          55.804805711226436
        ], 
        [
          -27.055217035252216, 
          7.99300041150375, 
          51.99966240703861
        ], 
        [
          -28.600499887255097, 
          -0.3277927273859581, 
          55.0075542184112
        ], 
        [
          -17.908401313896366, 
          -0.937942803066534, 
          58.812697522599024
        ], 
        [
          -17.487184591166642, 
          8.816486317049655, 
          59.193216778311744
        ], 
        [
          -28.179283164525376, 
          9.42663639273023, 
          55.38807347412392
        ], 
        [
          -29.724566016528257, 
          1.1058432538405236, 
          58.39596528549651
        ], 
        [
          -19.032467443169523, 
          0.49569317815994773, 
          62.20110858968433
        ]
      ], 
      "cuboid_centroid": [
        -23.04384223921087, 
        4.2443467948318485, 
        57.100385498361476
      ], 
      "location": [
        -23.04384223921087, 
        4.2443467948318485, 
        57.100385498361476
      ],