{
  "camera_data": {
    "location_worldframe": [
      -22.038022120705172, 
      10.152217260178839, 
      81.09861627667708
    ], 
    "quaternion_xyzw_worldframe": [
      0.9459533392473289, 
      0.03967098928838707, 
      -0.11299195435525643, 
      -0.3013864578532761
    ]
  }, 
  "objects": [
    {
      "bounding_box": {
        "bottom_right": [
          481, 
          283
        ], 
        "top_left": [
          315, 
          64
        ]
      }, 
      "class": "003_cracker_box", 
      "cuboid": [
        [
          -33.762996008190946, 
          19.99948352652383, 
          60.04368911542528
        ], 
        [
          -49.81885911980962, 
          18.40352052634949, 
          63.00008515286575
        ], 
        [
          -45.519769214464475, 
          5.240230177171934, 
          79.2419803721868
        ], 
        [
          -29.463906102845794, 
          6.836193177346275, 
          76.28558433474633
        ], 
        [
          -33.49651089672942, 
          25.608063854479866, 
          64.5186427381097
        ], 
        [
          -49.552374008348096, 
          24.012100854305526, 
          67.47503877555017
        ], 
        [
          -45.25328410300295, 
          10.848810505127974, 
          83.71693399487124
        ], 
        [
          -29.19742099138427, 
          12.444773505302313, 
          80.76053795743077
        ]
      ], 
      "cuboid_centroid": [
        -39.50814005559695, 
        15.4241470158259, 
        71.88031155514825
      ], 
      "location": [
        -39.50814005559695, 
        15.4241470158259, 
        71.88031155514825
      ], 
      "pose_transform_permuted": [
        [
          -0.03711491891820645, 
          -0.7811393401180352, 
          -0.6232526085895317, 
          0.0
        ], 
        [
          0.9788011432585003, 
          0.09729345587397847, 
          -0.1802284811009391, 
          0.0
        ], 
        [
          -0.20142195696981077, 
          0.6167295312890888, 
          -0.7609690404256885, 
          0.0
        ], 
        [
          -39.50814005559695, 
          15.4241470158259, 
          71.88031155514825, 
          1.0
        ]
      ], 
      "projected_cuboid": [
        [
          179.20851411700042, 
          450.9257932493755
        ], 
        [
          56.34701143099576, 
          429.0793098829167
        ], 
        [
          172.68386591314342, 
          308.55467944740894
        ], 
        [
          273.89559227616775, 
          321.0789974298861
        ], 
        [
          202.40306379058904, 
          484.96616050740977
        ], 
        [
          86.67349108225704, 
          463.077071652415
        ], 
        [
          190.90811624309057, 
          342.398996123441
        ], 
        [
          287.1788195498307, 
          355.4682765677428
        ]
      ], 
      "projected_cuboid_centroid": [
        186.0216093705225, 
        387.7267717433542
      ], 
      "quaternion_xyzw": [
        0.8970483937805587, 
        0.08324952558715097, 
        -0.060571815725337944, 
        0.4297729061317966
      ], 
      "visibility": 0.4387487568935901
    }, 
    {
      "bounding_box": {
        "bottom_right": [
          506, 
          323
        ], 
        "top_left": [
          379, 
          218
        ]
      }, 
      "class": "006_mustard_bottle", 
      "cuboid": [
        [
          -28.1046532035725, 
          29.30838518532426, 
          67.34866591951854
        ], 
        [
          -37.170923005942186, 
          26.173559523793184, 
          67.77491438303652
        ], 
        [
          -32.669518220615245, 
          15.195372696426585, 
          82.78083003408764
        ], 
        [
          -23.60324841824556, 
          18.33019835795766, 
          82.35458157056966
        ], 
        [
          -29.44792137491158, 
          33.683251395184115, 
          70.95222425134416
        ], 
        [
          -38.51419117728126, 
          30.54842573365304, 
          71.37847271486214
        ], 
        [
          -34.01278639195432, 
          19.570238906286445, 
          86.38438836591327
        ], 
        [
          -24.94651658958464, 
          22.70506456781752, 
          85.95813990239529
        ]
      ], 
      "cuboid_centroid": [
        -31.058719797763413, 
        24.43931204580535, 
        76.8665271427159
      ], 
      "location": [
        -31.058719797763413, 
        24.43931204580535, 
        76.8665271427159
      ], 
      "pose_transform_permuted": [
        [
          0.23060793089648254, 
          -0.7510628675128855, 
          -0.6186472280800566, 
          0.0
        ], 
        [
          0.9441670797517009, 
          0.3264627299757697, 
          -0.04438978497454625, 
          0.0
        ], 
        [
          -0.23530481944387588, 
          0.5738698011907435, 
          -0.784413853286504, 
          0.0
        ], 
        [
          -31.058719797763413, 
          24.43931204580535, 
          76.8665271427159, 
          1.0
        ]
      ], 
      "projected_cuboid": [
        [
          257.1877059738308, 
          505.3733292645051
        ], 
        [
          186.66220884671614, 
          479.24580746047315
        ], 
        [
          269.3680859946003, 
          371.18347655104554
        ], 
        [
          327.47112418173367, 
          391.9909690073334
        ], 
        [
          258.40417159289666, 
          526.4701102157921
        ], 
        [
          191.43190580474146, 
          501.5356593080989
        ], 
        [
          269.8591264741565, 
          394.1091988058634
        ], 
        [
          325.5287897377375, 
          414.1580783024811
        ]
      ], 
      "projected_cuboid_centroid": [
        264.30792429471046, 
        442.8527223500703
      ], 
      "quaternion_xyzw": [
        0.8855343173788497, 
        0.15859564626542585, 
        0.05257225560527554, 
        0.4334887679294989
      ], 
      "visibility": 0.932322685435842
    }, 
    {
      "bounding_box": {
        "bottom_right": [
          373, 
          260
        ], 
        "top_left": [
          299, 
          143
        ]
      }, 
      "class": "008_pudding_box", 
      "cuboid": [
        [
          -32.7419099822876, 
          10.530655121854021, 
          67.46204777751962
        ], 
        [
          -43.884199401866425, 
          8.998983833168944, 
          69.09781675156151
        ], 
        [
          -42.11811789420832, 
          3.4821800125551063, 
          75.96198038706575
        ], 
        [
          -30.975828474629502, 
          5.013851301240183, 
          74.32621141302388
        ], 
        [
          -32.7980394370501, 
          13.521915620483776, 
          69.88059619813019
        ], 
        [
          -43.940328856628916, 
          11.9902443317987, 
          71.51636517217207
        ], 
        [
          -42.17424734897081, 
          6.473440511184861, 
          78.38052880767633
        ], 
        [
          -31.03195792939199, 
          8.005111799869939, 
          76.74475983363445
        ]
      ], 
      "cuboid_centroid": [
        -37.45807866562921, 
        8.502047816519442, 
        72.92128829259798
      ], 
      "location": [
        -37.45807866562921, 
        8.502047816519442, 
        72.92128829259798
      ],