{
  "camera_data": {
    "location_worldframe": [
      -15.924416976285988, 
      9.512762173784802, 
      76.53002067351977
    ], 
    "quaternion_xyzw_worldframe": [
      0.8671068852497053, 
      0.010797559842272259, 
      0.0010887216422879658, 
      -0.498005667171447
    ]
  }, 
  "objects": [
    {
      "bounding_box": {
        "bottom_right": [
          532, 
          319
        ], 
        "top_left": [
          352, 
          147
        ]
      }, 
      "class": "003_cracker_box", 
      "cuboid": [
        [
          -22.045319574368406, 
          28.945936247156517, 
          60.32382710074064
        ], 
        [
          -38.44205463142597, 
          29.418214797941406, 
          60.277479217462435
        ], 
        [
          -39.01861001308471, 
          10.338224823777574, 
          69.82604526813641
        ], 
        [
          -22.621874956027153, 
          9.865946272992684, 
          69.8723931514146
        ], 
        [
          -21.970973955443625, 
          32.157268065692705, 
          66.74521466225305
        ], 
        [
          -38.36770901250118, 
          32.62954661647759, 
          66.69886677897485
        ], 
        [
          -38.94426439415993, 
          13.549556642313759, 
          76.24743282964882
        ], 
        [
          -22.54752933710237, 
          13.077278091528871, 
          76.29378071292702
        ]
      ], 
      "cuboid_centroid": [
        -30.494791984264168, 
        21.24774644473514, 
        68.28562996519473
      ], 
      "location": [
        -30.494791984264168, 
        21.24774644473514, 
        68.28562996519473
      ], 
      "pose_transform_permuted": [
        [
          -0.010354543273294825, 
          -0.44726070965370135, 
          -0.8943436929020459, 
          0.0
        ], 
        [
          0.9995814555706359, 
          -0.028791151383833313, 
          0.0028254700992988435, 
          0.0
        ], 
        [
          0.02701290641323706, 
          0.8939401138790342, 
          -0.44737163039809424, 
          0.0
        ], 
        [
          -30.494791984264168, 
          21.24774644473514, 
          68.28562996519473, 
          1.0
        ]
      ], 
      "projected_cuboid": [
        [
          285.07141417552225, 
          529.1959422049367
        ], 
        [
          138.6372436256833, 
          533.5713119527416
        ], 
        [
          181.09595364464187, 
          352.24815943048276
        ], 
        [
          307.49067574060234, 
          348.5909910935418
        ], 
        [
          304.57764846430973, 
          530.235307829606
        ], 
        [
          172.25488159300875, 
          534.1901640989455
        ], 
        [
          206.92783349577505, 
          368.0601406124561
        ], 
        [
          322.66864983867737, 
          364.7011780165123
        ]
      ], 
      "projected_cuboid_centroid": [
        241.44402564601614, 
        439.2341800110713
      ], 
      "quaternion_xyzw": [
        0.9731219428149429, 
        -0.01433634762043449, 
        -0.0019342573738026824, 
        0.22983561994910398
      ], 
      "visibility": 0.2256083248572099
    }, 
    {
      "bounding_box": {
        "bottom_right": [
          522, 
          367
        ], 
        "top_left": [
          381, 
          291
        ]
      }, 
      "class": "006_mustard_bottle", 
      "cuboid": [
        [
          -16.8211696162466, 
          33.32483281400484, 
          71.52957154922552
        ], 
        [
          -26.11094153531993, 
          32.07864704428946, 
          69.44313282998138
        ], 
        [
          -25.983913527355085, 
          15.411703282743177, 
          78.83235990781036
        ], 
        [
          -16.694141608281754, 
          16.657889052458565, 
          80.9187986270545
        ], 
        [
          -18.29488443302949, 
          36.08226411901771, 
          76.44426315929688
        ], 
        [
          -27.584656352102822, 
          34.836078349302326, 
          74.35782444005274
        ], 
        [
          -27.457628344137973, 
          18.16913458775604, 
          83.74705151788172
        ], 
        [
          -18.16785642506464, 
          19.415320357471426, 
          85.83349023712586
        ]
      ], 
      "cuboid_centroid": [
        -22.139398980192286, 
        25.746983700880442, 
        77.63831153355362
      ], 
      "location": [
        -22.139398980192286, 
        25.746983700880442, 
        77.63831153355362
      ], 
      "pose_transform_permuted": [
        [
          0.25300258867222364, 
          -0.4733868794079306, 
          -0.8437383445652731, 
          0.0
        ], 
        [
          0.9674427317504144, 
          0.12977857538640275, 
          0.21728304976261922, 
          0.0
        ], 
        [
          -0.006640216533273319, 
          0.8712418410527448, 
          -0.4908090890798727, 
          0.0
        ], 
        [
          -22.139398980192286, 
          25.746983700880442, 
          77.63831153355362, 
          1.0
        ]
      ], 
      "projected_cuboid": [
        [
          355.1344109132617, 
          521.7542075155973
        ], 
        [
          279.395292524099, 
          519.6488487406708
        ], 
        [
          304.3448118604336, 
          377.5503603549124
        ], 
        [
          370.652408312182, 
          383.0753459803482
        ], 
        [
          352.89767229159554, 
          525.017371199433
        ], 
        [
          282.10178071688426, 
          523.1427289670318
        ], 
        [
          305.2837031898056, 
          388.99157009057745
        ], 
        [
          367.7718076660737, 
          393.9220909756698
        ]
      ], 
      "projected_cuboid_centroid": [
        328.2478796025256, 
        450.14987186954306
      ], 
      "quaternion_xyzw": [
        0.9594820109528411, 
        0.03554490609579054, 
        0.1225363355087325, 
        0.2512282558404302
      ], 
      "visibility": 0.45169502880879003
    }, 
    {
      "bounding_box": {
        "bottom_right": [
          424, 
          294
        ], 
        "top_left": [
          348, 
          184
        ]
      }, 
      "class": "008_pudding_box", 
      "cuboid": [
        [
          -23.647712118252283, 
          17.308248508482414, 
          63.10419053350754
        ], 
        [
          -34.997512089034515, 
          17.42004038352338, 
          62.51945659180011
        ], 
        [
          -35.28500435036675, 
          9.40772186095893, 
          66.56803792289068
        ], 
        [
          -23.935204379584512, 
          9.295929985917969, 
          67.15277186459812
        ], 
        [
          -23.807218119343155, 
          19.046318903776783, 
          66.53257725116497
        ], 
        [
          -35.15701809012538, 
          19.15811077881774, 
          65.94784330945753
        ], 
        [
          -35.444510351457616, 
          11.145792256253294, 
          69.9964246405481
        ], 
        [
          -24.094710380675384, 
          11.034000381212335, 
          70.58115858225554
        ]
      ], 
      "cuboid_centroid": [
        -29.546111234854948, 
        14.227020382367856, 
        66.55030758702782
      ], 
      "location": [
        -29.546111234854948, 
        14.227020382367856, 
        66.55030758702782
      ],