{
  "camera_data": {
    "location_worldframe": [
      -9.602534178083047, 
      -0.37653296870171354, 
      80.13890107400728
    ], 
    "quaternion_xyzw_worldframe": [
      -0.8284518430020794, 
      -0.10923784033323017, 
      -0.20597936764047411, 
      0.5092225924125371
    ]
  }, 
  "objects": [
    {
      "bounding_box": {
        "bottom_right": [
          475, 
          412
        ], 
        "top_left": [
          282, 
          252
        ]
      }, 
      "class": "003_cracker_box", 
      "cuboid": [
        [
          -7.585045159881974, 
          20.149918744896688, 
          64.25345875360105
        ], 
        [
          -22.260379827079717, 
          21.37313918636316, 
          57.02736715132539
        ], 
        [
          -27.33405141081417, 
          1.8590025311147507, 
          64.0280724305877
        ], 
        [
          -12.658716743616427, 
          0.6357820896482763, 
          71.25416403286336
        ], 
        [
          -10.301230511977284, 
          23.008693159952305, 
          70.25363737692794
        ], 
        [
          -24.976565179175026, 
          24.231913601418782, 
          63.02754577465228
        ], 
        [
          -30.050236762909478, 
          4.7177769461703685, 
          70.02825105391459
        ], 
        [
          -15.374902095711734, 
          3.494556504703894, 
          77.25434265619025
        ]
      ], 
      "cuboid_centroid": [
        -18.817640961395725, 
        12.433847845533528, 
        67.14085490375781
      ], 
      "location": [
        -18.817640961395725, 
        12.433847845533528, 
        67.14085490375781
      ], 
      "pose_transform_permuted": [
        [
          0.3782988046009197, 
          -0.3981580060451209, 
          -0.83567949398061, 
          0.0
        ], 
        [
          0.8946410572944978, 
          -0.07457024005754917, 
          0.44051862378421897, 
          0.0
        ], 
        [
          0.23771283734897053, 
          0.9142808548361563, 
          -0.3279986668259014, 
          0.0
        ], 
        [
          -18.817640961395725, 
          12.433847845533528, 
          67.14085490375781, 
          1.0
        ]
      ], 
      "projected_cuboid": [
        [
          418.1146599154847, 
          440.5358421343961
        ], 
        [
          271.68326995212703, 
          473.16800281713296
        ], 
        [
          252.0216851755844, 
          288.7710343495407
        ], 
        [
          386.0601630318304, 
          278.045207788894
        ], 
        [
          402.7451930255048, 
          447.9534606283254
        ], 
        [
          268.49186442854307, 
          478.32949027333996
        ], 
        [
          250.83397256253917, 
          309.21607779657205
        ], 
        [
          374.5730644937984, 
          297.4109477476397
        ]
      ], 
      "projected_cuboid_centroid": [
        330.87735866861146, 
        372.0522531290725
      ], 
      "quaternion_xyzw": [
        0.9545419590189925, 
        -0.08178872454372281, 
        0.21445296894718446, 
        0.19018458696601254
      ], 
      "visibility": 0.5714402351404311
    }, 
    {
      "bounding_box": {
        "bottom_right": [
          446, 
          410
        ], 
        "top_left": [
          316, 
          337
        ]
      }, 
      "class": "006_mustard_bottle", 
      "cuboid": [
        [
          -7.777965079503356, 
          23.683680257109103, 
          76.88316130671052
        ], 
        [
          -15.208111249383444, 
          22.976165654614718, 
          70.84176918306227
        ], 
        [
          -19.53805803977514, 
          5.845443843984367, 
          78.17325379557843
        ], 
        [
          -12.107911869895055, 
          6.552958446478753, 
          84.21464591922668
        ], 
        [
          -11.224187016178117, 
          26.240521604531263, 
          80.82214252937078
        ], 
        [
          -18.654333186058203, 
          25.53300700203688, 
          74.78075040572253
        ], 
        [
          -22.9842799764499, 
          8.402285191406527, 
          82.11223501823869
        ], 
        [
          -15.554133806569814, 
          9.109799793900912, 
          88.15362714188694
        ]
      ], 
      "cuboid_centroid": [
        -15.381122527976629, 
        16.042982724257815, 
        79.4976981624746
      ], 
      "location": [
        -15.381122527976629, 
        16.042982724257815, 
        79.4976981624746
      ], 
      "pose_transform_permuted": [
        [
          0.5916362251287378, 
          -0.43895024488804, 
          -0.6762315440648423, 
          0.0
        ], 
        [
          0.7737801283511718, 
          0.07368101884020804, 
          0.6291544023462654, 
          0.0
        ], 
        [
          0.2263420857052978, 
          0.8954852084693976, 
          -0.38324339740052354, 
          0.0
        ], 
        [
          -15.381122527976629, 
          16.042982724257815, 
          79.4976981624746, 
          1.0
        ]
      ], 
      "projected_cuboid": [
        [
          427.1936122181666, 
          437.5744037247713
        ], 
        [
          366.15140613873814, 
          446.2584898552749
        ], 
        [
          347.1922172925945, 
          313.165774458866
        ], 
        [
          404.2803593635023, 
          314.7855080129176
        ], 
        [
          406.91501147044073, 
          446.43938454494236
        ], 
        [
          347.4498572935522, 
          455.3822320945849
        ], 
        [
          331.0699431000043, 
          327.8594434074132
        ], 
        [
          386.71210792114704, 
          328.3998076945007
        ]
      ], 
      "projected_cuboid_centroid": [
        377.55111003329415, 
        380.91275933235454
      ], 
      "quaternion_xyzw": [
        0.9145349748486129, 
        -0.04173188316017122, 
        0.33371895582153277, 
        0.22475729876396067
      ], 
      "visibility": 0.03236873508353222
    }, 
    {
      "bounding_box": {
        "bottom_right": [
          360, 
          391
        ], 
        "top_left": [
          277, 
          287
        ]
      }, 
      "class": "008_pudding_box", 
      "cuboid": [
        [
          -10.455550639462823, 
          8.466363820915781, 
          65.24777168182885
        ], 
        [
          -20.37321824334138, 
          9.127856535581152, 
          59.736449946518825
        ], 
        [
          -22.561680314721603, 
          0.9332366440532154, 
          62.69106486175148
        ], 
        [
          -12.644012710843045, 
          0.27174392938784164, 
          68.2023865970615
        ], 
        [
          -12.083949450264189, 
          10.025252391112055, 
          68.36519851944423
        ], 
        [
          -22.00161705414275, 
          10.68674510577743, 
          62.85387678413421
        ], 
        [
          -24.190079125522967, 
          2.492125214249491, 
          65.80849169936687
        ], 
        [
          -14.272411521644413, 
          1.830632499584118, 
          71.31981343467689
        ]
      ], 
      "cuboid_centroid": [
        -17.322814882492896, 
        5.479244517582636, 
        65.52813169059786
      ], 
      "location": [
        -17.322814882492896, 
        5.479244517582636, 
        65.52813169059786
      ],