{
  "camera_data": {
    "location_worldframe": [
      -21.996553009029004, 
      10.162838369144382, 
      81.07330999299174
    ], 
    "quaternion_xyzw_worldframe": [
      0.9460383746460993, 
      0.039257884933529705, 
      -0.11321681383615059, 
      -0.3010899198069036
    ]
  }, 
  "objects": [
    {
      "bounding_box": {
        "bottom_right": [
          481, 
          283
        ], 
        "top_left": [
          315, 
          65
        ]
      }, 
      "class": "003_cracker_box", 
      "cuboid": [
        [
          -33.729056956419306, 
          20.001744297471323, 
          60.01866362434188
        ], 
        [
          -49.78397773583544, 
          18.417319191224237, 
          62.986361644107745
        ], 
        [
          -45.48231601483117, 
          5.263267923198807, 
          79.23505970957136
        ], 
        [
          -29.427395235415034, 
          6.847693029445891, 
          76.2673616898055
        ], 
        [
          -33.456461162369585, 
          25.613403528706506, 
          64.48938725038968
        ], 
        [
          -49.51138194178573, 
          24.028978422459424, 
          67.45708527015555
        ], 
        [
          -45.20972022078145, 
          10.874927154433992, 
          83.70578333561916
        ], 
        [
          -29.154799441365313, 
          12.459352260681076, 
          80.7380853158533
        ]
      ], 
      "cuboid_centroid": [
        -39.46938858860038, 
        15.438335725952657, 
        71.86222347998053
      ], 
      "location": [
        -39.46938858860038, 
        15.438335725952657, 
        71.86222347998053
      ], 
      "pose_transform_permuted": [
        [
          -0.037965988936910194, 
          -0.781568156740982, 
          -0.6226634725536311, 
          0.0
        ], 
        [
          0.9787436965905287, 
          0.09659008018571538, 
          -0.18091747509299524, 
          0.0
        ], 
        [
          -0.2015424522733359, 
          0.6162966597169103, 
          -0.7612877689503685, 
          0.0
        ], 
        [
          -39.46938858860038, 
          15.438335725952657, 
          71.86222347998053, 
          1.0
        ]
      ], 
      "projected_cuboid": [
        [
          179.38652172514966, 
          451.01995101092615
        ], 
        [
          56.55216743566046, 
          429.2300904871784
        ], 
        [
          172.91107718963394, 
          308.71282358287556
        ], 
        [
          274.10340542385785, 
          321.1708322749954
        ], 
        [
          202.61037463411103, 
          485.10634703756097
        ], 
        [
          86.89516973567262, 
          463.26101886764366
        ], 
        [
          191.14926702228988, 
          342.57460131350996
        ], 
        [
          287.40863838488434, 
          355.5874313981405
        ]
      ], 
      "projected_cuboid_centroid": [
        186.2371990462375, 
        387.8608772588024
      ], 
      "quaternion_xyzw": [
        0.8968979636587806, 
        0.08310101721127162, 
        -0.061011250136246906, 
        0.43005335841032205
      ], 
      "visibility": 0.4390761999457652
    }, 
    {
      "bounding_box": {
        "bottom_right": [
          506, 
          323
        ], 
        "top_left": [
          380, 
          218
        ]
      }, 
      "class": "006_mustard_bottle", 
      "cuboid": [
        [
          -28.06065250748676, 
          29.312620045083605, 
          67.31333715598035
        ], 
        [
          -37.12848491708306, 
          26.18341618166209, 
          67.74757946486861
        ], 
        [
          -32.62402633913939, 
          15.213450302838133, 
          82.75858999452377
        ], 
        [
          -23.556193929543102, 
          18.34265416625965, 
          82.32434768563553
        ], 
        [
          -29.399081616251934, 
          33.690877839157515, 
          70.91457619200908
        ], 
        [
          -38.46691402584822, 
          30.561673975736003, 
          71.34881850089734
        ], 
        [
          -33.96245544790456, 
          19.591708096912047, 
          86.35982903055252
        ], 
        [
          -24.894623038308268, 
          22.720911960333563, 
          85.92558672166426
        ]
      ], 
      "cuboid_centroid": [
        -31.011553977695662, 
        24.452164070997824, 
        76.83658309326643
      ], 
      "location": [
        -31.011553977695662, 
        24.452164070997824, 
        76.83658309326643
      ], 
      "pose_transform_permuted": [
        [
          0.22977717629999986, 
          -0.7516451237106817, 
          -0.6182490588862429, 
          0.0
        ], 
        [
          0.9443298106580277, 
          0.32587727235981956, 
          -0.045222269094672134, 
          0.0
        ], 
        [
          -0.23546445230396404, 
          0.5734400622748412, 
          -0.7846801811435151, 
          0.0
        ], 
        [
          -31.011553977695662, 
          24.452164070997824, 
          76.83658309326643, 
          1.0
        ]
      ], 
      "projected_cuboid": [
        [
          257.4214469597051, 
          505.52869034825267
        ], 
        [
          186.88007134484883, 
          479.406501444365
        ], 
        [
          269.6066584011903, 
          371.3262819480912
        ], 
        [
          327.72189306601416, 
          392.1152557206586
        ], 
        [
          258.65604485165306, 
          526.6618790001716
        ], 
        [
          191.66763964620938, 
          501.7295531316716
        ], 
        [
          270.1123232185007, 
          394.27614290711597
        ], 
        [
          325.7944378013825, 
          414.30980891009585
        ]
      ], 
      "projected_cuboid_centroid": [
        264.553348586741, 
        443.0080095120953
      ], 
      "quaternion_xyzw": [
        0.8854404175068913, 
        0.15849223549234887, 
        0.05210822308207186, 
        0.43377433265921583
      ], 
      "visibility": 0.931916621548457
    }, 
    {
      "bounding_box": {
        "bottom_right": [
          373, 
          260
        ], 
        "top_left": [
          299, 
          144
        ]
      }, 
      "class": "008_pudding_box", 
      "cuboid": [
        [
          -32.70880652214492, 
          10.537667988519955, 
          67.44322423452078
        ], 
        [
          -43.85095673724129, 
          9.013716915616866, 
          69.08713186401334
        ], 
        [
          -42.08377555253603, 
          3.5008549230097574, 
          75.95417882851724
        ], 
        [
          -30.94162533743966, 
          5.024805995912848, 
          74.31027119902468
        ], 
        [
          -32.76165653643924, 
          13.530713042761578, 
          69.85963780186836
        ], 
        [
          -43.90380675153561, 
          12.006761969858488, 
          71.50354543136092
        ], 
        [
          -42.136625566830354, 
          6.49389997725138, 
          78.37059239586482
        ], 
        [
          -30.994475351733985, 
          8.01785105015447, 
          76.72668476637226
        ]
      ], 
      "cuboid_centroid": [
        -37.422716044487636, 
        8.515783982885667, 
        72.9069083151928
      ], 
      "location": [
        -37.422716044487636, 
        8.515783982885667, 
        72.9069083151928
      ],