{
  "camera_data": {
    "location_worldframe": [
      -23.422296559698225, 
      15.070249442817655, 
      73.29320586549704
    ], 
    "quaternion_xyzw_worldframe": [
      0.9200417523509842, 
      0.02618779257672644, 
      -0.09487933482691085, 
      -0.37925845269200126
    ]
  }, 
  "objects": [
    {
      "bounding_box": {
        "bottom_right": [
          539, 
          253
        ], 
        "top_left": [
          369, 
          12
        ]
      }, 
      "class": "003_cracker_box", 
      "cuboid": [
        [
          -34.247365548566734, 
          28.773399594590305, 
          53.985321743055714
        ], 
        [
          -50.414718182550864, 
          27.5758408011192, 
          56.487456318122085
        ], 
        [
          -47.08483900584971, 
          11.769200477922439, 
          70.4379248947706
        ], 
        [
          -30.91748637186558, 
          12.96675927139354, 
          67.93579031970424
        ], 
        [
          -33.778892573815114, 
          33.56960065444309, 
          59.30785741699318
        ], 
        [
          -49.946245207799244, 
          32.37204186097199, 
          61.80999199205955
        ], 
        [
          -46.61636603109809, 
          16.565401537775227, 
          75.76046056870808
        ], 
        [
          -30.449013397113955, 
          17.76296033124633, 
          73.2583259936417
        ]
      ], 
      "cuboid_centroid": [
        -40.43186578983241, 
        22.669400566182766, 
        64.8728911558819
      ], 
      "location": [
        -40.43186578983241, 
        22.669400566182766, 
        64.8728911558819
      ], 
      "pose_transform_permuted": [
        [
          -0.06524693397660178, 
          -0.6679945925517632, 
          -0.74130025086213, 
          0.0
        ], 
        [
          0.9855977926316313, 
          0.07300584889270481, 
          -0.1525356915187776, 
          0.0
        ], 
        [
          -0.1560122712042521, 
          0.7405763771205909, 
          -0.6536105881062757, 
          0.0
        ], 
        [
          -40.43186578983241, 
          22.669400566182766, 
          64.8728911558819, 
          1.0
        ]
      ], 
      "projected_cuboid": [
        [
          140.44876613468207, 
          557.538200891597
        ], 
        [
          1.6458874528101495, 
          533.6405507169776
        ], 
        [
          122.12406871290653, 
          362.39684471634064
        ], 
        [
          236.86139127430127, 
          375.08010830948103
        ], 
        [
          175.31264441153283, 
          575.1575919696314
        ], 
        [
          47.050928042960855, 
          552.6045465310942
        ], 
        [
          150.70409266385263, 
          389.89951758676216
        ], 
        [
          258.0813995673957, 
          402.6006394334408
        ]
      ], 
      "projected_cuboid_centroid": [
        146.4370013380857, 
        459.65152103183436
      ], 
      "quaternion_xyzw": [
        0.9310577882997317, 
        0.06149406701037928, 
        -0.058477204162882074, 
        0.3548665821998848
      ], 
      "visibility": 0.1839533459384708
    }, 
    {
      "bounding_box": {
        "bottom_right": [
          539, 
          304
        ], 
        "top_left": [
          424, 
          196
        ]
      }, 
      "class": "006_mustard_bottle", 
      "cuboid": [
        [
          -28.259111899194334, 
          36.477545871238014, 
          62.75012940684582
        ], 
        [
          -37.478769701464856, 
          33.79915832191575, 
          62.57629628320871
        ], 
        [
          -33.813665630350606, 
          20.33375515281199, 
          75.66104562073073
        ], 
        [
          -24.594007828080084, 
          23.01214270213425, 
          75.83487874436784
        ], 
        [
          -29.444633077471753, 
          40.28269741381482, 
          66.9980486220684
        ], 
        [
          -38.664290879742275, 
          37.60430986449256, 
          66.82421549843129
        ], 
        [
          -34.999186808628025, 
          24.138906695388798, 
          79.9089648359533
        ], 
        [
          -25.779529006357503, 
          26.81729424471106, 
          80.08279795959041
        ]
      ], 
      "cuboid_centroid": [
        -31.629149353911178, 
        30.308226283313406, 
        71.32954712139956
      ], 
      "location": [
        -31.629149353911178, 
        30.308226283313406, 
        71.32954712139956
      ], 
      "pose_transform_permuted": [
        [
          0.20352643782512814, 
          -0.6532560978545596, 
          -0.7292690184576753, 
          0.0
        ], 
        [
          0.9601410032166162, 
          0.27892897586457666, 
          0.01810309160065712, 
          0.0
        ], 
        [
          -0.19158833582523827, 
          0.7038856562673745, 
          -0.6839874943862373, 
          0.0
        ], 
        [
          -31.629149353911178, 
          30.308226283313406, 
          71.32954712139956, 
          1.0
        ]
      ], 
      "projected_cuboid": [
        [
          239.41854773532066, 
          583.3128238719723
        ], 
        [
          159.51450788638365, 
          561.3469394184017
        ], 
        [
          241.26503908747486, 
          416.61511259249653
        ], 
        [
          307.1948325181027, 
          435.1227083160339
        ], 
        [
          245.25788440899598, 
          593.9458980014919
        ], 
        [
          170.4484195407433, 
          573.4040135519573
        ], 
        [
          246.06275380039872, 
          434.3917616997089
        ], 
        [
          308.48494703146525, 
          451.8790516394133
        ]
      ], 
      "projected_cuboid_centroid": [
        243.14022865328252, 
        499.8962847188304
      ], 
      "quaternion_xyzw": [
        0.9210450149072066, 
        0.12771289786993162, 
        0.06015708402919752, 
        0.36296911947770577
      ], 
      "visibility": 0.6074275315355232
    }, 
    {
      "bounding_box": {
        "bottom_right": [
          446, 
          222
        ], 
        "top_left": [
          357, 
          89
        ]
      }, 
      "class": "008_pudding_box", 
      "cuboid": [
        [
          -33.84264255806005, 
          18.196759009127632, 
          59.790878399486104
        ], 
        [
          -45.076193514176786, 
          17.014374076908386, 
          61.04852277333258
        ], 
        [
          -43.71731161905643, 
          10.382458742272375, 
          66.95123822396582
        ], 
        [
          -32.483760662939694, 
          11.564843674491621, 
          65.69359385011933
        ], 
        [
          -33.79133665394721, 
          20.76012469230207, 
          62.659099176853026
        ], 
        [
          -45.02488761006395, 
          19.577739760082824, 
          63.916743550699515
        ], 
        [
          -43.666005714943594, 
          12.945824425446812, 
          69.81945900133275
        ], 
        [
          -32.43245475882686, 
          14.128209357666059, 
          68.56181462748626
        ]
      ], 
      "cuboid_centroid": [
        -38.75432413650182, 
        15.571291717287222, 
        64.80516870040942
      ], 
      "location": [
        -38.75432413650182, 
        15.571291717287222, 
        64.80516870040942
      ],