{
  "camera_data": {
    "location_worldframe": [
      -16.693108848154754, 
      3.592419372686928, 
      71.63138498666274
    ], 
    "quaternion_xyzw_worldframe": [
      -0.851260442990569, 
      -0.03136871020594815, 
      -0.06018247761091183, 
      0.5203423992269853
    ]
  }, 
  "objects": [
    {
      "bounding_box": {
        "bottom_right": [
          516, 
          302
        ], 
        "top_left": [
          314, 
          124
        ]
      }, 
      "class": "003_cracker_box", 
      "cuboid": [
        [
          -20.399591931146645, 
          24.029308737789762, 
          55.93591355362268
        ], 
        [
          -36.65417322297082, 
          24.932121758928616, 
          53.923047099160804
        ], 
        [
          -38.768219860930735, 
          5.383983716591407, 
          62.226940947028474
        ], 
        [
          -22.513638569106565, 
          4.4811706954525565, 
          64.23980740149037
        ], 
        [
          -21.052779057411815, 
          26.88461946796035, 
          62.49128880963946
        ], 
        [
          -37.307360349235985, 
          27.787432489099196, 
          60.478422355177564
        ], 
        [
          -39.42140698719591, 
          8.23929444676199, 
          68.78231620304524
        ], 
        [
          -23.16682569537173, 
          7.3364814256231385, 
          70.79518265750713
        ]
      ], 
      "cuboid_centroid": [
        -29.910499459171273, 
        16.134301592275875, 
        62.35911487833397
      ], 
      "location": [
        -29.910499459171273, 
        16.134301592275875, 
        62.35911487833397
      ], 
      "pose_transform_permuted": [
        [
          0.09097313953784703, 
          -0.39767559866798385, 
          -0.9130049321371096, 
          0.0
        ], 
        [
          0.9909154457173099, 
          -0.05503749073445363, 
          0.12270881815305634, 
          0.0
        ], 
        [
          0.09904780321386403, 
          0.9158738957071085, 
          -0.3890559597805848, 
          0.0
        ], 
        [
          -29.910499459171273, 
          16.134301592275875, 
          62.35911487833397, 
          1.0
        ]
      ], 
      "projected_cuboid": [
        [
          285.4767982056383, 
          502.39338733401564
        ], 
        [
          116.05215791172529, 
          519.8747687910214
        ], 
        [
          146.56286430946963, 
          319.4302806728375
        ], 
        [
          293.13098829337724, 
          310.4892660730837
        ], 
        [
          300.428985229773, 
          502.7280220904296
        ], 
        [
          149.86625974780142, 
          518.325699642272
        ], 
        [
          173.38682873069322, 
          337.17181144329186
        ], 
        [
          305.6206142278499, 
          328.55427045957555
        ]
      ], 
      "projected_cuboid_centroid": [
        223.65898906372203, 
        411.2734067293068
      ], 
      "quaternion_xyzw": [
        0.977214699229592, 
        -0.039419508852505517, 
        0.0546660723225316, 
        0.20126886114914289
      ], 
      "visibility": 0.30845674201091194
    }, 
    {
      "bounding_box": {
        "bottom_right": [
          494, 
          352
        ], 
        "top_left": [
          347, 
          275
        ]
      }, 
      "class": "006_mustard_bottle", 
      "cuboid": [
        [
          -16.50831351961272, 
          27.655893599635572, 
          67.92494697546833
        ], 
        [
          -25.493662261200438, 
          26.76808553688259, 
          64.65671004312019
        ], 
        [
          -26.84337835347569, 
          9.618919129214031, 
          73.02600473124873
        ], 
        [
          -17.85802961188797, 
          10.506727191967013, 
          76.29424166359688
        ], 
        [
          -18.521174468851413, 
          30.18036937386004, 
          72.77312903161679
        ], 
        [
          -27.50652321043913, 
          29.292561311107058, 
          69.50489209926864
        ], 
        [
          -28.856239302714382, 
          12.143394903438498, 
          77.87418678739719
        ], 
        [
          -19.870890561126664, 
          13.03120296619148, 
          81.14242371974534
        ]
      ], 
      "cuboid_centroid": [
        -22.682276411163553, 
        19.899644251537037, 
        72.89956688143276
      ], 
      "location": [
        -22.682276411163553, 
        19.899644251537037, 
        72.89956688143276
      ], 
      "pose_transform_permuted": [
        [
          0.3455614512354081, 
          -0.4333938280632758, 
          -0.8323201996689209, 
          0.0
        ], 
        [
          0.9357399092268454, 
          0.09245689398857328, 
          0.3403562642207345, 
          0.0
        ], 
        [
          0.07055457496925695, 
          0.8964493747203285, 
          -0.4374935091112102, 
          0.0
        ], 
        [
          -22.682276411163553, 
          19.899644251537037, 
          72.89956688143276, 
          1.0
        ]
      ], 
      "projected_cuboid": [
        [
          350.90021321903987, 
          490.429580464929
        ], 
        [
          269.5606967337492, 
          494.08255762578483
        ], 
        [
          283.9222401337764, 
          343.53490990632315
        ], 
        [
          355.72379813185415, 
          346.73170558949624
        ], 
        [
          344.7330737008536, 
          494.4640828885026
        ], 
        [
          268.77725179932065, 
          498.0519626387769
        ], 
        [
          282.32889273892613, 
          356.45029962513985
        ], 
        [
          349.9045529566738, 
          358.93588656574
        ]
      ], 
      "projected_cuboid_centroid": [
        314.27492141166897, 
        418.8686097479942
      ], 
      "quaternion_xyzw": [
        0.9571454282939575, 
        0.005720739600239126, 
        0.17915713098027883, 
        0.22746996209520104
      ], 
      "visibility": 0.24715370018975333
    }, 
    {
      "bounding_box": {
        "bottom_right": [
          397, 
          279
        ], 
        "top_left": [
          310, 
          161
        ]
      }, 
      "class": "008_pudding_box", 
      "cuboid": [
        [
          -22.556081983839732, 
          12.303858127949532, 
          57.8325601462146
        ], 
        [
          -33.74373572749014, 
          12.744012580698277, 
          55.87934782990368
        ], 
        [
          -34.68128097464409, 
          4.534194206967964, 
          59.39940491491092
        ], 
        [
          -23.493627230993674, 
          4.094039754219218, 
          61.35261723122183
        ], 
        [
          -23.102016707602736, 
          13.857025794845748, 
          61.30959794081656
        ], 
        [
          -34.28967045125315, 
          14.297180247594493, 
          59.35638562450565
        ], 
        [
          -35.22721569840709, 
          6.08736187386418, 
          62.87644270951288
        ], 
        [
          -24.03956195475668, 
          5.647207421115434, 
          64.8296550258238
        ]
      ], 
      "cuboid_centroid": [
        -28.891648841123413, 
        9.195610000906857, 
        60.35450142786374
      ], 
      "location": [
        -28.891648841123413, 
        9.195610000906857, 
        60.35450142786374
      ],