{
  "camera_data": {
    "location_worldframe": [
      -11.633513210230664, 
      -2.208325275645499, 
      71.90093735737064
    ], 
    "quaternion_xyzw_worldframe": [
      -0.8306787376042815, 
      -0.08193668670469491, 
      -0.15534630383900405, 
      0.5283248691679995
    ]
  }, 
  "objects": [
    {
      "bounding_box": {
        "bottom_right": [
          481, 
          365
        ], 
        "top_left": [
          269, 
          197
        ]
      }, 
      "class": "003_cracker_box", 
      "cuboid": [
        [
          -11.730676364343111, 
          18.794441511497656, 
          56.51818370580717
        ], 
        [
          -27.16304014080896, 
          19.99823943620902, 
          51.089451393891096
        ], 
        [
          -31.15062816306559, 
          0.2152454741872839, 
          58.03825264372998
        ], 
        [
          -15.718264386599746, 
          -0.98855245052408, 
          63.466984955646055
        ], 
        [
          -13.761580568343328, 
          21.43754675470664, 
          62.87757206652537
        ], 
        [
          -29.193944344809175, 
          22.641344679418005, 
          57.448839754609295
        ], 
        [
          -33.181532367065806, 
          2.8583507173962683, 
          64.39764100444818
        ], 
        [
          -17.74916859059996, 
          1.6545527926849046, 
          69.82637331636425
        ]
      ], 
      "cuboid_centroid": [
        -22.45610436570446, 
        10.826396114446963, 
        60.457912355127675
      ], 
      "location": [
        -22.45610436570446, 
        10.826396114446963, 
        60.457912355127675
      ], 
      "pose_transform_permuted": [
        [
          0.28285574548128467, 
          -0.36812051621184666, 
          -0.885708706512559, 
          0.0
        ], 
        [
          0.9407912363587041, 
          -0.07338620021660766, 
          0.33094760190765704, 
          0.0
        ], 
        [
          0.18682739852304275, 
          0.9268774197064525, 
          -0.3255668472056402, 
          0.0
        ], 
        [
          -22.45610436570446, 
          10.826396114446963, 
          60.457912355127675, 
          1.0
        ]
      ], 
      "projected_cuboid": [
        [
          369.98103263867205, 
          450.63554418837924
        ], 
        [
          195.6807947198585, 
          482.0469068890381
        ], 
        [
          192.9652410225332, 
          275.2644511911542
        ], 
        [
          348.4141706929372, 
          264.97963036285597
        ], 
        [
          363.90036716697836, 
          455.11708778917495
        ], 
        [
          208.3199607323314, 
          483.4748126000295
        ], 
        [
          204.50874901231794, 
          296.95843635195826
        ], 
        [
          344.9028121771073, 
          285.9236744074019
        ]
      ], 
      "projected_cuboid_centroid": [
        281.85340548407345, 
        368.78982015047046
      ], 
      "quaternion_xyzw": [
        0.9686817540577652, 
        -0.06715662746036742, 
        0.15841202356133643, 
        0.17902870589635372
      ], 
      "visibility": 0.501737633570431
    }, 
    {
      "bounding_box": {
        "bottom_right": [
          450, 
          387
        ], 
        "top_left": [
          306, 
          310
        ]
      }, 
      "class": "006_mustard_bottle", 
      "cuboid": [
        [
          -10.489597230188044, 
          21.960723757972247, 
          69.18584693282313
        ], 
        [
          -18.56540808867306, 
          21.312504291118632, 
          64.03151299806753
        ], 
        [
          -21.804333268946433, 
          3.9136285905041563, 
          71.29437907252802
        ], 
        [
          -13.728522410461414, 
          4.56184805735777, 
          76.44871300728362
        ], 
        [
          -13.482593336095098, 
          24.349983596150444, 
          73.5747953400011
        ], 
        [
          -21.558404194580117, 
          23.701764129296834, 
          68.42046140524549
        ], 
        [
          -24.797329374853486, 
          6.302888428682355, 
          75.68332747970598
        ], 
        [
          -16.72151851636847, 
          6.951107895535968, 
          80.83766141446158
        ]
      ], 
      "cuboid_centroid": [
        -17.643463302520765, 
        14.1318060933273, 
        72.43458720626455
      ], 
      "location": [
        -17.643463302520765, 
        14.1318060933273, 
        72.43458720626455
      ], 
      "pose_transform_permuted": [
        [
          0.513827881796975, 
          -0.4101803939172286, 
          -0.7534804535580958, 
          0.0
        ], 
        [
          0.8410200579834854, 
          0.06750598585731628, 
          0.5367756006964736, 
          0.0
        ], 
        [
          0.1693104133226921, 
          0.9095025887484531, 
          -0.379656456550341, 
          0.0
        ], 
        [
          -17.643463302520765, 
          14.1318060933273, 
          72.43458720626455, 
          1.0
        ]
      ], 
      "projected_cuboid": [
        [
          400.0640937657468, 
          442.57093009287996
        ], 
        [
          325.6768357849871, 
          450.7987561483817
        ], 
        [
          317.1298836486146, 
          302.56254537117667
        ], 
        [
          385.0263738007768, 
          305.1107873210984
        ], 
        [
          383.0517244717234, 
          449.79159031234923
        ], 
        [
          312.1545687229825, 
          458.0355838989813
        ], 
        [
          305.4009117703608, 
          317.70125838944665
        ], 
        [
          370.35893054200466, 
          319.14588003263543
        ]
      ], 
      "projected_cuboid_centroid": [
        350.6096488689573, 
        377.3358495856704
      ], 
      "quaternion_xyzw": [
        0.9359491306008615, 
        -0.02719283135612811, 
        0.280625155829511, 
        0.2109721630812642
      ], 
      "visibility": 0.08606953162723321
    }, 
    {
      "bounding_box": {
        "bottom_right": [
          355, 
          343
        ], 
        "top_left": [
          264, 
          229
        ]
      }, 
      "class": "008_pudding_box", 
      "cuboid": [
        [
          -14.325412319312397, 
          7.0442701982582765, 
          57.48517753340423
        ], 
        [
          -24.826024008146653, 
          7.71075969355341, 
          53.18804866686359
        ], 
        [
          -26.556292156854184, 
          -0.5980736435126581, 
          56.127499536029156
        ], 
        [
          -16.055680468019922, 
          -1.2645631388077923, 
          60.424628402569795
        ], 
        [
          -15.597153291982888, 
          8.4877243051854, 
          60.81673595084476
        ], 
        [
          -26.097764980817146, 
          9.154213800480534, 
          56.51960708430413
        ], 
        [
          -27.82803312952467, 
          0.8453804634144669, 
          59.45905795346968
        ], 
        [
          -17.32742144069041, 
          0.17889096811933292, 
          63.75618682001033
        ]
      ], 
      "cuboid_centroid": [
        -21.076722724418534, 
        3.9448253308363714, 
        58.47211774343696
      ], 
      "location": [
        -21.076722724418534, 
        3.9448253308363714, 
        58.47211774343696
      ],