{
  "camera_data": {
    "location_worldframe": [
      -16.382653015965584, 
      11.229351643740923, 
      73.82176436067095
    ], 
    "quaternion_xyzw_worldframe": [
      0.878303993388107, 
      0.00865003482671547, 
      -0.012506981777046136, 
      -0.47786374284906213
    ]
  }, 
  "objects": [
    {
      "bounding_box": {
        "bottom_right": [
          539, 
          309
        ], 
        "top_left": [
          366, 
          124
        ]
      }, 
      "class": "003_cracker_box", 
      "cuboid": [
        [
          -23.10427145289733, 
          29.832850229237216, 
          56.895912376591
        ], 
        [
          -39.500950887184196, 
          30.155826531230655, 
          57.24620586031723
        ], 
        [
          -39.644853385719706, 
          11.535830229127681, 
          67.67829946260926
        ], 
        [
          -23.24817395143284, 
          11.21285392713424, 
          67.32800597888303
        ], 
        [
          -22.901414413808226, 
          33.33968179022919, 
          63.157971060399795
        ], 
        [
          -39.29809384809509, 
          33.66265809222263, 
          63.508264544126035
        ], 
        [
          -39.4419963466306, 
          15.042661790119654, 
          73.94035814641806
        ], 
        [
          -23.04531691234374, 
          14.719685488126217, 
          73.59006466269182
        ]
      ], 
      "cuboid_centroid": [
        -31.273133899763966, 
        22.437756009678438, 
        65.41813526150453
      ], 
      "location": [
        -31.273133899763966, 
        22.437756009678438, 
        65.41813526150453
      ], 
      "pose_transform_permuted": [
        [
          -0.028253070186499085, 
          -0.48841666362594044, 
          -0.8721530408807514, 
          0.0
        ], 
        [
          0.999578064682761, 
          -0.01968935406579403, 
          -0.021354670251213848, 
          0.0
        ], 
        [
          0.006742153224530145, 
          0.8723883837081835, 
          -0.48876686808837644, 
          0.0
        ], 
        [
          -31.273133899763966, 
          22.437756009678438, 
          65.41813526150453, 
          1.0
        ]
      ], 
      "projected_cuboid": [
        [
          263.22205187153173, 
          552.9277737832907
        ], 
        [
          110.5298562038443, 
          554.2255555830494
        ], 
        [
          166.5836037434641, 
          364.19136594228655
        ], 
        [
          295.9086434681004, 
          362.10596008720455
        ], 
        [
          286.6009914515144, 
          554.8140300286299
        ], 
        [
          148.83564044639382, 
          555.973443552648
        ], 
        [
          194.73767379250665, 
          381.78677136960374
        ], 
        [
          313.19196888021656, 
          379.9625759074858
        ]
      ], 
      "projected_cuboid_centroid": [
        224.51902692014949, 
        456.20973862820256
      ], 
      "quaternion_xyzw": [
        0.9674863680269217, 
        -0.006829943078223476, 
        -0.012818718195193354, 
        0.25250576235693417
      ], 
      "visibility": 0.191693459764311
    }, 
    {
      "bounding_box": {
        "bottom_right": [
          539, 
          360
        ], 
        "top_left": [
          398, 
          278
        ]
      }, 
      "class": "006_mustard_bottle", 
      "cuboid": [
        [
          -17.645299994217517, 
          34.77434357923599, 
          67.75024898945887
        ], 
        [
          -26.971391474297057, 
          33.34953605523337, 
          65.9613920821186
        ], 
        [
          -26.440406622274253, 
          17.138770734836132, 
          76.10485689441622
        ], 
        [
          -17.114315142194712, 
          18.56357825883875, 
          77.89371380175648
        ], 
        [
          -19.023123132732522, 
          37.74392141766283, 
          72.56820158840304
        ], 
        [
          -28.349214612812062, 
          36.319113893660216, 
          70.77934468106278
        ], 
        [
          -27.818229760789258, 
          20.10834857326298, 
          80.92280949336039
        ], 
        [
          -18.492138280709717, 
          21.533156097265596, 
          82.71166640070065
        ]
      ], 
      "cuboid_centroid": [
        -22.731764877503387, 
        27.441346076249484, 
        74.33652924140964
      ], 
      "location": [
        -22.731764877503387, 
        27.441346076249484, 
        74.33652924140964
      ], 
      "pose_transform_permuted": [
        [
          0.23654021579138354, 
          -0.5098075094513638, 
          -0.8271305043223451, 
          0.0
        ], 
        [
          0.9712250738382416, 
          0.1483803580160594, 
          0.18629269138401983, 
          0.0
        ], 
        [
          -0.027756511731611505, 
          0.8473957328158985, 
          -0.5302358419249873, 
          0.0
        ], 
        [
          -22.731764877503387, 
          27.441346076249484, 
          74.33652924140964, 
          1.0
        ]
      ], 
      "projected_cuboid": [
        [
          341.53843371581195, 
          547.0248444725868
        ], 
        [
          261.7071700581363, 
          542.9285225803278
        ], 
        [
          294.7666895648264, 
          393.3898065159203
        ], 
        [
          363.4429533997026, 
          400.3869076513888
        ], 
        [
          340.62690719308813, 
          550.6748705721283
        ], 
        [
          266.2067229318931, 
          546.9496351772847
        ], 
        [
          296.73394956027005, 
          405.8100643702787
        ], 
        [
          361.36727550002047, 
          412.13096385139465
        ]
      ], 
      "projected_cuboid_centroid": [
        317.15133377472756, 
        470.1615791003578
      ], 
      "quaternion_xyzw": [
        0.9546925304746662, 
        0.046123978172348576, 
        0.11072489143839168, 
        0.27235034269600106
      ], 
      "visibility": 0.5376241263251087
    }, 
    {
      "bounding_box": {
        "bottom_right": [
          440, 
          281
        ], 
        "top_left": [
          361, 
          164
        ]
      }, 
      "class": "008_pudding_box", 
      "cuboid": [
        [
          -24.518628417826243, 
          18.323068350791242, 
          60.25132485232897
        ], 
        [
          -35.880072104888036, 
          18.306082176556178, 
          59.951859665225726
        ], 
        [
          -35.98489889516658, 
          10.488337562929354, 
          64.3725825927523
        ], 
        [
          -24.62345520810478, 
          10.505323737164415, 
          64.67204777985553
        ], 
        [
          -24.60968596156679, 
          20.217105521260002, 
          63.59863691871943
        ], 
        [
          -35.97112964862858, 
          20.200119347024938, 
          63.29917173161619
        ], 
        [
          -36.07595643890713, 
          12.382374733398112, 
          67.71989465914275
        ], 
        [
          -24.71451275184533, 
          12.399360907633175, 
          68.01935984624599
        ]
      ], 
      "cuboid_centroid": [
        -30.297292428366685, 
        15.352721542094677, 
        63.985609755735865
      ], 
      "location": [
        -30.297292428366685, 
        15.352721542094677, 
        63.985609755735865
      ],