{
  "camera_data": {
    "location_worldframe": [
      -15.884597604890265, 
      1.048414127358889, 
      69.9755885032201
    ], 
    "quaternion_xyzw_worldframe": [
      -0.8442356397825278, 
      -0.0447534481617285, 
      -0.08672244175812324, 
      0.5270153402824053
    ]
  }, 
  "objects": [
    {
      "bounding_box": {
        "bottom_right": [
          506, 
          306
        ], 
        "top_left": [
          295, 
          127
        ]
      }, 
      "class": "003_cracker_box", 
      "cuboid": [
        [
          -18.588043346071174, 
          21.788916446421542, 
          54.47473270684563
        ], 
        [
          -34.69112175672808, 
          22.796414180403882, 
          51.51602864874649
        ], 
        [
          -37.35511943294054, 
          3.106122268218904, 
          59.31019749093057
        ], 
        [
          -21.25204102228364, 
          2.098624534236562, 
          62.2689015490297
        ], 
        [
          -19.62173342155712, 
          24.524472478529702, 
          61.0322181668357
        ], 
        [
          -35.72481183221402, 
          25.531970212512046, 
          58.07351410873657
        ], 
        [
          -38.38880950842648, 
          5.8416783003270645, 
          65.86768295092064
        ], 
        [
          -22.28573109776958, 
          4.834180566344723, 
          68.82638700901977
        ]
      ], 
      "cuboid_centroid": [
        -28.488426427248832, 
        13.815297373374303, 
        60.171207828883134
      ], 
      "location": [
        -28.488426427248832, 
        13.815297373374303, 
        60.171207828883134
      ], 
      "pose_transform_permuted": [
        [
          0.143967980529204, 
          -0.3809966709624753, 
          -0.9132988324189701, 
          0.0
        ], 
        [
          0.9816794929527295, 
          -0.061419303776864775, 
          0.18036918317616613, 
          0.0
        ], 
        [
          0.12481423676173692, 
          0.9225341217749491, 
          -0.36517420563685576, 
          0.0
        ], 
        [
          -28.488426427248832, 
          13.815297373374303, 
          60.171207828883134, 
          1.0
        ]
      ], 
      "projected_cuboid": [
        [
          298.099502860902, 
          486.60480976611075
        ], 
        [
          119.46439877417417, 
          509.2863700217804
        ], 
        [
          142.89917290681072, 
          301.2169092066943
        ], 
        [
          298.0611035898119, 
          291.26080015708186
        ], 
        [
          308.70703628933194, 
          487.58943950777837
        ], 
        [
          150.78329552120005, 
          507.7600311091143
        ], 
        [
          168.17902376654519, 
          320.58562755881974
        ], 
        [
          307.47105702806095, 
          310.74547308838993
        ]
      ], 
      "projected_cuboid_centroid": [
        226.98940523617853, 
        395.7366084122412
      ], 
      "quaternion_xyzw": [
        0.9769227767775006, 
        -0.04765820415020823, 
        0.08299969337782152, 
        0.19094929874105995
      ], 
      "visibility": 0.35922300490958436
    }, 
    {
      "bounding_box": {
        "bottom_right": [
          479, 
          353
        ], 
        "top_left": [
          330, 
          277
        ]
      }, 
      "class": "006_mustard_bottle", 
      "cuboid": [
        [
          -15.406562968406783, 
          25.175734569373216, 
          66.74026105038573
        ], 
        [
          -24.18400989234705, 
          24.3861390295323, 
          62.92725276412664
        ], 
        [
          -26.081612126906766, 
          7.089936334751355, 
          70.87717186339032
        ], 
        [
          -17.3041652029665, 
          7.879531874592274, 
          74.69018014964942
        ], 
        [
          -17.696880775692108, 
          27.617871242464275, 
          71.50679744453522
        ], 
        [
          -26.474327699632372, 
          26.828275702623362, 
          67.69378915827612
        ], 
        [
          -28.371929934192092, 
          9.532073007842417, 
          75.64370825753981
        ], 
        [
          -19.594483010251825, 
          10.321668547683336, 
          79.4567165437989
        ]
      ], 
      "cuboid_centroid": [
        -21.88924645129944, 
        17.353903788607816, 
        71.19198465396278
      ], 
      "location": [
        -21.88924645129944, 
        17.353903788607816, 
        71.19198465396278
      ], 
      "pose_transform_permuted": [
        [
          0.3931943463730843, 
          -0.4192581177491382, 
          -0.8183035367404115, 
          0.0
        ], 
        [
          0.9140888822529997, 
          0.082228979645158, 
          0.3970890980726508, 
          0.0
        ], 
        [
          0.09919457868682628, 
          0.9041354968623442, 
          -0.41557121997634194, 
          0.0
        ], 
        [
          -21.88924645129944, 
          17.353903788607816, 
          71.19198465396278, 
          1.0
        ]
      ], 
      "projected_cuboid": [
        [
          357.4576804894999, 
          474.4651377539022
        ], 
        [
          274.9252416235598, 
          479.9633740278668
        ], 
        [
          283.7089175280374, 
          326.6351944155195
        ], 
        [
          357.00830273585245, 
          329.5497394695231
        ], 
        [
          348.50838314624525, 
          479.2690753832841
        ], 
        [
          271.2832277562881, 
          484.65075607047953
        ], 
        [
          279.89618232032143, 
          340.49161452251997
        ], 
        [
          348.9813712853693, 
          342.566369906617
        ]
      ], 
      "projected_cuboid_centroid": [
        316.2519227904802, 
        403.2896103767109
      ], 
      "quaternion_xyzw": [
        0.9534841262254653, 
        -0.004448317117986429, 
        0.20720938679236628, 
        0.21888915472308362
      ], 
      "visibility": 0.06711409395973154
    }, 
    {
      "bounding_box": {
        "bottom_right": [
          382, 
          284
        ], 
        "top_left": [
          291, 
          164
        ]
      }, 
      "class": "008_pudding_box", 
      "cuboid": [
        [
          -20.889166028000055, 
          10.039283032014326, 
          56.0188353500257
        ], 
        [
          -31.939280484230437, 
          10.562064905454656, 
          53.412297377985254
        ], 
        [
          -33.109634776326224, 
          2.2921358543736643, 
          56.71524379336502
        ], 
        [
          -22.059520320095842, 
          1.7693539809333338, 
          59.321781765405454
        ], 
        [
          -21.636462187054406, 
          11.529743670568173, 
          59.48585739852449
        ], 
        [
          -32.68657664328479, 
          12.052525544008505, 
          56.87931942648405
        ], 
        [
          -33.856930935380575, 
          3.782596492927512, 
          60.18226584186381
        ], 
        [
          -22.80681647915019, 
          3.2598146194871815, 
          62.78880381390426
        ]
      ], 
      "cuboid_centroid": [
        -27.373048481690315, 
        6.910939762470919, 
        58.10055059594475
      ], 
      "location": [
        -27.373048481690315, 
        6.910939762470919, 
        58.10055059594475
      ],