{
  "camera_data": {
    "location_worldframe": [
      -23.432417816940713, 
      12.987974725901447, 
      76.02008879636897
    ], 
    "quaternion_xyzw_worldframe": [
      0.9333584954785674, 
      0.03601011976285616, 
      -0.11494321716358183, 
      -0.3381345867506867
    ]
  }, 
  "objects": [
    {
      "bounding_box": {
        "bottom_right": [
          531, 
          260
        ], 
        "top_left": [
          341, 
          23
        ]
      }, 
      "class": "003_cracker_box", 
      "cuboid": [
        [
          -35.25759824400299, 
          24.55698186503355, 
          55.91843674433955
        ], 
        [
          -51.29955026326157, 
          22.942951636532204, 
          58.939826742410894
        ], 
        [
          -46.997490260624716, 
          8.527917728302008, 
          74.08091733406516
        ], 
        [
          -30.95553824136613, 
          10.141947956803355, 
          71.0595273359938
        ], 
        [
          -34.865589486550356, 
          29.80469740396169, 
          60.80312796196172
        ], 
        [
          -50.907541505808936, 
          28.190667175460344, 
          63.82451796003308
        ], 
        [
          -46.60548150317208, 
          13.77563326723015, 
          78.96560855168734
        ], 
        [
          -30.5635294839135, 
          15.389663495731496, 
          75.944218553616
        ]
      ], 
      "cuboid_centroid": [
        -40.93153987358754, 
        19.16630756613185, 
        67.44202264801345
      ], 
      "location": [
        -40.93153987358754, 
        19.16630756613185, 
        67.44202264801345
      ], 
      "pose_transform_permuted": [
        [
          -0.05459732128480296, 
          -0.7308796189960924, 
          -0.6803191273546927, 
          0.0
        ], 
        [
          0.9779530921128614, 
          0.09839487431651547, 
          -0.18419065756745173, 
          0.0
        ], 
        [
          -0.20156111265672544, 
          0.6753765107289145, 
          -0.709393886793662, 
          0.0
        ], 
        [
          -40.93153987358754, 
          19.16630756613185, 
          67.44202264801345, 
          1.0
        ]
      ], 
      "projected_cuboid": [
        [
          142.52700929825411, 
          507.4976514301101
        ], 
        [
          13.542549979768944, 
          480.88683271909485
        ], 
        [
          140.43553789526806, 
          334.68029081074127
        ], 
        [
          247.3318657866755, 
          349.4044022516362
        ], 
        [
          173.23366552373673, 
          534.7110621599792
        ], 
        [
          52.66716984714394, 
          508.8485970125381
        ], 
        [
          164.20888649837903, 
          366.3246988561007
        ], 
        [
          265.17550696855346, 
          381.3607150156384
        ]
      ], 
      "projected_cuboid_centroid": [
        155.22030170280252, 
        424.8503072866326
      ], 
      "quaternion_xyzw": [
        0.9129141156478615, 
        0.0821424441335243, 
        -0.06539168766242474, 
        0.3944164848321042
      ], 
      "visibility": 0.3556862301632176
    }, 
    {
      "bounding_box": {
        "bottom_right": [
          539, 
          306
        ], 
        "top_left": [
          404, 
          194
        ]
      }, 
      "class": "006_mustard_bottle", 
      "cuboid": [
        [
          -29.393084699611784, 
          33.210517616474036, 
          63.840481855088846
        ], 
        [
          -38.49549619067145, 
          30.166829736630245, 
          64.1373605301779
        ], 
        [
          -33.97548288964529, 
          18.02194792983231, 
          78.20974701015516
        ], 
        [
          -24.873071398585626, 
          21.0656358096761, 
          77.9128683350661
        ], 
        [
          -30.636939995418054, 
          37.314841882472805, 
          67.78215696952996
        ], 
        [
          -39.73935148647772, 
          34.271154002629025, 
          68.07903564461903
        ], 
        [
          -35.21933818545156, 
          22.12627219583109, 
          82.15142212459627
        ], 
        [
          -26.116926694391896, 
          25.169960075674876, 
          81.8545434495072
        ]
      ], 
      "cuboid_centroid": [
        -32.306211442531676, 
        27.66839490615256, 
        72.99595198984255
      ], 
      "location": [
        -32.306211442531676, 
        27.66839490615256, 
        72.99595198984255
      ], 
      "pose_transform_permuted": [
        [
          0.21354105026888873, 
          -0.7046171024559182, 
          -0.6766940226844473, 
          0.0
        ], 
        [
          0.9479308981038521, 
          0.31697158366461065, 
          -0.030917133265340076, 
          0.0
        ], 
        [
          -0.23627755432010733, 
          0.6348571961426568, 
          -0.7356148841822012, 
          0.0
        ], 
        [
          -32.306211442531676, 
          27.66839490615256, 
          72.99595198984255, 
          1.0
        ]
      ], 
      "projected_cuboid": [
        [
          234.00270788657556, 
          550.7252241793224
        ], 
        [
          158.8289893270026, 
          524.1319255643023
        ], 
        [
          247.98434325882693, 
          396.1798872799856
        ], 
        [
          309.92012924839884, 
          417.482437186897
        ], 
        [
          238.53245324050442, 
          566.8849834809424
        ], 
        [
          167.6914281175257, 
          541.7609279961076
        ], 
        [
          251.05093468099273, 
          416.92829072814624
        ], 
        [
          310.0153481543888, 
          437.2802767562876
        ]
      ], 
      "projected_cuboid_centroid": [
        243.59595270143123, 
        475.43606047026094
      ], 
      "quaternion_xyzw": [
        0.9027017941893873, 
        0.15322034960657394, 
        0.05057703390507332, 
        0.39886704444058024
      ], 
      "visibility": 0.840782069910797
    }, 
    {
      "bounding_box": {
        "bottom_right": [
          411, 
          233
        ], 
        "top_left": [
          327, 
          105
        ]
      }, 
      "class": "008_pudding_box", 
      "cuboid": [
        [
          -34.28162859023191, 
          14.538599036522356, 
          62.58276495818037
        ], 
        [
          -45.4246273526704, 
          13.027344279711372, 
          64.23263108092755
        ], 
        [
          -43.656673374340315, 
          6.982030407097723, 
          70.63571077853418
        ], 
        [
          -32.513674611901834, 
          8.493285163908709, 
          68.985844655787
        ], 
        [
          -34.270422934404245, 
          17.337468082248858, 
          65.22215368425769
        ], 
        [
          -45.413421696842725, 
          15.826213325437871, 
          66.87201980700486
        ], 
        [
          -43.64546771851265, 
          9.780899452824222, 
          73.27509950461149
        ], 
        [
          -32.50246895607416, 
          11.292154209635209, 
          71.62523338186432
        ]
      ], 
      "cuboid_centroid": [
        -38.963548154372276, 
        12.15974924467329, 
        67.92893223139593
      ], 
      "location": [
        -38.963548154372276, 
        12.15974924467329, 
        67.92893223139593
      ],