{
  "camera_data": {
    "location_worldframe": [
      -14.18831737542932, 
      -0.9185773928226295, 
      69.28987421859642
    ], 
    "quaternion_xyzw_worldframe": [
      -0.8385321545535709, 
      -0.0562919907448176, 
      -0.11020147399772495, 
      0.530615228543144
    ]
  }, 
  "objects": [
    {
      "bounding_box": {
        "bottom_right": [
          495, 
          324
        ], 
        "top_left": [
          280, 
          147
        ]
      }, 
      "class": "003_cracker_box", 
      "cuboid": [
        [
          -15.995526101220081, 
          20.019471363286083, 
          53.92480804169205
        ], 
        [
          -31.91719389099694, 
          21.134226361274997, 
          50.13852599018072
        ], 
        [
          -35.06148729493098, 
          1.363267589469802, 
          57.53961748940917
        ], 
        [
          -19.139819505154115, 
          0.24851259148089, 
          61.3258995409205
        ], 
        [
          -17.361498958056114, 
          22.680191128358963, 
          60.45221840270663
        ], 
        [
          -33.28316674783298, 
          23.794946126347877, 
          56.66593635119529
        ], 
        [
          -36.42746015176701, 
          4.023987354542682, 
          64.06702785042374
        ], 
        [
          -20.50579236199015, 
          2.9092323565537703, 
          67.85330990193508
        ]
      ], 
      "cuboid_centroid": [
        -26.211493126493547, 
        12.021729358914383, 
        58.995917946057894
      ], 
      "location": [
        -26.211493126493547, 
        12.021729358914383, 
        58.995917946057894
      ], 
      "pose_transform_permuted": [
        [
          0.1902469205423512, 
          -0.3705737922961125, 
          -0.9091100998709836, 
          0.0
        ], 
        [
          0.9706202978236849, 
          -0.067957945262693, 
          0.2308201792052283, 
          0.0
        ], 
        [
          0.14731716355134328, 
          0.9263135441841226, 
          -0.346757654831492, 
          0.0
        ], 
        [
          -26.211493126493547, 
          12.021729358914383, 
          58.995917946057894, 
          1.0
        ]
      ], 
      "projected_cuboid": [
        [
          322.0820203557112, 
          471.2803095034339
        ], 
        [
          139.2671324715866, 
          498.08965237389293
        ], 
        [
          153.91316882972302, 
          285.922306766318
        ], 
        [
          313.7608642587192, 
          275.447723266829
        ], 
        [
          327.15460724021517, 
          473.3749780489505
        ], 
        [
          165.7373016793288, 
          497.2360845138296
        ], 
        [
          175.83327783396967, 
          306.7838193540168
        ], 
        [
          319.08064499238645, 
          296.152785626357
        ]
      ], 
      "projected_cuboid_centroid": [
        242.67210025923148, 
        381.9622551141822
      ], 
      "quaternion_xyzw": [
        0.9754542457079662, 
        -0.05517304111424355, 
        0.10791564586455227, 
        0.18384548795699243
      ], 
      "visibility": 0.40899158909275946
    }, 
    {
      "bounding_box": {
        "bottom_right": [
          466, 
          365
        ], 
        "top_left": [
          316, 
          288
        ]
      }, 
      "class": "006_mustard_bottle", 
      "cuboid": [
        [
          -13.449235504488149, 
          23.243679846072002, 
          66.38094535451455
        ], 
        [
          -22.017428655993392, 
          22.53925080395299, 
          62.103573070819394
        ], 
        [
          -24.395490607530107, 
          5.156908325412431, 
          69.72982555141357
        ], 
        [
          -15.82729745602486, 
          5.861337367531444, 
          74.00719783510873
        ], 
        [
          -15.97722090910912, 
          25.638236016501338, 
          71.05051138637
        ], 
        [
          -24.545414060614366, 
          24.93380697438232, 
          66.77313910267485
        ], 
        [
          -26.923476012151077, 
          7.5514644958417625, 
          74.39939158326902
        ], 
        [
          -18.355282860645833, 
          8.255893537960777, 
          78.67676386696418
        ]
      ], 
      "cuboid_centroid": [
        -20.186355758319614, 
        15.397572170956883, 
        70.39016846889179
      ], 
      "location": [
        -20.186355758319614, 
        15.397572170956883, 
        70.39016846889179
      ], 
      "pose_transform_permuted": [
        [
          0.4339963500475067, 
          -0.41108965109151063, 
          -0.8016559788781439, 
          0.0
        ], 
        [
          0.8922970618512551, 
          0.07335968662833718, 
          0.4454482588916284, 
          0.0
        ], 
        [
          0.12430995762849506, 
          0.9086383370269439, 
          -0.3986519872260915, 
          0.0
        ], 
        [
          -20.186355758319614, 
          15.397572170956883, 
          70.39016846889179, 
          1.0
        ]
      ], 
      "projected_cuboid": [
        [
          372.64238515222144, 
          460.0315380814918
        ], 
        [
          290.9449003000288, 
          466.84422314145763
        ], 
        [
          293.456385509913, 
          312.72848662840147
        ], 
        [
          366.5899978972663, 
          315.5252133146389
        ], 
        [
          360.6693749593515, 
          465.7323498237828
        ], 
        [
          283.9181721397376, 
          472.4337957133199
        ], 
        [
          286.9922971259223, 
          327.4179470097814
        ], 
        [
          356.1367657779215, 
          329.2500713547162
        ]
      ], 
      "projected_cuboid_centroid": [
        327.37814884750037, 
        389.9480967002708
      ], 
      "quaternion_xyzw": [
        0.9490246806269508, 
        -0.013421745514167974, 
        0.23167063694227397, 
        0.2133088988219636
      ], 
      "visibility": 0.005377548734035402
    }, 
    {
      "bounding_box": {
        "bottom_right": [
          368, 
          301
        ], 
        "top_left": [
          274, 
          182
        ]
      }, 
      "class": "008_pudding_box", 
      "cuboid": [
        [
          -18.41922599758436, 
          8.262365250368662, 
          55.20156344360638
        ], 
        [
          -29.315253829777525, 
          8.865746098653487, 
          52.02589349622942
        ], 
        [
          -30.688822486063334, 
          0.5618141216938086, 
          55.161006503810825
        ], 
        [
          -19.792794653870164, 
          -0.041566726591016345, 
          58.3366764511878
        ], 
        [
          -19.34175539143223, 
          9.714150502228227, 
          58.64270067556362
        ], 
        [
          -30.237783223625396, 
          10.317531350513052, 
          55.46703072818665
        ], 
        [
          -31.611351879911204, 
          2.0135993735533746, 
          58.60214373576807
        ], 
        [
          -20.715324047718035, 
          1.41021852526855, 
          61.77781368314502
        ]
      ], 
      "cuboid_centroid": [
        -25.01528893874778, 
        5.137982311961018, 
        56.90185358968722
      ], 
      "location": [
        -25.01528893874778, 
        5.137982311961018, 
        56.90185358968722
      ],