{
  "camera_data": {
    "location_worldframe": [
      -9.567249306644284, 
      -0.07266611532027595, 
      81.75523291102976
    ], 
    "quaternion_xyzw_worldframe": [
      -0.8291055938325846, 
      -0.10953280749275869, 
      -0.2132848217454349, 
      0.5050727803683484
    ]
  }, 
  "objects": [
    {
      "bounding_box": {
        "bottom_right": [
          474, 
          417
        ], 
        "top_left": [
          284, 
          258
        ]
      }, 
      "class": "003_cracker_box", 
      "cuboid": [
        [
          -7.161713210793808, 
          20.33763876570579, 
          65.77447524518023
        ], 
        [
          -21.730362031185937, 
          21.645166113833948, 
          58.34999146048921
        ], 
        [
          -27.06710090412432, 
          2.2194805937911997, 
          65.40091391254221
        ], 
        [
          -12.498452083732193, 
          0.9119532456630386, 
          72.82539769723324
        ], 
        [
          -9.930375133976241, 
          23.256796588116075, 
          71.72135899197765
        ], 
        [
          -24.499023954368372, 
          24.564323936244236, 
          64.29687520728662
        ], 
        [
          -29.835762827306755, 
          5.138638416201487, 
          71.34779765933963
        ], 
        [
          -15.267114006914625, 
          3.8311110680733256, 
          78.77228144403065
        ]
      ], 
      "cuboid_centroid": [
        -18.498738019050283, 
        12.738138590953637, 
        68.56113645225993
      ], 
      "location": [
        -18.498738019050283, 
        12.738138590953637, 
        68.56113645225993
      ], 
      "pose_transform_permuted": [
        [
          0.38560751941174803, 
          -0.40656795156020914, 
          -0.8282568090497378, 
          0.0
        ], 
        [
          0.888137250672774, 
          -0.07970977668982974, 
          0.45261305269232277, 
          0.0
        ], 
        [
          0.25003812697371625, 
          0.9101367217425044, 
          -0.33035145344811623, 
          0.0
        ], 
        [
          -18.498738019050283, 
          12.738138590953637, 
          68.56113645225993, 
          1.0
        ]
      ], 
      "projected_cuboid": [
        [
          423.0437829518619, 
          438.190339779631
        ], 
        [
          281.3261435664066, 
          471.12360154496326
        ], 
        [
          259.0357612779353, 
          291.3855582293796
        ], 
        [
          389.304846588811, 
          279.96501197852353
        ], 
        [
          407.13949460402625, 
          446.2239339900293
        ], 
        [
          276.69296587541015, 
          477.0388192598588
        ], 
        [
          256.7183732001783, 
          311.6974853141182
        ], 
        [
          377.3712625338246, 
          299.22467917084555
        ]
      ], 
      "projected_cuboid_centroid": [
        336.50093743738444, 
        372.37326721664977
      ], 
      "quaternion_xyzw": [
        0.9521726184711752, 
        -0.08657776364988183, 
        0.22008104303869092, 
        0.19348366848427548
      ], 
      "visibility": 0.576336040134348
    }, 
    {
      "bounding_box": {
        "bottom_right": [
          445, 
          412
        ], 
        "top_left": [
          317, 
          340
        ]
      }, 
      "class": "006_mustard_bottle", 
      "cuboid": [
        [
          -7.487771837074635, 
          23.950236244603524, 
          78.3791090201437
        ], 
        [
          -14.84462589840585, 
          23.270881699483986, 
          72.24549315896479
        ], 
        [
          -19.420945700214993, 
          6.2239859228644026, 
          79.62257774822022
        ], 
        [
          -12.064091638883779, 
          6.903340467983939, 
          85.75619360939913
        ], 
        [
          -10.962222529760249, 
          26.561257134966677, 
          82.2572810997915
        ], 
        [
          -18.319076591091466, 
          25.881902589847144, 
          76.12366523861259
        ], 
        [
          -22.895396392900608, 
          8.835006813227558, 
          83.50074982786802
        ], 
        [
          -15.538542331569394, 
          9.514361358347093, 
          89.63436568904693
        ]
      ], 
      "cuboid_centroid": [
        -15.191584114987622, 
        16.39262152891554, 
        80.93992942400587
      ], 
      "location": [
        -15.191584114987622, 
        16.39262152891554, 
        80.93992942400587
      ], 
      "pose_transform_permuted": [
        [
          0.5964824465715902, 
          -0.4482516134167717, 
          -0.6657920272588165, 
          0.0
        ], 
        [
          0.7661474417440132, 
          0.07074841262874235, 
          0.6387586407867926, 
          0.0
        ], 
        [
          0.2392209001492682, 
          0.8911033164294071, 
          -0.3856270742314215, 
          0.0
        ], 
        [
          -15.191584114987622, 
          16.39262152891554, 
          80.93992942400587, 
          1.0
        ]
      ], 
      "projected_cuboid": [
        [
          430.22299356621244, 
          436.2525396431748
        ], 
        [
          371.10013265669494, 
          445.07326661080157
        ], 
        [
          350.42967808125775, 
          314.9753864452658
        ], 
        [
          405.94498943632885, 
          316.21855846782694
        ], 
        [
          409.9306007638252, 
          445.4979020616168
        ], 
        [
          352.1847477238791, 
          454.6141902644198
        ], 
        [
          334.14545484398013, 
          329.7157576071035
        ], 
        [
          388.37312657927134, 
          329.8964687235834
        ]
      ], 
      "projected_cuboid_centroid": [
        380.6643481484724, 
        381.2988150256336
      ], 
      "quaternion_xyzw": [
        0.9114607486656018, 
        -0.04620947412359041, 
        0.33880808613174035, 
        0.22872040536825355
      ], 
      "visibility": 0.01960479228255796
    }, 
    {
      "bounding_box": {
        "bottom_right": [
          360, 
          395
        ], 
        "top_left": [
          279, 
          293
        ]
      }, 
      "class": "008_pudding_box", 
      "cuboid": [
        [
          -10.148142183156573, 
          8.686022683722584, 
          66.80137035905625
        ], 
        [
          -19.98700060817204, 
          9.400642730001872, 
          61.15703216360444
        ], 
        [
          -22.286104889778173, 
          1.2437581397629995, 
          64.13197148830241
        ], 
        [
          -12.447246464762706, 
          0.5291380934837109, 
          69.7763096837542
        ], 
        [
          -11.803130337839107, 
          10.278178249058048, 
          69.88782807184357
        ], 
        [
          -21.641988762854574, 
          10.992798295337336, 
          64.24348987639176
        ], 
        [
          -23.94109304446071, 
          2.835913705098463, 
          67.21842920108972
        ], 
        [
          -14.102234619445241, 
          2.121293658819175, 
          72.86276739654154
        ]
      ], 
      "cuboid_centroid": [
        -17.04461761380864, 
        5.760968194410523, 
        67.00989978007298
      ], 
      "location": [
        -17.04461761380864, 
        5.760968194410523, 
        67.00989978007298
      ],