{
  "camera_data": {
    "location_worldframe": [
      -8.081893207840592, 
      -5.330282926332833, 
      76.51676888216338
    ], 
    "quaternion_xyzw_worldframe": [
      -0.8279060681307886, 
      -0.09638625645332566, 
      -0.20641601416771843, 
      0.5125188376190801
    ]
  }, 
  "objects": [
    {
      "bounding_box": {
        "bottom_right": [
          446, 
          424
        ], 
        "top_left": [
          245, 
          252
        ]
      }, 
      "class": "003_cracker_box", 
      "cuboid": [
        [
          -5.850049738230821, 
          15.333147030835692, 
          60.83893796665376
        ], 
        [
          -20.588381010496935, 
          16.93566347847333, 
          53.81813687054302
        ], 
        [
          -25.968172080514346, 
          -2.551541111742503, 
          60.66359174574506
        ], 
        [
          -11.229840808248237, 
          -4.154057559380139, 
          67.6843928418558
        ], 
        [
          -8.430849854335897, 
          18.176756383748955, 
          66.90571257460475
        ], 
        [
          -23.169181126602005, 
          19.779272831386592, 
          59.884911478494004
        ], 
        [
          -28.54897219661942, 
          0.292068241170762, 
          66.73036635369604
        ], 
        [
          -13.81064092435331, 
          -1.3104482064668743, 
          73.75116744980679
        ]
      ], 
      "cuboid_centroid": [
        -17.199510967425123, 
        7.812607636003227, 
        63.7846521601749
      ], 
      "location": [
        -17.199510967425123, 
        7.812607636003227, 
        63.7846521601749
      ], 
      "pose_transform_permuted": [
        [
          0.3594429217002146, 
          -0.39604588034805643, 
          -0.8449547009745234, 
          0.0
        ], 
        [
          0.898481470521346, 
          -0.0976929686142632, 
          0.42800365770999227, 
          0.0
        ], 
        [
          0.2520552184927204, 
          0.9130190274811721, 
          -0.32072483890076475, 
          0.0
        ], 
        [
          -17.199510967425123, 
          7.812607636003227, 
          63.7846521601749, 
          1.0
        ]
      ], 
      "projected_cuboid": [
        [
          429.88764818646916, 
          407.69827915399316
        ], 
        [
          275.8729185343334, 
          441.11325054104174
        ], 
        [
          251.39723833176066, 
          250.85484867655668
        ], 
        [
          392.37407309404006, 
          240.55461629287225
        ], 
        [
          413.83293482160934, 
          418.177306870189
        ], 
        [
          273.53878488861267, 
          449.4356426795647
        ], 
        [
          251.5277493552754, 
          275.62079330101653
        ], 
        [
          380.895398758357, 
          263.8102447184719
        ]
      ], 
      "projected_cuboid_centroid": [
        336.5891744256844, 
        338.6097232117915
      ], 
      "quaternion_xyzw": [
        0.9560929869757755, 
        -0.09145245072167996, 
        0.20590219521978315, 
        0.1874218117413568
      ], 
      "visibility": 0.5836341309120678
    }, 
    {
      "bounding_box": {
        "bottom_right": [
          419, 
          420
        ], 
        "top_left": [
          285, 
          343
        ]
      }, 
      "class": "006_mustard_bottle", 
      "cuboid": [
        [
          -5.810127038828419, 
          18.724149801326583, 
          73.50915398940747
        ], 
        [
          -13.329510426676755, 
          18.23651048947945, 
          67.55708299030996
        ], 
        [
          -17.91309872100469, 
          1.1132458642436893, 
          74.75050098919205
        ], 
        [
          -10.393715333156353, 
          1.6008851760908245, 
          80.70257198828953
        ], 
        [
          -9.153170210795041, 
          21.304424644215832, 
          77.52109871368972
        ], 
        [
          -16.67255359864338, 
          20.816785332368696, 
          71.56902771459224
        ], 
        [
          -21.25614189297131, 
          3.6935207071329357, 
          78.76244571347432
        ], 
        [
          -13.736758505122976, 
          4.181160018980071, 
          84.71451671257181
        ]
      ], 
      "cuboid_centroid": [
        -13.533134465899865, 
        11.20883525422976, 
        76.1357998514409
      ], 
      "location": [
        -13.533134465899865, 
        11.20883525422976, 
        76.1357998514409
      ], 
      "pose_transform_permuted": [
        [
          0.5739228288393886, 
          -0.44297323152513896, 
          -0.6887576818078639, 
          0.0
        ], 
        [
          0.783073348752822, 
          0.05078306680422175, 
          0.6198524438599664, 
          0.0
        ], 
        [
          0.23960085072055165, 
          0.895095394234394, 
          -0.37602615275318674, 
          0.0
        ], 
        [
          -13.533134465899865, 
          11.20883525422976, 
          76.1357998514409, 
          1.0
        ]
      ], 
      "projected_cuboid": [
        [
          439.0924681037944, 
          409.1329628867815
        ], 
        [
          375.49226461353635, 
          417.25202231326216
        ], 
        [
          352.7281008369302, 
          281.2291713073482
        ], 
        [
          412.3382341032471, 
          283.8659209401533
        ], 
        [
          418.10150892953646, 
          419.8539507179087
        ], 
        [
          356.32081907066356, 
          428.4094959276487
        ], 
        [
          336.46713866112896, 
          298.2962606496223
        ], 
        [
          394.3967316397571, 
          299.6089984643313
        ]
      ], 
      "projected_cuboid_centroid": [
        386.00954289103464, 
        351.80270721173355
      ], 
      "quaternion_xyzw": [
        0.9174593212773905, 
        -0.05145126861140733, 
        0.32529378824045474, 
        0.22317048976569942
      ], 
      "visibility": 0.024958170663692138
    }, 
    {
      "bounding_box": {
        "bottom_right": [
          324, 
          399
        ], 
        "top_left": [
          238, 
          288
        ]
      }, 
      "class": "008_pudding_box", 
      "cuboid": [
        [
          -8.944633742812949, 
          3.6992411291473335, 
          61.738613481931026
        ], 
        [
          -18.916230287532997, 
          4.624342312829844, 
          56.364246474370546
        ], 
        [
          -21.233030507852916, 
          -3.557973959004214, 
          59.25441046082799
        ], 
        [
          -11.261433963132868, 
          -4.483075142686724, 
          64.62877746838848
        ], 
        [
          -10.50113902092889, 
          5.254612571172047, 
          64.89428731579342
        ], 
        [
          -20.472735565648943, 
          6.179713754854558, 
          59.51992030823293
        ], 
        [
          -22.78953578596886, 
          -2.0026025169795, 
          62.410084294690385
        ], 
        [
          -12.81793924124881, 
          -2.927703700662011, 
          67.78445130225086
        ]
      ], 
      "cuboid_centroid": [
        -15.867084764390905, 
        0.8483193060839167, 
        62.0743488883107
      ], 
      "location": [
        -15.867084764390905, 
        0.8483193060839167, 
        62.0743488883107
      ],