{
  "camera_data": {
    "location_worldframe": [
      -16.414290609216128, 
      10.13397915591814, 
      75.24901274695583
    ], 
    "quaternion_xyzw_worldframe": [
      0.8712568271346012, 
      0.005357307553685297, 
      -0.006767790463118978, 
      -0.49075509218384633
    ]
  }, 
  "objects": [
    {
      "bounding_box": {
        "bottom_right": [
          539, 
          312
        ], 
        "top_left": [
          357, 
          133
        ]
      }, 
      "class": "003_cracker_box", 
      "cuboid": [
        [
          -22.810342357531287, 
          29.302852262631916, 
          58.83557518713963
        ], 
        [
          -39.204267986865915, 
          29.804995864433316, 
          59.090859244948525
        ], 
        [
          -39.62981567814605, 
          10.889683224798034, 
          68.96929049964152
        ], 
        [
          -23.235890048811424, 
          10.38753962299664, 
          68.71400644183264
        ], 
        [
          -22.609589679829135, 
          32.621758958882225, 
          65.19929691572919
        ], 
        [
          -39.00351530916376, 
          33.12390256068362, 
          65.45458097353809
        ], 
        [
          -39.4290630004439, 
          14.208589921048343, 
          75.33301222823108
        ], 
        [
          -23.035137371109272, 
          13.706446319246945, 
          75.0777281704222
        ]
      ], 
      "cuboid_centroid": [
        -31.119702678987593, 
        21.75572109184013, 
        67.08429370768536
      ], 
      "location": [
        -31.119702678987593, 
        21.75572109184013, 
        67.08429370768536
      ], 
      "pose_transform_permuted": [
        [
          -0.027959983635348795, 
          -0.4622432835096972, 
          -0.8863122396567052, 
          0.0
        ], 
        [
          0.9994101866050256, 
          -0.030611791350380835, 
          -0.015562684229551038, 
          0.0
        ], 
        [
          0.019937859093167587, 
          0.8862246132220062, 
          -0.46282655141455165, 
          0.0
        ], 
        [
          -31.119702678987593, 
          21.75572109184013, 
          67.08429370768536, 
          1.0
        ]
      ], 
      "projected_cuboid": [
        [
          273.10788011622753, 
          538.9044894457467
        ], 
        [
          124.81355066185402, 
          542.2890228656966
        ], 
        [
          172.59738604239874, 
          357.49330995548195
        ], 
        [
          299.7502195659252, 
          353.9087952005643
        ], 
        [
          295.1130982182872, 
          540.1271898483949
        ], 
        [
          161.15063448290135, 
          543.1778984319324
        ], 
        [
          200.13306399373252, 
          373.8761603794559
        ], 
        [
          316.601825829279, 
          370.65118147657887
        ]
      ], 
      "projected_cuboid_centroid": [
        232.13396199417508, 
        446.24434170887656
      ], 
      "quaternion_xyzw": [
        0.9710750536755304, 
        -0.013013837151983619, 
        -0.011204764168373502, 
        0.23815611147224114
      ], 
      "visibility": 0.22100412956608861
    }, 
    {
      "bounding_box": {
        "bottom_right": [
          532, 
          363
        ], 
        "top_left": [
          388, 
          284
        ]
      }, 
      "class": "006_mustard_bottle", 
      "cuboid": [
        [
          -17.36838105077456, 
          33.86008985648297, 
          69.8651521804889
        ], 
        [
          -26.697872124388983, 
          32.59635384411622, 
          67.97580430129834
        ], 
        [
          -26.419276690383086, 
          16.08975066571665, 
          77.64095674083033
        ], 
        [
          -17.089785616768662, 
          17.353486678083403, 
          79.5303046200209
        ], 
        [
          -18.74460895319544, 
          36.7026884569736, 
          74.75954553843052
        ], 
        [
          -28.074100026809855, 
          35.43895244460685, 
          72.87019765923995
        ], 
        [
          -27.79550459280396, 
          18.932349266207275, 
          82.53535009877196
        ], 
        [
          -18.46601351918954, 
          20.196085278574028, 
          84.42469797796251
        ]
      ], 
      "cuboid_centroid": [
        -22.581942821789262, 
        26.396219561345124, 
        76.20025113963042
      ], 
      "location": [
        -22.581942821789262, 
        26.396219561345124, 
        76.20025113963042
      ], 
      "pose_transform_permuted": [
        [
          0.2362663508232355, 
          -0.48800812497097934, 
          -0.8402536063541497, 
          0.0
        ], 
        [
          0.9715791096622507, 
          0.13160626877235745, 
          0.19675788484302154, 
          0.0
        ], 
        [
          -0.014563197806678543, 
          0.8628602549110485, 
          -0.5052327124845387, 
          0.0
        ], 
        [
          -22.581942821789262, 
          26.396219561345124, 
          76.20025113963042, 
          1.0
        ]
      ], 
      "projected_cuboid": [
        [
          347.909671517194, 
          531.7594453579987
        ], 
        [
          270.3872845511659, 
          529.0286218556996
        ], 
        [
          298.60941699786866, 
          383.807833423626
        ], 
        [
          366.0402153874156, 
          389.6566980850548
        ], 
        [
          346.76243159153154, 
          535.1161460690247
        ], 
        [
          274.41716137084285, 
          532.6557719467722
        ], 
        [
          300.493793845026, 
          395.6219083048288
        ], 
        [
          363.97322369967634, 
          400.8673057002556
        ]
      ], 
      "projected_cuboid_centroid": [
        322.2307137356651, 
        458.03160906990945
      ], 
      "quaternion_xyzw": [
        0.9584744350956171, 
        0.038125551717102975, 
        0.11294621426784814, 
        0.2590681611023962
      ], 
      "visibility": 0.485167587003981
    }, 
    {
      "bounding_box": {
        "bottom_right": [
          431, 
          286
        ], 
        "top_left": [
          353, 
          173
        ]
      }, 
      "class": "008_pudding_box", 
      "cuboid": [
        [
          -24.377928724107946, 
          17.71664588735623, 
          61.841713397332896
        ], 
        [
          -35.736568321230834, 
          17.839851561280618, 
          61.469560945690894
        ], 
        [
          -35.95992582417675, 
          9.897436624028263, 
          65.65752788588979
        ], 
        [
          -24.601286227053862, 
          9.774230950103876, 
          66.02968033753179
        ], 
        [
          -24.469874691722577, 
          19.512529251506663, 
          65.24267138451822
        ], 
        [
          -35.82851428884546, 
          19.635734925431052, 
          64.87051893287622
        ], 
        [
          -36.05187179179138, 
          11.693319988178697, 
          69.05848587307511
        ], 
        [
          -24.69323219466849, 
          11.57011431425431, 
          69.43063832471712
        ]
      ], 
      "cuboid_centroid": [
        -30.21490025794966, 
        14.704982937767463, 
        65.45009963520401
      ], 
      "location": [
        -30.21490025794966, 
        14.704982937767463, 
        65.45009963520401
      ],