{
  "camera_data": {
    "location_worldframe": [
      -9.709635239163227, 
      -0.7725845760716152, 
      78.89175203934761
    ], 
    "quaternion_xyzw_worldframe": [
      -0.8285401146607179, 
      -0.10698856239111657, 
      -0.20064641900958657, 
      0.5116834352485822
    ]
  }, 
  "objects": [
    {
      "bounding_box": {
        "bottom_right": [
          475, 
          408
        ], 
        "top_left": [
          279, 
          247
        ]
      }, 
      "class": "003_cracker_box", 
      "cuboid": [
        [
          -7.933210864333608, 
          19.818488258638244, 
          63.061215939134144
        ], 
        [
          -22.69534116655739, 
          21.02871763407348, 
          56.01189189450716
        ], 
        [
          -27.63443163237456, 
          1.474836565960176, 
          62.997925654155736
        ], 
        [
          -12.872301330150773, 
          0.2646071905249389, 
          70.04724969878272
        ], 
        [
          -10.586630709799323, 
          22.647433939203587, 
          69.10346940907746
        ], 
        [
          -25.348761012023115, 
          23.85766331463882, 
          62.05414536445048
        ], 
        [
          -30.287851477840277, 
          4.303782246525518, 
          69.04017912409905
        ], 
        [
          -15.525721175616491, 
          3.093552871090281, 
          76.08950316872604
        ]
      ], 
      "cuboid_centroid": [
        -19.11053117108694, 
        12.061135252581881, 
        66.05069753161659
      ], 
      "location": [
        -19.11053117108694, 
        12.061135252581881, 
        66.05069753161659
      ], 
      "pose_transform_permuted": [
        [
          0.36955709037665674, 
          -0.39400358610035363, 
          -0.8415395006132514, 
          0.0
        ], 
        [
          0.8999323123458605, 
          -0.0737782757641865, 
          0.4297424801216377, 
          0.0
        ], 
        [
          0.23140741161028544, 
          0.9161429692822649, 
          -0.32731127338743327, 
          0.0
        ], 
        [
          -19.11053117108694, 
          12.061135252581881, 
          66.05069753161659, 
          1.0
        ]
      ], 
      "projected_cuboid": [
        [
          413.945418482446, 
          440.894912475527
        ], 
        [
          263.7015929989697, 
          473.51235689057273
        ], 
        [
          245.70354037312327, 
          285.7720161052941
        ], 
        [
          382.7743385665572, 
          275.3011809140514
        ], 
        [
          399.2117834696359, 
          448.0725528029355
        ], 
        [
          261.9235647966774, 
          478.3293917613517
        ], 
        [
          245.68057947388306, 
          306.53227087054904
        ], 
        [
          371.8687379770973, 
          294.9695856952477
        ]
      ], 
      "projected_cuboid_centroid": [
        326.00513125173103, 
        370.67293760876316
      ], 
      "quaternion_xyzw": [
        0.956244579362594, 
        -0.07978756009730802, 
        0.20896839254008776, 
        0.18858011722497697
      ], 
      "visibility": 0.565370465603861
    }, 
    {
      "bounding_box": {
        "bottom_right": [
          446, 
          408
        ], 
        "top_left": [
          314, 
          334
        ]
      }, 
      "class": "006_mustard_bottle", 
      "cuboid": [
        [
          -7.987732919489071, 
          23.304498848582245, 
          75.7055172557569
        ], 
        [
          -15.486167235447548, 
          22.59932752232818, 
          69.74881648938539
        ], 
        [
          -19.684120265540557, 
          5.429636663766041, 
          77.06589526188274
        ], 
        [
          -12.185685949582078, 
          6.134807990020101, 
          83.02259602825426
        ], 
        [
          -11.394443509157071, 
          25.837230582802267, 
          79.6941322166042
        ], 
        [
          -18.892877825115548, 
          25.132059256548207, 
          73.73743145023268
        ], 
        [
          -23.090830855208555, 
          7.962368397986063, 
          81.05451022273003
        ], 
        [
          -15.592396539250078, 
          8.667539724240124, 
          87.01121098910156
        ]
      ], 
      "cuboid_centroid": [
        -15.539281887348814, 
        15.633433623284155, 
        78.38001373924347
      ], 
      "location": [
        -15.539281887348814, 
        15.633433623284155, 
        78.38001373924347
      ], 
      "pose_transform_permuted": [
        [
          0.5848530449904942, 
          -0.43481118454708323, 
          -0.6847525035502113, 
          0.0
        ], 
        [
          0.7808916991371677, 
          0.07343698856832027, 
          0.620334590756357, 
          0.0
        ], 
        [
          0.2194422912153548, 
          0.8975222625058131, 
          -0.3824903516856357, 
          0.0
        ], 
        [
          -15.539281887348814, 
          15.633433623284155, 
          78.38001373924347, 
          1.0
        ]
      ], 
      "projected_cuboid": [
        [
          424.85727650290784, 
          437.45879467377284
        ], 
        [
          362.1985770235196, 
          446.0875192854043
        ], 
        [
          344.24173746956234, 
          310.86128557179666
        ], 
        [
          402.66646768327456, 
          312.6952459307635
        ], 
        [
          404.70907808443, 
          446.1913762857781
        ], 
        [
          343.8120976486194, 
          455.0587953454733
        ], 
        [
          328.39870985648247, 
          325.6770463368628
        ], 
        [
          385.22983418064143, 
          326.4126652965703
        ]
      ], 
      "projected_cuboid_centroid": [
        374.9823051720592, 
        379.6608023601257
      ], 
      "quaternion_xyzw": [
        0.9169468993885622, 
        -0.03980745851924296, 
        0.32858708518194824, 
        0.2228322972621728
      ], 
      "visibility": 0.042667052357535436
    }, 
    {
      "bounding_box": {
        "bottom_right": [
          358, 
          387
        ], 
        "top_left": [
          274, 
          281
        ]
      }, 
      "class": "008_pudding_box", 
      "cuboid": [
        [
          -10.760569887778244, 
          8.123544384343823, 
          64.0450323259439
        ], 
        [
          -20.743805227348037, 
          8.778617254898545, 
          58.652605945203376
        ], 
        [
          -22.875574435500088, 
          0.5670888997901704, 
          61.60171984911356
        ], 
        [
          -12.892339095930296, 
          -0.0879839707645512, 
          66.99414622985408
        ], 
        [
          -12.356537154206912, 
          9.666336878781337, 
          67.18714087798152
        ], 
        [
          -22.339772493776703, 
          10.321409749336057, 
          61.794714497240996
        ], 
        [
          -24.471541701928757, 
          2.1098813942276835, 
          64.74382840115118
        ], 
        [
          -14.488306362358964, 
          1.4548085236729618, 
          70.13625478189171
        ]
      ], 
      "cuboid_centroid": [
        -17.616055794853498, 
        5.116712889285754, 
        64.39443036354754
      ], 
      "location": [
        -17.616055794853498, 
        5.116712889285754, 
        64.39443036354754
      ],