{
  "camera_data": {
    "location_worldframe": [
      -15.95853933481182, 
      9.499600295931986, 
      76.44543307925171
    ], 
    "quaternion_xyzw_worldframe": [
      0.8670220127385824, 
      0.011028792602373914, 
      0.002263627949184679, 
      -0.4981430048723699
    ]
  }, 
  "objects": [
    {
      "bounding_box": {
        "bottom_right": [
          533, 
          318
        ], 
        "top_left": [
          352, 
          146
        ]
      }, 
      "class": "003_cracker_box", 
      "cuboid": [
        [
          -22.027748712104177, 
          28.943077989619585, 
          60.23219610591486
        ], 
        [
          -38.42396923699955, 
          29.427981820809862, 
          60.148910689106614
        ], 
        [
          -39.0367897955714, 
          10.345125432242657, 
          69.68948667605346
        ], 
        [
          -22.640569270676032, 
          9.86022160105238, 
          69.77277209286171
        ], 
        [
          -21.96546829922494, 
          32.15212109489232, 
          66.65485607150667
        ], 
        [
          -38.36168882412031, 
          32.637024926082596, 
          66.57157065469842
        ], 
        [
          -38.97450938269217, 
          13.554168537515393, 
          76.11214664164527
        ], 
        [
          -22.578288857796796, 
          13.069264706325118, 
          76.19543205845352
        ]
      ], 
      "cuboid_centroid": [
        -30.501129047398173, 
        21.248623263567488, 
        68.17217137378006
      ], 
      "location": [
        -30.501129047398173, 
        21.248623263567488, 
        68.17217137378006
      ], 
      "pose_transform_permuted": [
        [
          -0.008674152418976733, 
          -0.4469419473531205, 
          -0.8945209079591223, 
          0.0
        ], 
        [
          0.999550088545077, 
          -0.029560816571487347, 
          0.005077264337766174, 
          0.0
        ], 
        [
          0.028712010889887618, 
          0.8940744117912263, 
          -0.4469972780798911, 
          0.0
        ], 
        [
          -30.501129047398173, 
          21.248623263567488, 
          68.17217137378006, 
          1.0
        ]
      ], 
      "projected_cuboid": [
        [
          284.92931635516277, 
          529.5599480023931
        ], 
        [
          138.06585895249853, 
          534.2142724729717
        ], 
        [
          180.36682727932336, 
          352.4556960069986
        ], 
        [
          307.0980040415564, 
          348.6547527808925
        ], 
        [
          304.38209659692234, 
          530.542450468901
        ], 
        [
          171.71199788906776, 
          534.7489664376908
        ], 
        [
          206.2259268651212, 
          368.2609124225304
        ], 
        [
          322.24642295762135, 
          364.7630821420294
        ]
      ], 
      "projected_cuboid_centroid": [
        240.99435138817842, 
        439.51722527688304
      ], 
      "quaternion_xyzw": [
        0.9731579276118837, 
        -0.014970033590636127, 
        -0.0009240247597934265, 
        0.22964906313477973
      ], 
      "visibility": 0.2306014334683702
    }, 
    {
      "bounding_box": {
        "bottom_right": [
          522, 
          367
        ], 
        "top_left": [
          381, 
          291
        ]
      }, 
      "class": "006_mustard_bottle", 
      "cuboid": [
        [
          -16.825665126131504, 
          33.31406219869007, 
          71.45122578378765
        ], 
        [
          -26.11164138619053, 
          32.07573829326336, 
          69.34332004275593
        ], 
        [
          -26.018681181473376, 
          15.40546254158719, 
          78.727029349198
        ], 
        [
          -16.732704921414342, 
          16.643786447013902, 
          80.83493509022972
        ], 
        [
          -18.308390669701392, 
          36.07092934483591, 
          76.36352309626001
        ], 
        [
          -27.594366929760422, 
          34.8326054394092, 
          74.2556173552283
        ], 
        [
          -27.50140672504326, 
          18.16232968773303, 
          83.63932666167037
        ], 
        [
          -18.21543046498423, 
          19.40065359315974, 
          85.7472324027021
        ]
      ], 
      "cuboid_centroid": [
        -22.163535925587382, 
        25.73819594321155, 
        77.54527622272902
      ], 
      "location": [
        -22.163535925587382, 
        25.73819594321155, 
        77.54527622272902
      ], 
      "pose_transform_permuted": [
        [
          0.25454952107526835, 
          -0.4732900264400741, 
          -0.8433272993048896, 
          0.0
        ], 
        [
          0.9670474494165128, 
          0.12895983585971213, 
          0.2195186390086886, 
          0.0
        ], 
        [
          -0.004859368403779048, 
          0.8714160163098685, 
          -0.49052065507719006, 
          0.0
        ], 
        [
          -22.163535925587382, 
          25.73819594321155, 
          77.54527622272902, 
          1.0
        ]
      ], 
      "projected_cuboid": [
        [
          354.9619109025407, 
          521.9462575404291
        ], 
        [
          279.09881584103306, 
          519.9810914859733
        ], 
        [
          303.87017344272346, 
          377.64758055037686
        ], 
        [
          370.2807599175288, 
          383.09620431447445
        ], 
        [
          352.6664838288997, 
          525.2043676307313
        ], 
        [
          281.75686632478966, 
          523.4616934156885
        ], 
        [
          304.7751413481421, 
          389.0972036705659
        ], 
        [
          367.3589438754245, 
          393.9522224312774
        ]
      ], 
      "projected_cuboid_centroid": [
        327.89651235525963, 
        450.3016264645099
      ], 
      "quaternion_xyzw": [
        0.9593996514788912, 
        0.03487055786845767, 
        0.12353250268362939, 
        0.25114942454679173
      ], 
      "visibility": 0.452384132496327
    }, 
    {
      "bounding_box": {
        "bottom_right": [
          425, 
          293
        ], 
        "top_left": [
          348, 
          183
        ]
      }, 
      "class": "008_pudding_box", 
      "cuboid": [
        [
          -23.645368840869878, 
          17.305661511403613, 
          63.00487687932935
        ], 
        [
          -34.99372609996435, 
          17.42637422459724, 
          62.39447820345465
        ], 
        [
          -35.2965363058952, 
          9.412877566754235, 
          66.43960959757939
        ], 
        [
          -23.94817904680073, 
          9.292164853560612, 
          67.0500082734541
        ], 
        [
          -23.811306211100327, 
          19.042666738810095, 
          66.43349817342354
        ], 
        [
          -35.15966347019479, 
          19.163379452003714, 
          65.82309949754884
        ], 
        [
          -35.46247367612565, 
          11.149882794160714, 
          69.86823089167359
        ], 
        [
          -24.114116417031173, 
          11.029170080967091, 
          70.4786295675483
        ]
      ], 
      "cuboid_centroid": [
        -29.553921258497763, 
        14.227772152782164, 
        66.43655388550147
      ], 
      "location": [
        -29.553921258497763, 
        14.227772152782164, 
        66.43655388550147
      ],