{
  "camera_data": {
    "location_worldframe": [
      -8.39782456599043, 
      -4.360870934557512, 
      77.67066842475732
    ], 
    "quaternion_xyzw_worldframe": [
      -0.8283505018984058, 
      -0.09902906471548123, 
      -0.20757040761148088, 
      0.5108290447612162
    ]
  }, 
  "objects": [
    {
      "bounding_box": {
        "bottom_right": [
          451, 
          422
        ], 
        "top_left": [
          252, 
          254
        ]
      }, 
      "class": "003_cracker_box", 
      "cuboid": [
        [
          -6.140819656046573, 
          16.243205593231547, 
          61.918505279415456
        ], 
        [
          -20.84930326098479, 
          17.781145938115113, 
          54.821085661977065
        ], 
        [
          -26.21489689659341, 
          -1.6906776873586464, 
          61.72123325332276
        ], 
        [
          -11.506413291655193, 
          -3.2286180322422102, 
          68.81865287076116
        ], 
        [
          -8.757341080256232, 
          19.105508730874295, 
          67.96113996304769
        ], 
        [
          -23.46582468519445, 
          20.643449075757857, 
          60.86372034560929
        ], 
        [
          -28.83141832080307, 
          1.1716254502841028, 
          67.76386793695498
        ], 
        [
          -14.12293471586485, 
          -0.3663148945994607, 
          74.86128755439337
        ]
      ], 
      "cuboid_centroid": [
        -17.48611898842482, 
        8.707415521757826, 
        64.84118660818523
      ], 
      "location": [
        -17.48611898842482, 
        8.707415521757826, 
        64.84118660818523
      ], 
      "pose_transform_permuted": [
        [
          0.3644180343685459, 
          -0.39864947159825426, 
          -0.8415925944430582, 
          0.0
        ], 
        [
          0.8966618903031387, 
          -0.0937562656937503, 
          0.43267449326389096, 
          0.0
        ], 
        [
          0.25139003700418855, 
          0.9122983949550693, 
          -0.3232873147177864, 
          0.0
        ], 
        [
          -17.48611898842482, 
          8.707415521757826, 
          64.84118660818523, 
          1.0
        ]
      ], 
      "projected_cuboid": [
        [
          428.2638719304004, 
          413.1933331673549
        ], 
        [
          277.07713019162503, 
          446.2680327021448
        ], 
        [
          253.19223110540548, 
          258.67776443671147
        ], 
        [
          391.68343690920835, 
          248.26592000438924
        ], 
        [
          412.30183763550303, 
          423.21548205392696
        ], 
        [
          274.26376622862557, 
          454.17517892847474
        ], 
        [
          252.79520421393582, 
          282.50754049799116
        ], 
        [
          380.1453526786709, 
          270.67687264866606
        ]
      ], 
      "projected_cuboid_centroid": [
        336.574960544015, 
        344.9051412100139
      ], 
      "quaternion_xyzw": [
        0.9553210036031431, 
        -0.09032207535377255, 
        0.20859285115319284, 
        0.18892518420330515
      ], 
      "visibility": 0.5837744533947066
    }, 
    {
      "bounding_box": {
        "bottom_right": [
          424, 
          418
        ], 
        "top_left": [
          291, 
          342
        ]
      }, 
      "class": "006_mustard_bottle", 
      "cuboid": [
        [
          -6.169467999325478, 
          19.686401697594558, 
          74.57464066695115
        ], 
        [
          -13.659195717229796, 
          19.15607652095967, 
          68.58892419113235
        ], 
        [
          -18.23592609945387, 
          2.0515278605177643, 
          75.83107095265224
        ], 
        [
          -10.746198381549554, 
          2.5818530371526496, 
          81.81678742847103
        ], 
        [
          -9.537783486796892, 
          22.27507347883042, 
          78.5599493841109
        ], 
        [
          -17.027511204701206, 
          21.74474830219554, 
          72.5742329082921
        ], 
        [
          -21.604241586925284, 
          4.64019964175363, 
          79.81637966981198
        ], 
        [
          -14.114513869020964, 
          5.1705248183885155, 
          85.80209614563078
        ]
      ], 
      "cuboid_centroid": [
        -13.88685479312538, 
        12.163300669674094, 
        77.19551016838156
      ], 
      "location": [
        -13.88685479312538, 
        12.163300669674094, 
        77.19551016838156
      ], 
      "pose_transform_permuted": [
        [
          0.5782614981474781, 
          -0.4444147907158466, 
          -0.6841848983377208, 
          0.0
        ], 
        [
          0.779984988501089, 
          0.05522839980024529, 
          0.6233563051166112, 
          0.0
        ], 
        [
          0.23924236268263493, 
          0.8941170426027232, 
          -0.37857338261609236, 
          0.0
        ], 
        [
          -13.88685479312538, 
          12.163300669674094, 
          77.19551016838156, 
          1.0
        ]
      ], 
      "projected_cuboid": [
        [
          437.10851549918505, 
          414.0735864150954
        ], 
        [
          374.50362718571137, 
          422.2363992867917
        ], 
        [
          352.27508057310354, 
          287.7149242575368
        ], 
        [
          410.96463535258573, 
          290.1162477373606
        ], 
        [
          416.30837163166626, 
          424.5052314247281
        ], 
        [
          355.42580318677796, 
          433.0801677031952
        ], 
        [
          336.03817748305846, 
          304.2915691418115
        ], 
        [
          393.1344553839139, 
          305.4249386125653
        ]
      ], 
      "projected_cuboid_centroid": [
        384.85762386795403, 
        357.3189697768388
      ], 
      "quaternion_xyzw": [
        0.9162814700518522, 
        -0.05020672383344616, 
        0.3278517143853433, 
        0.22454567734665806
      ], 
      "visibility": 0.025970319634703195
    }, 
    {
      "bounding_box": {
        "bottom_right": [
          331, 
          398
        ], 
        "top_left": [
          246, 
          289
        ]
      }, 
      "class": "008_pudding_box", 
      "cuboid": [
        [
          -9.211739590664816, 
          4.605658710593912, 
          62.851447705245576
        ], 
        [
          -19.159788880357738, 
          5.484506673557824, 
          57.425923567384565
        ], 
        [
          -21.47069821051128, 
          -2.6914302079868215, 
          60.338768375921006
        ], 
        [
          -11.522648920818357, 
          -3.5702781709507336, 
          65.76429251378202
        ], 
        [
          -10.787002331855216, 
          6.170230814617985, 
          65.9932350590809
        ], 
        [
          -20.735051621548138, 
          7.049078777581896, 
          60.56771092121988
        ], 
        [
          -23.04596095170168, 
          -1.1268581039627488, 
          63.480555729756325
        ], 
        [
          -13.097911662008757, 
          -2.005706066926661, 
          68.90607986761734
        ]
      ], 
      "cuboid_centroid": [
        -16.128850271183246, 
        1.7394003033155816, 
        63.166001717500954
      ], 
      "location": [
        -16.128850271183246, 
        1.7394003033155816, 
        63.166001717500954
      ],