{
  "camera_data": {
    "location_worldframe": [
      -23.247600278391943, 
      13.861945074795573, 
      75.6405716652908
    ], 
    "quaternion_xyzw_worldframe": [
      0.9305992934376994, 
      0.041883050063485375, 
      -0.11287068535403898, 
      -0.34568384976041805
    ]
  }, 
  "objects": [
    {
      "bounding_box": {
        "bottom_right": [
          539, 
          260
        ], 
        "top_left": [
          347, 
          22
        ]
      }, 
      "class": "003_cracker_box", 
      "cuboid": [
        [
          -35.03311204366695, 
          25.68606034875196, 
          55.66446672944737
        ], 
        [
          -51.0810735028407, 
          23.891741172203613, 
          58.549162100660936
        ], 
        [
          -46.762612119761634, 
          9.248911204586078, 
          73.46532678762698
        ], 
        [
          -30.714650660587882, 
          11.04323038113443, 
          70.58063141641341
        ], 
        [
          -34.71574118168051, 
          30.85052785441791, 
          60.642412957946156
        ], 
        [
          -50.763702640854255, 
          29.056208677869556, 
          63.527108329159724
        ], 
        [
          -46.445241257775194, 
          14.41337871025202, 
          78.44327301612576
        ], 
        [
          -30.397279798601435, 
          16.20769788680037, 
          75.55857764491219
        ]
      ], 
      "cuboid_centroid": [
        -40.73917665072107, 
        20.049719529501992, 
        67.05386987278656
      ], 
      "location": [
        -40.73917665072107, 
        20.049719529501992, 
        67.05386987278656
      ], 
      "pose_transform_permuted": [
        [
          -0.0442020709713421, 
          -0.719285185116912, 
          -0.6933072907399536, 
          0.0
        ], 
        [
          0.9783194409424711, 
          0.10938568977367902, 
          -0.17585744893733607, 
          0.0
        ], 
        [
          -0.20232955393578994, 
          0.6860492645168177, 
          -0.698855606159154, 
          0.0
        ], 
        [
          -40.73917665072107, 
          20.049719529501992, 
          67.05386987278656, 
          1.0
        ]
      ], 
      "projected_cuboid": [
        [
          143.1487160159923, 
          519.3839103875622
        ], 
        [
          12.42616490781829, 
          490.91447638448
        ], 
        [
          139.29613235052474, 
          340.4287625396405
        ], 
        [
          247.5777126000343, 
          356.73111626782236
        ], 
        [
          173.7452612755568, 
          544.6014453769868
        ], 
        [
          51.876696010228144, 
          517.2177589701645
        ], 
        [
          163.19399146534164, 
          371.28011767639833
        ], 
        [
          265.2541491431128, 
          387.68629179594166
        ]
      ], 
      "projected_cuboid_centroid": [
        154.87374409968018, 
        432.75396443211986
      ], 
      "quaternion_xyzw": [
        0.9161981221601638, 
        0.08505672413258256, 
        -0.06004692505531264, 
        0.3869634626439879
      ], 
      "visibility": 0.34394219881524557
    }, 
    {
      "bounding_box": {
        "bottom_right": [
          539, 
          306
        ], 
        "top_left": [
          410, 
          196
        ]
      }, 
      "class": "006_mustard_bottle", 
      "cuboid": [
        [
          -29.291119305100022, 
          34.246277325646076, 
          63.77541806613994
        ], 
        [
          -38.37039279290567, 
          31.125451075794015, 
          63.95791261967319
        ], 
        [
          -33.84523588803487, 
          18.772783385770154, 
          77.84658755684885
        ], 
        [
          -24.76596240022922, 
          21.89360963562222, 
          77.6640930033156
        ], 
        [
          -30.59406398049826, 
          38.27102136174887, 
          67.77956928729562
        ], 
        [
          -39.67333746830391, 
          35.15019511189681, 
          67.96206384082886
        ], 
        [
          -35.14818056343311, 
          22.797527421872942, 
          81.85073877800451
        ], 
        [
          -26.068907075627457, 
          25.918353671725008, 
          81.66824422447128
        ]
      ], 
      "cuboid_centroid": [
        -32.21964993426656, 
        28.52190237375951, 
        72.81307842207224
      ], 
      "location": [
        -32.21964993426656, 
        28.52190237375951, 
        72.81307842207224
      ], 
      "pose_transform_permuted": [
        [
          0.2236853236585253, 
          -0.6909550262241225, 
          -0.6874197184221411, 
          0.0
        ], 
        [
          0.9455212917894761, 
          0.325004822376356, 
          -0.019005098396148837, 
          0.0
        ], 
        [
          -0.23654642922287097, 
          0.6457189208857499, 
          -0.7260116128768545, 
          0.0
        ], 
        [
          -32.21964993426656, 
          28.52190237375951, 
          72.81307842207224, 
          1.0
        ]
      ], 
      "projected_cuboid": [
        [
          234.6098994055822, 
          559.6697699899755
        ], 
        [
          158.97527378113003, 
          532.8292890475527
        ], 
        [
          247.79427045832554, 
          401.897095290062
        ], 
        [
          310.11185720221084, 
          423.63002766183786
        ], 
        [
          238.8633524229612, 
          574.4198348554183
        ], 
        [
          167.67350421512634, 
          549.1211190113188
        ], 
        [
          250.67151996842978, 
          421.8297033026664
        ], 
        [
          309.9401375437011, 
          442.54162247540086
        ]
      ], 
      "projected_cuboid_centroid": [
        243.63750500563978, 
        482.19528644894183
      ], 
      "quaternion_xyzw": [
        0.9053535125984445, 
        0.1550640837487683, 
        0.056519420981459, 
        0.39127440811328984
      ], 
      "visibility": 0.7874012677703033
    }, 
    {
      "bounding_box": {
        "bottom_right": [
          420, 
          233
        ], 
        "top_left": [
          334, 
          104
        ]
      }, 
      "class": "008_pudding_box", 
      "cuboid": [
        [
          -34.020215246509665, 
          15.560774616600522, 
          62.15953323367781
        ], 
        [
          -45.161267707172414, 
          13.93218137055325, 
          63.707759538314214
        ], 
        [
          -43.38675249559021, 
          7.790147625014142, 
          70.01627980334726
        ], 
        [
          -32.24570003492747, 
          9.418740871061413, 
          68.46805349871086
        ], 
        [
          -34.049034142477396, 
          18.31308195713351, 
          64.84730928902096
        ], 
        [
          -45.19008660314014, 
          16.68448871108624, 
          66.39553559365736
        ], 
        [
          -43.41557139155794, 
          10.54245496554713, 
          72.70405585869041
        ], 
        [
          -32.27451893089519, 
          12.171048211594401, 
          71.15582955405401
        ]
      ], 
      "cuboid_centroid": [
        -38.717893319033806, 
        13.051614791073826, 
        67.43179454618411
      ], 
      "location": [
        -38.717893319033806, 
        13.051614791073826, 
        67.43179454618411
      ],