{
  "camera_data": {
    "location_worldframe": [
      -23.54148167985173, 
      15.422691491290728, 
      75.10603806518353
    ], 
    "quaternion_xyzw_worldframe": [
      0.9247898452729857, 
      0.03545186100139471, 
      -0.11680479603900369, 
      -0.3603659741103208
    ]
  }, 
  "objects": [
    {
      "bounding_box": {
        "bottom_right": [
          539, 
          257
        ], 
        "top_left": [
          361, 
          20
        ]
      }, 
      "class": "003_cracker_box", 
      "cuboid": [
        [
          -35.461900158458334, 
          27.97277263532667, 
          55.65989813656886
        ], 
        [
          -51.48832401041965, 
          26.28420148368799, 
          58.72267166236136
        ], 
        [
          -47.139702263327635, 
          11.155456079387234, 
          73.13669603236167
        ], 
        [
          -31.113278411366313, 
          12.844027231025912, 
          70.07392250656918
        ], 
        [
          -35.01079755414898, 
          32.98328167203713, 
          60.782758974847695
        ], 
        [
          -51.03722140611029, 
          31.29471052039845, 
          63.84553250064019
        ], 
        [
          -46.68859965901827, 
          16.16596511609769, 
          78.2595568706405
        ], 
        [
          -30.66217580705695, 
          17.85453626773637, 
          75.196783344848
        ]
      ], 
      "cuboid_centroid": [
        -41.07524990873831, 
        22.06936887571218, 
        66.95972750360468
      ], 
      "location": [
        -41.07524990873831, 
        22.06936887571218, 
        66.95972750360468
      ], 
      "pose_transform_permuted": [
        [
          -0.06282766226942127, 
          -0.6978425009057188, 
          -0.7134903845066252, 
          0.0
        ], 
        [
          0.9770064604806898, 
          0.10293905486160049, 
          -0.1867134895051642, 
          0.0
        ], 
        [
          -0.20374263430306921, 
          0.7088154872135998, 
          -0.6753292116097109, 
          0.0
        ], 
        [
          -41.07524990873831, 
          22.06936887571218, 
          66.95972750360468, 
          1.0
        ]
      ], 
      "projected_cuboid": [
        [
          138.9781540867688, 
          541.3148301893965
        ], 
        [
          10.082963766219835, 
          511.99978079616426
        ], 
        [
          134.98535345053162, 
          354.63316025311
        ], 
        [
          242.82633945014246, 
          371.0400389139314
        ], 
        [
          171.8456284310922, 
          562.6881763675182
        ], 
        [
          51.71607088913387, 
          534.7000044606003
        ], 
        [
          160.77428471848495, 
          383.45360411404386
        ], 
        [
          262.3188749557729, 
          399.9166066687503
        ]
      ], 
      "projected_cuboid_centroid": [
        151.7153290150933, 
        449.0642337465717
      ], 
      "quaternion_xyzw": [
        0.9218612059579406, 
        0.08316916016820157, 
        -0.06767318934830267, 
        0.3723911212557522
      ], 
      "visibility": 0.27525388512448873
    }, 
    {
      "bounding_box": {
        "bottom_right": [
          539, 
          305
        ], 
        "top_left": [
          421, 
          196
        ]
      }, 
      "class": "006_mustard_bottle", 
      "cuboid": [
        [
          -29.501096520494073, 
          36.21996802869312, 
          63.93559103757016
        ], 
        [
          -38.614544980881945, 
          33.203038519380534, 
          64.15753991884336
        ], 
        [
          -34.045720731997626, 
          20.391278082888824, 
          77.60913369375136
        ], 
        [
          -24.93227227160975, 
          23.40820759220141, 
          77.38718481247815
        ], 
        [
          -30.697785568277876, 
          40.139421990181994, 
          68.07506834175477
        ], 
        [
          -39.81123402866575, 
          37.122492480869404, 
          68.29701722302798
        ], 
        [
          -35.242409779781426, 
          24.3107320443777, 
          81.74861099793598
        ], 
        [
          -26.12896131939355, 
          27.327661553690284, 
          81.52666211666279
        ]
      ], 
      "cuboid_centroid": [
        -32.37175315013775, 
        30.26535003653541, 
        72.84210101775307
      ], 
      "location": [
        -32.37175315013775, 
        30.26535003653541, 
        72.84210101775307
      ], 
      "pose_transform_permuted": [
        [
          0.20544370150660157, 
          -0.6728791670854029, 
          -0.7106520622455795, 
          0.0
        ], 
        [
          0.9490802950804568, 
          0.31418495000886426, 
          -0.023113897077174976, 
          0.0
        ], 
        [
          -0.23882908030374883, 
          0.6697173704736964, 
          -0.7031637889475427, 
          0.0
        ], 
        [
          -32.37175315013775, 
          30.26535003653541, 
          72.84210101775307, 
          1.0
        ]
      ], 
      "projected_cuboid": [
        [
          233.46253342459454, 
          575.4158831247962
        ], 
        [
          157.93265051342047, 
          549.2919877784689
        ], 
        [
          245.6897383604015, 
          413.41267275323435
        ], 
        [
          308.3425574821279, 
          434.6059547053722
        ], 
        [
          239.09765032926708, 
          587.75026642112
        ], 
        [
          168.12731541692858, 
          563.1696547143256
        ], 
        [
          249.76316207988685, 
          431.88726920144677
        ], 
        [
          309.24590377847227, 
          452.05476779072916
        ]
      ], 
      "projected_cuboid_centroid": [
        242.60939857774636, 
        494.87684963485617
      ], 
      "quaternion_xyzw": [
        0.9123389896030604, 
        0.15153743197833128, 
        0.0499621868919453, 
        0.3770646031009902
      ], 
      "visibility": 0.6836260084625405
    }, 
    {
      "bounding_box": {
        "bottom_right": [
          437, 
          228
        ], 
        "top_left": [
          349, 
          99
        ]
      }, 
      "class": "008_pudding_box", 
      "cuboid": [
        [
          -34.48173651818388, 
          17.648107165629725, 
          61.838456014873586
        ], 
        [
          -45.61897490475617, 
          16.106640846880065, 
          63.49923092180689
        ], 
        [
          -43.83111907857774, 
          9.759643423153491, 
          69.59760004394262
        ], 
        [
          -32.69388069200546, 
          11.301109741903149, 
          67.93682513700932
        ], 
        [
          -34.438752189831106, 
          20.31966327090318, 
          64.60632643689206
        ], 
        [
          -45.5759905764034, 
          18.778196952153525, 
          66.26710134382536
        ], 
        [
          -43.78813475022497, 
          12.43119952842695, 
          72.3654704659611
        ], 
        [
          -32.650896363652684, 
          13.972665847176607, 
          70.70469555902778
        ]
      ], 
      "cuboid_centroid": [
        -39.134935634204425, 
        15.039653347028336, 
        67.10196324041733
      ], 
      "location": [
        -39.134935634204425, 
        15.039653347028336, 
        67.10196324041733
      ],