{
  "camera_data": {
    "location_worldframe": [
      -22.8187164277574, 
      14.836403816377086, 
      72.34871219747701
    ], 
    "quaternion_xyzw_worldframe": [
      0.9165245779163007, 
      0.023598266955425093, 
      -0.0826593356449179, 
      -0.3906311305253103
    ]
  }, 
  "objects": [
    {
      "bounding_box": {
        "bottom_right": [
          539, 
          254
        ], 
        "top_left": [
          373, 
          17
        ]
      }, 
      "class": "003_cracker_box", 
      "cuboid": [
        [
          -33.04871261310204, 
          29.16504820003873, 
          53.17089150087497
        ], 
        [
          -49.27854596725303, 
          28.171416135093185, 
          55.334989535428
        ], 
        [
          -46.47036387083563, 
          11.988176644340315, 
          68.96475182406287
        ], 
        [
          -30.240530516684633, 
          12.981808709285861, 
          66.80065378950985
        ], 
        [
          -32.60822613848102, 
          33.82614500184224, 
          58.6144699015996
        ], 
        [
          -48.83805949263202, 
          32.8325129368967, 
          60.778567936152626
        ], 
        [
          -46.029877396214616, 
          16.64927344614383, 
          74.4083302247875
        ], 
        [
          -29.80004404206362, 
          17.642905511089374, 
          72.24423219023447
        ]
      ], 
      "cuboid_centroid": [
        -39.53929500465833, 
        22.90716082309128, 
        63.78961086283124
      ], 
      "location": [
        -39.53929500465833, 
        22.90716082309128, 
        63.78961086283124
      ], 
      "pose_transform_permuted": [
        [
          -0.06134909263959315, 
          -0.649177843069955, 
          -0.7581585697592159, 
          0.0
        ], 
        [
          0.9894067563669212, 
          0.060574021738091066, 
          -0.13192823180032925, 
          0.0
        ], 
        [
          -0.13156959864568546, 
          0.7582208886317459, 
          -0.6385847827459555, 
          0.0
        ], 
        [
          -39.53929500465833, 
          22.90716082309128, 
          63.78961086283124, 
          1.0
        ]
      ], 
      "projected_cuboid": [
        [
          147.3463545184889, 
          565.8204961332381
        ], 
        [
          2.6916044897294276, 
          544.8031323938997
        ], 
        [
          119.23674843566376, 
          365.99374277573764
        ], 
        [
          238.15230816724986, 
          376.9300267332042
        ], 
        [
          182.42980319986458, 
          581.0628529929764
        ], 
        [
          49.481736540636064, 
          561.3851672936842
        ], 
        [
          148.92985651414793, 
          392.6197302137462
        ], 
        [
          259.77463525802574, 
          403.529558466799
        ]
      ], 
      "projected_cuboid_centroid": [
        148.26990412014717, 
        464.8042051463231
      ], 
      "quaternion_xyzw": [
        0.9361872428576833, 
        0.05131014704848571, 
        -0.05161289205617383, 
        0.3438849000668536
      ], 
      "visibility": 0.16035764779880413
    }, 
    {
      "bounding_box": {
        "bottom_right": [
          539, 
          307
        ], 
        "top_left": [
          425, 
          201
        ]
      }, 
      "class": "006_mustard_bottle", 
      "cuboid": [
        [
          -27.111250309863678, 
          36.56207663992911, 
          62.22986168784996
        ], 
        [
          -36.36689310136505, 
          34.03855910777372, 
          61.81633588304619
        ], 
        [
          -33.169818821288025, 
          20.210567570428477, 
          74.64310873030475
        ], 
        [
          -23.91417602978665, 
          22.73408510258387, 
          75.0566345351085
        ], 
        [
          -28.31896997745909, 
          40.28472474874346, 
          66.54411256692737
        ], 
        [
          -37.57461276896047, 
          37.76120721658807, 
          66.13058676212361
        ], 
        [
          -34.37753848888344, 
          23.933215679242824, 
          78.95735960938215
        ], 
        [
          -25.12189569738207, 
          26.456733211398216, 
          79.37088541418592
        ]
      ], 
      "cuboid_centroid": [
        -30.744394399373558, 
        30.247646159585965, 
        70.59361064861605
      ], 
      "location": [
        -30.744394399373558, 
        30.247646159585965, 
        70.59361064861605
      ], 
      "pose_transform_permuted": [
        [
          0.20733740260481712, 
          -0.6390921754466832, 
          -0.7406566237630543, 
          0.0
        ], 
        [
          0.9638885027878414, 
          0.2628007141828735, 
          0.043064839237576626, 
          0.0
        ], 
        [
          -0.16712271437449594, 
          0.7228394705965416, 
          -0.6705021238503363, 
          0.0
        ], 
        [
          -30.744394399373558, 
          30.247646159585965, 
          70.59361064861605, 
          1.0
        ]
      ], 
      "projected_cuboid": [
        [
          247.31316584928385, 
          586.6292153489085
        ], 
        [
          165.22751611740972, 
          566.9537360736963
        ], 
        [
          242.62611326216424, 
          417.68957338096544
        ], 
        [
          310.2573405832137, 
          434.82499311981474
        ], 
        [
          252.74251700861925, 
          596.149549935435
        ], 
        [
          176.04595091825345, 
          577.8171988877211
        ], 
        [
          247.4579931191386, 
          434.94407912953363
        ], 
        [
          311.38791123346243, 
          451.0581963766084
        ]
      ], 
      "projected_cuboid_centroid": [
        247.3941588649555, 
        501.8010153331462
      ], 
      "quaternion_xyzw": [
        0.9256598453464745, 
        0.1161126926696407, 
        0.0676280393659801, 
        0.35369210025709763
      ], 
      "visibility": 0.603101679169046
    }, 
    {
      "bounding_box": {
        "bottom_right": [
          451, 
          223
        ], 
        "top_left": [
          361, 
          88
        ]
      }, 
      "class": "008_pudding_box", 
      "cuboid": [
        [
          -32.92387848399457, 
          18.44924808671122, 
          58.728752233847814
        ], 
        [
          -44.197017918957584, 
          17.42005786562662, 
          59.74337795369925
        ], 
        [
          -43.05798108477969, 
          10.629572209230925, 
          65.51076994163286
        ], 
        [
          -31.784841649816688, 
          11.658762430315523, 
          64.49614422178142
        ], 
        [
          -32.88792055331069, 
          20.943076415499313, 
          61.65786364226974
        ], 
        [
          -44.1610599882737, 
          19.913886194414715, 
          62.672489362121176
        ], 
        [
          -43.02202315409581, 
          13.12340053801902, 
          68.43988135005479
        ], 
        [
          -31.748883719132802, 
          14.152590759103617, 
          67.42525563020335
        ]
      ], 
      "cuboid_centroid": [
        -37.972950819045195, 
        15.78632431236512, 
        63.5843167919513
      ], 
      "location": [
        -37.972950819045195, 
        15.78632431236512, 
        63.5843167919513
      ],