{
  "camera_data": {
    "location_worldframe": [
      -19.314277616215634, 
      6.760614860634993, 
      80.85339608198407
    ], 
    "quaternion_xyzw_worldframe": [
      0.936178924000986, 
      0.023238632403656853, 
      -0.08557688282033046, 
      -0.3401575165372157
    ]
  }, 
  "objects": [
    {
      "bounding_box": {
        "bottom_right": [
          467, 
          301
        ], 
        "top_left": [
          302, 
          95
        ]
      }, 
      "class": "003_cracker_box", 
      "cuboid": [
        [
          -29.663792742256078, 
          18.84314304990965, 
          60.24626094745624
        ], 
        [
          -45.88505624924296, 
          17.94242532131177, 
          62.51285166865883
        ], 
        [
          -42.937621146127846, 
          3.350539768644016, 
          77.80804861009004
        ], 
        [
          -26.71635763914097, 
          4.251257497241895, 
          75.54145788888745
        ], 
        [
          -29.268053318591136, 
          24.068242754784453, 
          65.15483720922678
        ], 
        [
          -45.489316825578015, 
          23.167525026186574, 
          67.42142793042937
        ], 
        [
          -42.541881722462904, 
          8.575639473518821, 
          82.71662487186057
        ], 
        [
          -26.320618215476028, 
          9.4763572021167, 
          80.45003415065798
        ]
      ], 
      "cuboid_centroid": [
        -36.10283723235949, 
        13.709391261714234, 
        71.48144290965841
      ], 
      "location": [
        -36.10283723235949, 
        13.709391261714234, 
        71.48144290965841
      ], 
      "pose_transform_permuted": [
        [
          -0.055116912691697356, 
          -0.7277297813088999, 
          -0.6836457352543327, 
          0.0
        ], 
        [
          0.9888843194139232, 
          0.05490975703864995, 
          -0.13817641404819736, 
          0.0
        ], 
        [
          -0.13809391280066707, 
          0.683662404976358, 
          -0.716614113222273, 
          0.0
        ], 
        [
          -36.10283723235949, 
          13.709391261714234, 
          71.48144290965841, 
          1.0
        ]
      ], 
      "projected_cuboid": [
        [
          216.81515370289688, 
          440.0921959421288
        ], 
        [
          86.87291960686386, 
          426.3598107247885
        ], 
        [
          184.83718273592527, 
          296.25213736005594
        ], 
        [
          291.40884362582074, 
          303.3002409168109
        ], 
        [
          240.02934180912962, 
          470.2951676312047
        ], 
        [
          118.76705295138564, 
          456.54718922160856
        ], 
        [
          205.02034372418228, 
          328.5784031479377
        ], 
        [
          305.6582823423492, 
          336.10723068057473
        ]
      ], 
      "projected_cuboid_centroid": [
        209.99081697485087, 
        375.5716421373233
      ], 
      "quaternion_xyzw": [
        0.9159956959020896, 
        0.05267592159623725, 
        -0.052754976798645284, 
        0.3942005134393006
      ], 
      "visibility": 0.38814548720251457
    }, 
    {
      "bounding_box": {
        "bottom_right": [
          487, 
          344
        ], 
        "top_left": [
          360, 
          250
        ]
      }, 
      "class": "006_mustard_bottle", 
      "cuboid": [
        [
          -23.797717871180836, 
          27.22785704155158, 
          68.45120838460286
        ], 
        [
          -33.03000949559755, 
          24.59103606788168, 
          68.31691644610652
        ], 
        [
          -29.71458827471319, 
          12.257398357823348, 
          82.55946181375506
        ], 
        [
          -20.482296650296473, 
          14.894219331493247, 
          82.69375375225141
        ], 
        [
          -25.041096086132292, 
          31.38328299476132, 
          72.339125840922
        ], 
        [
          -34.27338771054901, 
          28.746462021091425, 
          72.20483390242565
        ], 
        [
          -30.957966489664646, 
          16.41282431103309, 
          86.4473792700742
        ], 
        [
          -21.72567486524793, 
          19.04964528470299, 
          86.58167120857054
        ]
      ], 
      "cuboid_centroid": [
        -27.37784218042274, 
        21.820340676292336, 
        77.44929382733852
      ], 
      "location": [
        -27.37784218042274, 
        21.820340676292336, 
        77.44929382733852
      ], 
      "pose_transform_permuted": [
        [
          0.21345914657225853, 
          -0.7133900746773122, 
          -0.6674650819756148, 
          0.0
        ], 
        [
          0.9614566974571248, 
          0.2746002063480648, 
          0.01398524753489562, 
          0.0
        ], 
        [
          -0.17330913991640215, 
          0.6447241545376077, 
          -0.7445097088535534, 
          0.0
        ], 
        [
          -27.37784218042274, 
          21.820340676292336, 
          77.44929382733852, 
          1.0
        ]
      ], 
      "projected_cuboid": [
        [
          294.6382603451974, 
          485.42522348797405
        ], 
        [
          221.5977667405633, 
          465.2577478620108
        ], 
        [
          288.0464326553525, 
          352.4671726336332
        ], 
        [
          348.3990748034058, 
          369.344323304977
        ], 
        [
          295.44330672848355, 
          504.6595219751117
        ], 
        [
          226.3372245197251, 
          485.6137509136238
        ], 
        [
          289.01655846229806, 
          374.5421306220737
        ], 
        [
          346.6575831543654, 
          390.62717995544114
        ]
      ], 
      "projected_cuboid_centroid": [
        291.50084378012383, 
        423.5424592307112
      ], 
      "quaternion_xyzw": [
        0.9046609771027968, 
        0.12377823228843965, 
        0.06285348872777499, 
        0.40288567221055355
      ], 
      "visibility": 0.8865805727119596
    }, 
    {
      "bounding_box": {
        "bottom_right": [
          358, 
          277
        ], 
        "top_left": [
          286, 
          163
        ]
      }, 
      "class": "008_pudding_box", 
      "cuboid": [
        [
          -29.444963550890524, 
          8.791244476162252, 
          66.92798268992239
        ], 
        [
          -40.70885343404179, 
          7.775869951563935, 
          68.05322482285088
        ], 
        [
          -39.51141786636776, 
          1.6579897179227525, 
          74.51918184481615
        ], 
        [
          -28.247527983216496, 
          2.673364242521071, 
          73.39393971188768
        ], 
        [
          -29.432949205570445, 
          11.586828490953332, 
          69.57084704908722
        ], 
        [
          -40.69683908872171, 
          10.571453966355016, 
          70.69608918201568
        ], 
        [
          -39.49940352104768, 
          4.453573732713833, 
          77.16204620398098
        ], 
        [
          -28.235513637896414, 
          5.468948257312151, 
          76.03680407105249
        ]
      ], 
      "cuboid_centroid": [
        -34.4721835359691, 
        6.622409104438043, 
        72.04501444695168
      ], 
      "location": [
        -34.4721835359691, 
        6.622409104438043, 
        72.04501444695168
      ],