{
  "camera_data": {
    "location_worldframe": [
      -20.409847711287938, 
      -19.450343975262367, 
      62.07257441070884
    ], 
    "quaternion_xyzw_worldframe": [
      0.8885027019637282, 
      -0.0022909015207578072, 
      0.1210818089082417, 
      -0.44260488932398706
    ]
  }, 
  "objects": [
    {
      "bounding_box": {
        "bottom_right": [
          326, 
          247
        ], 
        "top_left": [
          92, 
          4
        ]
      }, 
      "class": "003_cracker_box", 
      "cuboid": [
        [
          -20.36367930938736, 
          -1.6161541121462417, 
          43.10697228022894
        ], 
        [
          -36.19685941670544, 
          0.9778524313757628, 
          39.692348812180306
        ], 
        [
          -41.449417186607796, 
          -16.487178211942712, 
          50.78003967404061
        ], 
        [
          -25.616237079289718, 
          -19.08118475546472, 
          54.19466314208925
        ], 
        [
          -20.996851663709172, 
          2.351845439761541, 
          49.05730587261894
        ], 
        [
          -36.83003177102725, 
          4.945851983283546, 
          45.64268240457031
        ], 
        [
          -42.082589540929604, 
          -12.51917866003493, 
          56.73037326643061
        ], 
        [
          -26.249409433611525, 
          -15.113185203556935, 
          60.144996734479236
        ]
      ], 
      "cuboid_centroid": [
        -31.223134425158484, 
        -7.067666386090586, 
        49.918672773329774
      ], 
      "location": [
        -31.223134425158484, 
        -7.067666386090586, 
        49.918672773329774
      ], 
      "pose_transform_permuted": [
        [
          0.08818556677713991, 
          -0.5526461903587448, 
          -0.8287372889487722, 
          0.0
        ], 
        [
          0.9652258917956292, 
          -0.158136411152013, 
          0.20816304493183713, 
          0.0
        ], 
        [
          0.24609405441726373, 
          0.8182756648892399, 
          -0.5194830628909335, 
          0.0
        ], 
        [
          -31.223134425158484, 
          -7.067666386090586, 
          49.918672773329774, 
          1.0
        ]
      ], 
      "projected_cuboid": [
        [
          227.55802567029417, 
          253.2914747274686
        ], 
        [
          -8.808994931098036, 
          286.4252880607498
        ], 
        [
          42.64496771451185, 
          100.129229162775
        ], 
        [
          227.4116977963532, 
          85.51215374888955
        ], 
        [
          251.43050957201106, 
          298.85429404356864
        ], 
        [
          47.66407439195297, 
          331.0771755861796
        ], 
        [
          82.6837334470057, 
          155.59432550015802
        ], 
        [
          246.89778156061823, 
          139.27443272299965
        ]
      ], 
      "projected_cuboid_centroid": [
        145.23639913329845, 
        197.7772208940548
      ], 
      "quaternion_xyzw": [
        0.9502945392921135, 
        -0.10634346743442119, 
        0.07796230522636982, 
        0.2820518294381448
      ], 
      "visibility": 0.5369448495065056
    }, 
    {
      "bounding_box": {
        "bottom_right": [
          325, 
          311
        ], 
        "top_left": [
          176, 
          218
        ]
      }, 
      "class": "006_mustard_bottle", 
      "cuboid": [
        [
          -16.711321451073037, 
          3.440199970348475, 
          54.645072296881324
        ], 
        [
          -25.529362872327443, 
          3.1583587807269726, 
          50.8544550849909
        ], 
        [
          -29.700800956800162, 
          -12.046084870257848, 
          61.68887861168714
        ], 
        [
          -20.882759535545752, 
          -11.764243680636346, 
          65.47949582357757
        ], 
        [
          -18.63571077288018, 
          6.971092387510816, 
          58.85921288088137
        ], 
        [
          -27.45375219413459, 
          6.689251197889313, 
          55.06859566899095
        ], 
        [
          -31.625190278607306, 
          -8.515192453095507, 
          65.90301919568718
        ], 
        [
          -22.807148857352903, 
          -8.233351263474004, 
          69.69363640757761
        ]
      ], 
      "cuboid_centroid": [
        -24.16825586484017, 
        -2.537496241373516, 
        60.27404574628426
      ], 
      "location": [
        -24.16825586484017, 
        -2.537496241373516, 
        60.27404574628426
      ], 
      "pose_transform_permuted": [
        [
          0.33037292866013185, 
          -0.6061721791026842, 
          -0.7234700124059074, 
          0.0
        ], 
        [
          0.9183164189156594, 
          0.029351120004075665, 
          0.39475727740549515, 
          0.0
        ], 
        [
          0.21805625845685175, 
          0.7947916347584628, 
          -0.5663547699682318, 
          0.0
        ], 
        [
          -24.16825586484017, 
          -2.537496241373516, 
          60.27404574628426, 
          1.0
        ]
      ], 
      "projected_cuboid": [
        [
          317.1403854714774, 
          306.86186210661435
        ], 
        [
          211.63502294389446, 
          306.4088000453419
        ], 
        [
          222.68456469458783, 
          169.14437967945202
        ], 
        [
          310.0930504792918, 
          177.46873338218847
        ], 
        [
          311.33290467037085, 
          336.451162589632
        ], 
        [
          213.50161641762352, 
          338.06953484645743
        ], 
        [
          223.53773287478919, 
          204.3774205368711
        ], 
        [
          305.6145169364444, 
          210.28211332696063
        ]
      ], 
      "projected_cuboid_centroid": [
        265.9682985933781, 
        250.8341470560908
      ], 
      "quaternion_xyzw": [
        0.9269004890062402, 
        -0.05089681705074212, 
        0.1955793029203875, 
        0.3162494148449581
      ], 
      "visibility": 0.6153200223922374
    }, 
    {
      "bounding_box": {
        "bottom_right": [
          168, 
          210
        ], 
        "top_left": [
          69, 
          56
        ]
      }, 
      "class": "008_pudding_box", 
      "cuboid": [
        [
          -24.214466629611287, 
          -12.494731348369223, 
          46.651312402844205
        ], 
        [
          -35.1041059699683, 
          -10.981250630164896, 
          43.77077395747486
        ], 
        [
          -37.361120123954265, 
          -18.304511168028192, 
          48.45549944624062
        ], 
        [
          -26.47148078359725, 
          -19.81799188623252, 
          51.33603789160996
        ], 
        [
          -24.742256556094894, 
          -10.327118128161763, 
          49.785488063249474
        ], 
        [
          -35.63189589645191, 
          -8.813637409957433, 
          46.904949617880135
        ], 
        [
          -37.88891005043787, 
          -16.13689794782073, 
          51.58967510664589
        ], 
        [
          -26.999270710080857, 
          -17.650378666025055, 
          54.47021355201523
        ]
      ], 
      "cuboid_centroid": [
        -31.05168834002458, 
        -14.315814648094976, 
        49.12049375474505
      ], 
      "location": [
        -31.05168834002458, 
        -14.315814648094976, 
        49.12049375474505
      ],