{
  "camera_data": {
    "location_worldframe": [
      -25.965952726599145, 
      -8.266697182699783, 
      87.0284385781895
    ], 
    "quaternion_xyzw_worldframe": [
      0.9476969886415727, 
      0.0222371875448973, 
      -0.020380791600753737, 
      -0.317747278514938
    ]
  }, 
  "objects": [
    {
      "bounding_box": {
        "bottom_right": [
          336, 
          272
        ], 
        "top_left": [
          206, 
          80
        ]
      }, 
      "class": "003_cracker_box", 
      "cuboid": [
        [
          -33.13657668512894, 
          3.184472888930846, 
          64.77522722824628
        ], 
        [
          -49.53757268817997, 
          3.0450799201845546, 
          65.03216184118197
        ], 
        [
          -49.16587765141632, 
          -10.877911138697641, 
          81.20515506817392
        ], 
        [
          -32.76488164836528, 
          -10.73851816995135, 
          80.94822045523823
        ], 
        [
          -33.10944720399054, 
          8.626146515169605, 
          69.45922655272247
        ], 
        [
          -49.510443207041575, 
          8.486753546423314, 
          69.71616116565816
        ], 
        [
          -49.13874817027792, 
          -5.436237512458881, 
          85.88915439265011
        ], 
        [
          -32.737752167226894, 
          -5.29684454371259, 
          85.63221977971442
        ]
      ], 
      "cuboid_centroid": [
        -41.13766242770343, 
        -1.1258823117640175, 
        75.3321908104482
      ], 
      "location": [
        -41.13766242770343, 
        -1.1258823117640175, 
        75.3321908104482
      ], 
      "pose_transform_permuted": [
        [
          -0.003778479357522263, 
          -0.757893280827265, 
          -0.652367609535168, 
          0.0
        ], 
        [
          0.9998412123199792, 
          0.008497705556067853, 
          -0.015663305742944555, 
          0.0
        ], 
        [
          -0.017414742038266373, 
          0.6523232050733494, 
          -0.7577408283064693, 
          0.0
        ], 
        [
          -41.13766242770343, 
          -1.1258823117640175, 
          75.3321908104482, 
          1.0
        ]
      ], 
      "projected_cuboid": [
        [
          206.49716782764733, 
          299.5055390782593
        ], 
        [
          71.96092340634665, 
          298.2588087437344
        ], 
        [
          156.00641067440094, 
          201.8452233334607
        ], 
        [
          263.9298455372549, 
          202.5368414215078
        ], 
        [
          225.25863516935914, 
          339.5195367084152
        ], 
        [
          99.69229381187533, 
          338.20910095933317
        ], 
        [
          173.93248869711476, 
          239.53079845104338
        ], 
        [
          276.0064025810299, 
          240.29765912903457
        ]
      ], 
      "projected_cuboid_centroid": [
        187.93304057010383, 
        265.31577437095405
      ], 
      "quaternion_xyzw": [
        0.9089185919168582, 
        0.007127274055338205, 
        -0.005347504516181474, 
        0.416878398850151
      ], 
      "visibility": 0.5671609126224216
    }, 
    {
      "bounding_box": {
        "bottom_right": [
          367, 
          313
        ], 
        "top_left": [
          267, 
          227
        ]
      }, 
      "class": "006_mustard_bottle", 
      "cuboid": [
        [
          -27.94774051468395, 
          11.724248978704207, 
          73.27128908456743
        ], 
        [
          -37.2041731431975, 
          9.454522704130143, 
          72.0995956765022
        ], 
        [
          -36.23476390028608, 
          -2.2815628623474598, 
          87.17557912304608
        ], 
        [
          -26.978331271772532, 
          -0.011836587773395024, 
          88.3472725311113
        ], 
        [
          -29.4688349991015, 
          16.11330772617351, 
          76.78581483719947
        ], 
        [
          -38.725267627615054, 
          13.843581451599446, 
          75.61412142913424
        ], 
        [
          -37.755858384703636, 
          2.1074958851218426, 
          90.69010487567812
        ], 
        [
          -28.49942575619008, 
          4.377222159695908, 
          91.86179828374334
        ]
      ], 
      "cuboid_centroid": [
        -32.85179944969379, 
        6.915872431913026, 
        81.98069698012277
      ], 
      "location": [
        -32.85179944969379, 
        6.915872431913026, 
        81.98069698012277
      ], 
      "pose_transform_permuted": [
        [
          0.2611365766225976, 
          -0.7534993964220918, 
          -0.6033624031223243, 
          0.0
        ], 
        [
          0.9639707569145682, 
          0.236370731868158, 
          0.12202089366104073, 
          0.0
        ], 
        [
          -0.050674551112143036, 
          0.613487928079615, 
          -0.7880765521002152, 
          0.0
        ], 
        [
          -32.85179944969379, 
          6.915872431913026, 
          81.98069698012277, 
          1.0
        ]
      ], 
      "projected_cuboid": [
        [
          276.4786739403101, 
          358.6238052308281
        ], 
        [
          204.10500493686277, 
          343.22149476361506
        ], 
        [
          258.07400890289284, 
          259.3284757928443
        ], 
        [
          317.3817469615907, 
          273.2150849090696
        ], 
        [
          275.21416955867096, 
          385.2022945342724
        ], 
        [
          206.18481650173163, 
          370.9277318460262
        ], 
        [
          257.716612358791, 
          285.680049142646
        ], 
        [
          314.75986379247934, 
          298.69925949648587
        ]
      ], 
      "projected_cuboid_centroid": [
        266.10102776755036, 
        318.2772533390634
      ], 
      "quaternion_xyzw": [
        0.8917428284147436, 
        0.08047311226785617, 
        0.10741815299058238, 
        0.4321806409317515
      ], 
      "visibility": 0.852894033837934
    }, 
    {
      "bounding_box": {
        "bottom_right": [
          244, 
          250
        ], 
        "top_left": [
          187, 
          143
        ]
      }, 
      "class": "008_pudding_box", 
      "cuboid": [
        [
          -34.20195031458911, 
          -6.525123185274892, 
          71.86904415426399
        ], 
        [
          -45.553255457614355, 
          -7.033278206542174, 
          71.62000478595475
        ], 
        [
          -45.44193323103559, 
          -12.866538499263697, 
          78.44873764213227
        ], 
        [
          -34.09062808801035, 
          -12.358383477996412, 
          78.6977770104415
        ], 
        [
          -34.38747126174286, 
          -3.604868408544014, 
          74.36661504742001
        ], 
        [
          -45.7387764047681, 
          -4.113023429811296, 
          74.11757567911079
        ], 
        [
          -45.62745417818934, 
          -9.946283722532817, 
          80.9463085352883
        ], 
        [
          -34.2761490351641, 
          -9.438128701265535, 
          81.19534790359754
        ]
      ], 
      "cuboid_centroid": [
        -39.914702246389226, 
        -8.235703453903854, 
        76.40767634477615
      ], 
      "location": [
        -39.914702246389226, 
        -8.235703453903854, 
        76.40767634477615
      ],