{
  "camera_data": {
    "location_worldframe": [
      -7.847131096145453, 
      -8.283345912926624, 
      73.24039011609004
    ], 
    "quaternion_xyzw_worldframe": [
      -0.8281082468353352, 
      -0.08533910075670328, 
      -0.20032462285185423, 
      0.5165513463217987
    ]
  }, 
  "objects": [
    {
      "bounding_box": {
        "bottom_right": [
          430, 
          422
        ], 
        "top_left": [
          220, 
          242
        ]
      }, 
      "class": "003_cracker_box", 
      "cuboid": [
        [
          -5.746690045388836, 
          12.511275818655271, 
          57.718629430511925
        ], 
        [
          -20.619676252715927, 
          14.335607492857877, 
          51.04448447356684
        ], 
        [
          -26.05097071857052, 
          -5.162375027886658, 
          57.81820318578935
        ], 
        [
          -11.17798451124343, 
          -6.986706702089264, 
          64.49234814273443
        ], 
        [
          -8.161973444071064, 
          15.32071221329334, 
          63.86890347184339
        ], 
        [
          -23.034959651398154, 
          17.145043887495948, 
          57.19475851489831
        ], 
        [
          -28.46625411725275, 
          -2.35293863324859, 
          63.968477227120815
        ], 
        [
          -13.593267909925657, 
          -4.177270307451196, 
          70.6426221840659
        ]
      ], 
      "cuboid_centroid": [
        -17.106472081320792, 
        5.079168592703341, 
        60.84355332881637
      ], 
      "location": [
        -17.106472081320792, 
        5.079168592703341, 
        60.84355332881637
      ], 
      "pose_transform_permuted": [
        [
          0.33639045354143116, 
          -0.39128641529343067, 
          -0.8565841487985912, 
          0.0
        ], 
        [
          0.9066903350007466, 
          -0.11121531841536628, 
          0.40687072807711605, 
          0.0
        ], 
        [
          0.25446826753531365, 
          0.9135239975811176, 
          -0.3173638395611422, 
          0.0
        ], 
        [
          -17.106472081320792, 
          5.079168592703341, 
          60.84355332881637, 
          1.0
        ]
      ], 
      "projected_cuboid": [
        [
          428.05520301506135, 
          388.8906067263032
        ], 
        [
          264.36458918956833, 
          423.06687745288735
        ], 
        [
          239.29838269928499, 
          225.66839099062176
        ], 
        [
          388.39038590876606, 
          215.50995496959357
        ], 
        [
          412.87480531206813, 
          401.21790062148415
        ], 
        [
          265.0147672553467, 
          433.15761527864106
        ], 
        [
          242.28971256753135, 
          253.66955934591147
        ], 
        [
          378.11888354772645, 
          241.75005207129618
        ]
      ], 
      "projected_cuboid_centroid": [
        330.4020015242, 
        317.8076076513354
      ], 
      "quaternion_xyzw": [
        0.9587489871416365, 
        -0.09535436043612147, 
        0.19381016084159497, 
        0.18478513780945555
      ], 
      "visibility": 0.5739592559787422
    }, 
    {
      "bounding_box": {
        "bottom_right": [
          403, 
          421
        ], 
        "top_left": [
          264, 
          340
        ]
      }, 
      "class": "006_mustard_bottle", 
      "cuboid": [
        [
          -5.389551511878963, 
          15.775180678176671, 
          70.4172267185386
        ], 
        [
          -13.04403708427565, 
          15.42447887842181, 
          64.63000573780656
        ], 
        [
          -17.646747846382894, 
          -1.7214877356195202, 
          71.75682958121347
        ], 
        [
          -9.992262273986208, 
          -1.3707859358646601, 
          77.54405056194553
        ], 
        [
          -8.615275556585177, 
          18.34965784958905, 
          74.52772888572655
        ], 
        [
          -16.269761128981862, 
          17.998956049834188, 
          68.7405079049945
        ], 
        [
          -20.872471891089106, 
          0.8529894357928586, 
          75.86733174840141
        ], 
        [
          -13.217986318692422, 
          1.2036912355477187, 
          81.65455272913347
        ]
      ], 
      "cuboid_centroid": [
        -13.131011701484036, 
        8.314085056984764, 
        73.14227923347
      ], 
      "location": [
        -13.131011701484036, 
        8.314085056984764, 
        73.14227923347
      ], 
      "pose_transform_permuted": [
        [
          0.5537818608857341, 
          -0.44197790605564224, 
          -0.7056777045314501, 
          0.0
        ], 
        [
          0.7971429758247796, 
          0.036522307559352145, 
          0.6026848585321589, 
          0.0
        ], 
        [
          0.24060045174350317, 
          0.8962821098557762, 
          -0.3725450337520293, 
          0.0
        ], 
        [
          -13.131011701484036, 
          8.314085056984764, 
          73.14227923347, 
          1.0
        ]
      ], 
      "projected_cuboid": [
        [
          440.43800888421123, 
          392.76316572996535
        ], 
        [
          373.0621291643588, 
          400.5676135772555
        ], 
        [
          349.3478312428622, 
          260.4918935280353
        ], 
        [
          412.301242171129, 
          263.8587742957067
        ], 
        [
          419.4324859746951, 
          404.596481568757
        ], 
        [
          354.317065210517, 
          412.93048345940986
        ], 
        [
          333.6484845484381, 
          279.28274161563024
        ], 
        [
          394.54549399183276, 
          281.14834221099943
        ]
      ], 
      "projected_cuboid_centroid": [
        385.053924911554, 
        333.9089908706464
      ], 
      "quaternion_xyzw": [
        0.9218327926218515, 
        -0.05534575950691599, 
        0.31363245283580715, 
        0.22089769053751812
      ], 
      "visibility": 0.030338239091143818
    }, 
    {
      "bounding_box": {
        "bottom_right": [
          302, 
          395
        ], 
        "top_left": [
          211, 
          277
        ]
      }, 
      "class": "008_pudding_box", 
      "cuboid": [
        [
          -8.942862468910635, 
          0.9014967429200903, 
          58.57380779729209
        ], 
        [
          -19.021107975308375, 
          1.9829164864921125, 
          53.43261441115453
        ], 
        [
          -21.35916737058147, 
          -6.203483851938203, 
          56.29394949550478
        ], 
        [
          -11.280921864183728, 
          -7.284903595510225, 
          61.435142881642335
        ], 
        [
          -10.412404770954023, 
          2.4412947704201224, 
          61.77843473442605
        ], 
        [
          -20.49065027735176, 
          3.5227145139921445, 
          56.63724134828849
        ], 
        [
          -22.828709672624857, 
          -4.66368582443817, 
          59.49857643263874
        ], 
        [
          -12.750464166227115, 
          -5.745105568010192, 
          64.63976981877629
        ]
      ], 
      "cuboid_centroid": [
        -15.885786070767747, 
        -1.8810945407590403, 
        59.03619211496542
      ], 
      "location": [
        -15.885786070767747, 
        -1.8810945407590403, 
        59.03619211496542
      ],