{
  "camera_data": {
    "location_worldframe": [
      -26.173432976872064, 
      -16.05756574821906, 
      72.32583442458885
    ], 
    "quaternion_xyzw_worldframe": [
      0.9234693391870261, 
      0.0016437128168879276, 
      0.05085505279836545, 
      -0.3802859613925586
    ]
  }, 
  "objects": [
    {
      "bounding_box": {
        "bottom_right": [
          316, 
          229
        ], 
        "top_left": [
          139, 
          0
        ]
      }, 
      "class": "003_cracker_box", 
      "cuboid": [
        [
          -29.636085701145376, 
          -1.1807817817316026, 
          51.24399034881161
        ], 
        [
          -45.904734270009975, 
          0.17984837312480031, 
          49.64465454553843
        ], 
        [
          -48.60917480235692, 
          -15.708157535162925, 
          63.63789637192049
        ], 
        [
          -32.34052623349232, 
          -17.06878769001933, 
          65.23723217519367
        ], 
        [
          -29.766732238646004, 
          3.576505870442144, 
          56.62019190861728
        ], 
        [
          -46.035380807510606, 
          4.937136025298547, 
          55.020856105344095
        ], 
        [
          -48.73982133985755, 
          -10.950869882989181, 
          69.01409793172616
        ], 
        [
          -32.47117277099294, 
          -12.311500037845583, 
          70.61343373499935
        ]
      ], 
      "cuboid_centroid": [
        -39.18795352050146, 
        -6.0658258323603915, 
        60.12904414026888
      ], 
      "location": [
        -39.18795352050146, 
        -6.0658258323603915, 
        60.12904414026888
      ], 
      "pose_transform_permuted": [
        [
          0.018195897022863755, 
          -0.6625748977593684, 
          -0.748774608404088, 
          0.0
        ], 
        [
          0.9917730182286089, 
          -0.08294704195389549, 
          0.09749906945614317, 
          0.0
        ], 
        [
          0.12670907483384303, 
          0.7443885363775162, 
          -0.6556146103195765, 
          0.0
        ], 
        [
          -39.18795352050146, 
          -6.0658258323603915, 
          60.12904414026888, 
          1.0
        ]
      ], 
      "projected_cuboid": [
        [
          170.59044352227912, 
          260.9976033500247
        ], 
        [
          -15.655143951422367, 
          275.21860217378344
        ], 
        [
          70.83136759496357, 
          141.64378253774282
        ], 
        [
          215.00741245437828, 
          133.74783542533078
        ], 
        [
          198.88030345873753, 
          306.97453082879014
        ], 
        [
          31.655481524293958, 
          321.14241506975486
        ], 
        [
          101.81202607420003, 
          188.66160573737545
        ], 
        [
          234.30944393652715, 
          180.30190713857994
        ]
      ], 
      "projected_cuboid_centroid": [
        131.11966442359736, 
        219.48518872072603
      ], 
      "quaternion_xyzw": [
        0.9333991861752148, 
        -0.056153926394248675, 
        0.030987536788276412, 
        0.3530615645489481
      ], 
      "visibility": 0.5864438177781369
    }, 
    {
      "bounding_box": {
        "bottom_right": [
          336, 
          286
        ], 
        "top_left": [
          212, 
          192
        ]
      }, 
      "class": "006_mustard_bottle", 
      "cuboid": [
        [
          -24.89104478640546, 
          5.65480726770894, 
          61.38271279665377
        ], 
        [
          -34.07963680329903, 
          4.431934656745996, 
          58.87663475823558
        ], 
        [
          -35.88832890627962, 
          -9.210156951497463, 
          72.16507729351035
        ], 
        [
          -26.69973688938605, 
          -7.987284340534519, 
          74.67115533192855
        ], 
        [
          -26.490423065061364, 
          9.670352522180508, 
          65.28743324967351
        ], 
        [
          -35.67901508195494, 
          8.447479911217563, 
          62.78135521125532
        ], 
        [
          -37.48770718493552, 
          -5.194611697025896, 
          76.06979774653009
        ], 
        [
          -28.29911516804195, 
          -3.971739086062952, 
          78.57587578494828
        ]
      ], 
      "cuboid_centroid": [
        -31.18937598567049, 
        0.2300977853415223, 
        68.72625527159192
      ], 
      "location": [
        -31.18937598567049, 
        0.2300977853415223, 
        68.72625527159192
      ], 
      "pose_transform_permuted": [
        [
          0.27457608497783154, 
          -0.6893758091742387, 
          -0.6703497660503674, 
          0.0
        ], 
        [
          0.9569057926505378, 
          0.1273507282674777, 
          0.2609845542589877, 
          0.0
        ], 
        [
          0.09454692235381809, 
          0.713121804370542, 
          -0.6946352795566337, 
          0.0
        ], 
        [
          -31.18937598567049, 
          0.2300977853415223, 
          68.72625527159192, 
          1.0
        ]
      ], 
      "projected_cuboid": [
        [
          263.5306519870512, 
          322.41795165678684
        ], 
        [
          170.32244396353013, 
          313.432133148063
        ], 
        [
          214.16228388674378, 
          205.2209687264409
        ], 
        [
          289.3118724851111, 
          216.23940731594988
        ], 
        [
          263.3989315362801, 
          352.2816541858716
        ], 
        [
          175.9826006282866, 
          345.04679944660177
        ], 
        [
          216.5833496969857, 
          236.86750931220004
        ], 
        [
          287.9212656604545, 
          246.329075367326
        ]
      ], 
      "projected_cuboid_centroid": [
        237.54879268278995, 
        275.0721096597116
      ], 
      "quaternion_xyzw": [
        0.9138349636383265, 
        0.00897421504399851, 
        0.14651459523515806, 
        0.3786271985098367
      ], 
      "visibility": 0.8516335052812577
    }, 
    {
      "bounding_box": {
        "bottom_right": [
          191, 
          199
        ], 
        "top_left": [
          119, 
          61
        ]
      }, 
      "class": "008_pudding_box", 
      "cuboid": [
        [
          -32.31607129874341, 
          -11.59089190475355, 
          56.73777355750841
        ], 
        [
          -43.55491090732044, 
          -10.99977779238526, 
          55.15302154488386
        ], 
        [
          -44.73845554461817, 
          -17.65905929125095, 
          61.062683355190714
        ], 
        [
          -33.49961593604115, 
          -18.25017340361924, 
          62.64743536781526
        ], 
        [
          -32.58213862780763, 
          -9.017128040916816, 
          59.58472176546819
        ], 
        [
          -43.820978236384654, 
          -8.426013928548526, 
          57.99996975284364
        ], 
        [
          -45.0045228736824, 
          -15.085295427414216, 
          63.90963156315049
        ], 
        [
          -33.765683265105366, 
          -15.676409539782506, 
          65.49438357577503
        ]
      ], 
      "cuboid_centroid": [
        -38.6602970862129, 
        -13.338093666083884, 
        60.32370256032945
      ], 
      "location": [
        -38.6602970862129, 
        -13.338093666083884, 
        60.32370256032945
      ],