{
  "camera_data": {
    "location_worldframe": [
      -23.18957028817144, 
      -18.84094806179509, 
      64.59816809971949
    ], 
    "quaternion_xyzw_worldframe": [
      0.9016663613212093, 
      -0.0043651627548077785, 
      0.10085135467671921, 
      -0.42048632064848945
    ]
  }, 
  "objects": [
    {
      "bounding_box": {
        "bottom_right": [
          319, 
          227
        ], 
        "top_left": [
          102, 
          0
        ]
      }, 
      "class": "003_cracker_box", 
      "cuboid": [
        [
          -24.095257200669945, 
          -1.9879041516534266, 
          44.77627756101779
        ], 
        [
          -40.07968158106646, 
          0.3053511949137111, 
          41.8923093174369
        ], 
        [
          -44.70107020902746, 
          -16.61810869355785, 
          54.04931633804203
        ], 
        [
          -28.71664582863095, 
          -18.91136404012499, 
          56.93328458162292
        ], 
        [
          -24.52443272363135, 
          2.270520064523751, 
          50.541173839400365
        ], 
        [
          -40.50885710402786, 
          4.56377541109089, 
          47.65720559581948
        ], 
        [
          -45.130245731988865, 
          -12.359684477380672, 
          59.81421261642461
        ], 
        [
          -29.14582135159235, 
          -14.652939823947811, 
          62.69818086000549
        ]
      ], 
      "cuboid_centroid": [
        -34.61275146632941, 
        -7.17379431451705, 
        52.295245088721195
      ], 
      "location": [
        -34.61275146632941, 
        -7.17379431451705, 
        52.295245088721195
      ], 
      "pose_transform_permuted": [
        [
          0.05977375114515998, 
          -0.5930953089120801, 
          -0.8029103643748292, 
          0.0
        ], 
        [
          0.9744460792356522, 
          -0.13980194894532144, 
          0.1758131216188228, 
          0.0
        ], 
        [
          0.2165223714453121, 
          0.7929018663224184, 
          -0.5695829114765684, 
          0.0
        ], 
        [
          -34.61275146632941, 
          -7.17379431451705, 
          52.295245088721195, 
          1.0
        ]
      ], 
      "projected_cuboid": [
        [
          192.21253271714875, 
          249.60908484569288
        ], 
        [
          -32.89857346527394, 
          277.17388090059035
        ], 
        [
          36.84348578036349, 
          109.31105407132532
        ], 
        [
          210.3536487891943, 
          96.13531859907836
        ], 
        [
          220.65422835028636, 
          297.2454752677224
        ], 
        [
          24.495032125719746, 
          324.358579858419
        ], 
        [
          75.85032080643846, 
          163.08427191008516
        ], 
        [
          231.61255953380444, 
          148.64656195743183
        ]
      ], 
      "projected_cuboid_centroid": [
        125.66619497710617, 
        200.1264449924281
      ], 
      "quaternion_xyzw": [
        0.9447563587948086, 
        -0.09429000320389047, 
        0.062340642264771956, 
        0.30766615370333017
      ], 
      "visibility": 0.5399042033168938
    }, 
    {
      "bounding_box": {
        "bottom_right": [
          326, 
          291
        ], 
        "top_left": [
          184, 
          198
        ]
      }, 
      "class": "006_mustard_bottle", 
      "cuboid": [
        [
          -20.02543822471315, 
          3.6735833511733498, 
          55.88568370499474
        ], 
        [
          -28.987647053441982, 
          3.1310647948823727, 
          52.48119338535208
        ], 
        [
          -32.56167902792445, 
          -11.539053792500447, 
          64.22745456335647
        ], 
        [
          -23.599470199195622, 
          -10.99653523620947, 
          67.63194488299914
        ], 
        [
          -21.81122557653212, 
          7.397571128220341, 
          59.99327849460874
        ], 
        [
          -30.773434405260954, 
          6.855052571929364, 
          56.58878817496608
        ], 
        [
          -34.34746637974342, 
          -7.815066015453455, 
          68.33504935297047
        ], 
        [
          -25.38525755101459, 
          -7.272547459162477, 
          71.73953967261313
        ]
      ], 
      "cuboid_centroid": [
        -27.186452302228286, 
        -2.0707413321400523, 
        62.11036652898261
      ], 
      "location": [
        -27.186452302228286, 
        -2.0707413321400523, 
        62.11036652898261
      ], 
      "pose_transform_permuted": [
        [
          0.30657819116904206, 
          -0.6393221653517593, 
          -0.7051785753620351, 
          0.0
        ], 
        [
          0.933330104045008, 
          0.056498226080860414, 
          0.3545457782758438, 
          0.0
        ], 
        [
          0.18682766570639686, 
          0.766860518004635, 
          -0.614019844347365, 
          0.0
        ], 
        [
          -27.186452302228286, 
          -2.0707413321400523, 
          62.11036652898261, 
          1.0
        ]
      ], 
      "projected_cuboid": [
        [
          288.90084701848605, 
          308.343708471364
        ], 
        [
          184.5665989175035, 
          305.10475825373925
        ], 
        [
          208.96444710926576, 
          177.47076261491802
        ], 
        [
          293.9498569022911, 
          186.57207784506468
        ], 
        [
          286.0869620677589, 
          339.0483974693429
        ], 
        [
          189.1567065828952, 
          337.89180517630655
        ], 
        [
          211.29900540368982, 
          212.29400502388881
        ], 
        [
          291.3076114814644, 
          219.2216248636059
        ]
      ], 
      "projected_cuboid_centroid": [
        246.21130924097193, 
        255.50582011050045
      ], 
      "quaternion_xyzw": [
        0.922682122593106, 
        -0.03531265980835809, 
        0.1791310228236738, 
        0.3395920379861516
      ], 
      "visibility": 0.7518444666001994
    }, 
    {
      "bounding_box": {
        "bottom_right": [
          170, 
          193
        ], 
        "top_left": [
          80, 
          40
        ]
      }, 
      "class": "008_pudding_box", 
      "cuboid": [
        [
          -27.689679919505622, 
          -12.703535971093594, 
          49.01767122544928
        ], 
        [
          -38.70237484491814, 
          -11.423450657672225, 
          46.516810842933985
        ], 
        [
          -40.6932139923386, 
          -18.518265586251687, 
          51.65208798444394
        ], 
        [
          -29.680519066926074, 
          -19.798350899673057, 
          54.15294836695923
        ], 
        [
          -28.110622211079967, 
          -10.384584942840503, 
          52.05830274947856
        ], 
        [
          -39.12331713649249, 
          -9.104499629419132, 
          49.557442366963265
        ], 
        [
          -41.11415628391295, 
          -16.199314557998594, 
          54.69271950847322
        ], 
        [
          -30.101461358500426, 
          -17.479399871419965, 
          57.19357989098851
        ]
      ], 
      "cuboid_centroid": [
        -34.401918101709285, 
        -14.451425264546094, 
        51.85519536696125
      ], 
      "location": [
        -34.401918101709285, 
        -14.451425264546094, 
        51.85519536696125
      ],