{
  "camera_data": {
    "location_worldframe": [
      -25.810361700133615, 
      -16.589884082793795, 
      71.33365501357724
    ], 
    "quaternion_xyzw_worldframe": [
      0.9209115584224168, 
      0.002502007908701996, 
      0.05748729253897708, 
      -0.3855066685899157
    ]
  }, 
  "objects": [
    {
      "bounding_box": {
        "bottom_right": [
          315, 
          229
        ], 
        "top_left": [
          133, 
          0
        ]
      }, 
      "class": "003_cracker_box", 
      "cuboid": [
        [
          -28.953049118332007, 
          -1.4612824888800613, 
          50.38122921474546
        ], 
        [
          -45.19530562120805, 
          -0.03368046946054942, 
          48.58423954975391
        ], 
        [
          -48.12882391208857, 
          -16.073408897788322, 
          62.35649896965153
        ], 
        [
          -31.886567409212528, 
          -17.501010917207832, 
          64.15348863464308
        ], 
        [
          -29.14093842529847, 
          3.234228585803817, 
          55.809789879488136
        ], 
        [
          -45.38319492817451, 
          4.6618306052233285, 
          54.01280021449658
        ], 
        [
          -48.31671321905503, 
          -11.377897823104444, 
          67.7850596343942
        ], 
        [
          -32.074456716178986, 
          -12.805499842523954, 
          69.58204929938576
        ]
      ], 
      "cuboid_centroid": [
        -38.63488116869352, 
        -6.419590155992252, 
        59.08314442456983
      ], 
      "location": [
        -38.63488116869352, 
        -6.419590155992252, 
        59.08314442456983
      ], 
      "pose_transform_permuted": [
        [
          0.026168427779745, 
          -0.65397091740187, 
          -0.7560669630264854, 
          0.0
        ], 
        [
          0.9901640991575527, 
          -0.08702979584540622, 
          0.10954848869162537, 
          0.0
        ], 
        [
          0.137441879087302, 
          0.7514970750626135, 
          -0.6452610913771945, 
          0.0
        ], 
        [
          -38.63488116869352, 
          -6.419590155992252, 
          59.08314442456983, 
          1.0
        ]
      ], 
      "projected_cuboid": [
        [
          172.55522424839208, 
          257.8178687962715
        ], 
        [
          -18.655880490882133, 
          272.91682026844495
        ], 
        [
          66.53287934494377, 
          135.8146805944466
        ], 
        [
          214.3092104072615, 
          127.79746098681726
        ], 
        [
          200.80496855945933, 
          304.19289768975307
        ], 
        [
          29.7514112180524, 
          319.3172111796174
        ], 
        [
          98.28266369099987, 
          183.76746464712485
        ], 
        [
          233.7100222672766, 
          175.1373183611772
        ]
      ], 
      "projected_cuboid_centroid": [
        129.9494185180496, 
        215.33950114939384
      ], 
      "quaternion_xyzw": [
        0.9351107069816188, 
        -0.060012058801375855, 
        0.03628364948077696, 
        0.3473471106359076
      ], 
      "visibility": 0.5781613842921975
    }, 
    {
      "bounding_box": {
        "bottom_right": [
          334, 
          286
        ], 
        "top_left": [
          208, 
          192
        ]
      }, 
      "class": "006_mustard_bottle", 
      "cuboid": [
        [
          -24.32234013612873, 
          5.243004493849114, 
          60.659622889104845
        ], 
        [
          -33.48059399282926, 
          4.076570033111434, 
          58.01919020576695
        ], 
        [
          -35.50281453985806, 
          -9.711992204126977, 
          71.12441477741656
        ], 
        [
          -26.344560683157525, 
          -8.545557743389297, 
          73.76484746075445
        ], 
        [
          -25.961543748995126, 
          9.218142462582621, 
          64.58909435868891
        ], 
        [
          -35.11979760569566, 
          8.051708001844942, 
          61.94866167535101
        ], 
        [
          -37.142018152724454, 
          -5.736854235393469, 
          75.05388624700062
        ], 
        [
          -27.983764296023917, 
          -4.5704197746557895, 
          77.69431893033853
        ]
      ], 
      "cuboid_centroid": [
        -30.732179144426592, 
        -0.24692487077217773, 
        67.85675456805274
      ], 
      "location": [
        -30.732179144426592, 
        -0.24692487077217773, 
        67.85675456805274
      ], 
      "pose_transform_permuted": [
        [
          0.2814131694226952, 
          -0.6824388171751594, 
          -0.6745989404440365, 
          0.0
        ], 
        [
          0.9537463574319857, 
          0.12147322355535799, 
          0.274976332080531, 
          0.0
        ], 
        [
          0.1057088316619243, 
          0.7207783575029847, 
          -0.6850578094321467, 
          0.0
        ], 
        [
          -30.732179144426592, 
          -0.24692487077217773, 
          67.85675456805274, 
          1.0
        ]
      ], 
      "projected_cuboid": [
        [
          265.97292355503356, 
          319.38304893957184
        ], 
        [
          171.27459336054332, 
          310.7588746879009
        ], 
        [
          213.16412309937743, 
          200.4620985779488
        ], 
        [
          289.5386932143769, 
          211.50218607731063
        ], 
        [
          265.44317788884325, 
          349.4018008531377
        ], 
        [
          176.72908720687738, 
          342.6041542015179
        ], 
        [
          215.47306259044493, 
          232.52147087398845
        ], 
        [
          287.9064398643147, 
          241.91366023831398
        ]
      ], 
      "projected_cuboid_centroid": [
        238.0448945441233, 
        271.3458340678295
      ], 
      "quaternion_xyzw": [
        0.9150305535034072, 
        0.00430706707909262, 
        0.1520139134624958, 
        0.37362048222639327
      ], 
      "visibility": 0.8511940477619104
    }, 
    {
      "bounding_box": {
        "bottom_right": [
          187, 
          198
        ], 
        "top_left": [
          113, 
          58
        ]
      }, 
      "class": "008_pudding_box", 
      "cuboid": [
        [
          -31.734673093539715, 
          -11.925824873236273, 
          55.7188471421583
        ], 
        [
          -42.949957281105846, 
          -11.282882983487111, 
          53.99362341718431
        ], 
        [
          -44.23009580711962, 
          -18.00612693315695, 
          59.80999228867566
        ], 
        [
          -33.014811619553484, 
          -18.64906882290611, 
          61.53521601364966
        ], 
        [
          -32.03087058838568, 
          -9.384193237154529, 
          58.591570940177874
        ], 
        [
          -43.246154775951815, 
          -8.741251347405369, 
          56.866347215203874
        ], 
        [
          -44.52629330196559, 
          -15.464495297075203, 
          62.68271608669524
        ], 
        [
          -33.31100911439946, 
          -16.107437186824367, 
          64.40793981166922
        ]
      ], 
      "cuboid_centroid": [
        -38.13048319775265, 
        -13.695160085155738, 
        59.20078161442677
      ], 
      "location": [
        -38.13048319775265, 
        -13.695160085155738, 
        59.20078161442677
      ],