{
  "camera_data": {
    "location_worldframe": [
      -16.4412045380577, 
      -19.19616458286322, 
      60.909820422115565
    ], 
    "quaternion_xyzw_worldframe": [
      0.8697099482668936, 
      0.016298041000040803, 
      0.14656865613640266, 
      -0.47102523745232266
    ]
  }, 
  "objects": [
    {
      "bounding_box": {
        "bottom_right": [
          339, 
          296
        ], 
        "top_left": [
          94, 
          62
        ]
      }, 
      "class": "003_cracker_box", 
      "cuboid": [
        [
          -15.491762707249116, 
          -0.2034248716329838, 
          43.12970449322986
        ], 
        [
          -31.11305937977874, 
          2.360031756747011, 
          38.83064691390091
        ], 
        [
          -36.74537846796485, 
          -15.846788698394953, 
          48.44013273518573
        ], 
        [
          -21.124081795435224, 
          -18.410245326774945, 
          52.73919031451469
        ], 
        [
          -16.591764832344875, 
          3.3715946997226616, 
          49.25845868345087
        ], 
        [
          -32.213061504874496, 
          5.935051328102656, 
          44.959401104121916
        ], 
        [
          -37.845380593060604, 
          -12.271769127039306, 
          54.56888692540674
        ], 
        [
          -22.22408392053098, 
          -14.835225755419302, 
          58.86794450473569
        ]
      ], 
      "cuboid_centroid": [
        -26.66857165015486, 
        -6.237596999336145, 
        48.8492957093183
      ], 
      "location": [
        -26.66857165015486, 
        -6.237596999336145, 
        48.8492957093183
      ], 
      "pose_transform_permuted": [
        [
          0.15320364225555788, 
          -0.49791360122955153, 
          -0.8535869549789582, 
          0.0
        ], 
        [
          0.952309006121735, 
          -0.15627402034439503, 
          0.26208011642402934, 
          0.0
        ], 
        [
          0.2638867197474405, 
          0.8530301731334118, 
          -0.45022585761472766, 
          0.0
        ], 
        [
          -26.66857165015486, 
          -6.237596999336145, 
          48.8492957093183, 
          1.0
        ]
      ], 
      "projected_cuboid": [
        [
          288.4375597895459, 
          270.7710913995331
        ], 
        [
          50.71360078108917, 
          305.7003979814962
        ], 
        [
          73.66378638290513, 
          98.81544828744863
        ], 
        [
          266.20181878501245, 
          87.11484468845137
        ], 
        [
          300.46159800598133, 
          309.790674081866
        ], 
        [
          96.29332936412074, 
          343.6895910174968
        ], 
        [
          108.63941738701541, 
          153.35052380999824
        ], 
        [
          278.5780447034852, 
          138.88543934117996
        ]
      ], 
      "projected_cuboid_centroid": [
        188.01252438529667, 
        205.18662817985006
      ], 
      "quaternion_xyzw": [
        0.9564159835335909, 
        -0.10982688164084793, 
        0.10855207509845052, 
        0.24783657821706062
      ], 
      "visibility": 0.5076955424726661
    }, 
    {
      "bounding_box": {
        "bottom_right": [
          330, 
          344
        ], 
        "top_left": [
          175, 
          250
        ]
      }, 
      "class": "006_mustard_bottle", 
      "cuboid": [
        [
          -12.704929538300808, 
          4.1705259510638735, 
          55.1770657857093
        ], 
        [
          -21.2472764338325, 
          3.9943973758877984, 
          50.794902387156924
        ], 
        [
          -25.82812790600584, 
          -11.924206348241327, 
          60.364363753839
        ], 
        [
          -17.285781010474146, 
          -11.748077773065251, 
          64.74652715239138
        ], 
        [
          -14.970374084393978, 
          7.399192986847959, 
          59.46343097847975
        ], 
        [
          -23.512720979925668, 
          7.223064411671884, 
          55.08126757992737
        ], 
        [
          -28.093572452099007, 
          -8.69553931245724, 
          64.65072894660945
        ], 
        [
          -19.551225556567314, 
          -8.519410737281166, 
          69.03289234516183
        ]
      ], 
      "cuboid_centroid": [
        -20.399250995199907, 
        -2.262506680696684, 
        59.913897366159375
      ], 
      "location": [
        -20.399250995199907, 
        -2.262506680696684, 
        59.913897366159375
      ], 
      "pose_transform_permuted": [
        [
          0.38892418541747037, 
          -0.5542871040662067, 
          -0.7358692994162946, 
          0.0
        ], 
        [
          0.8896054163832717, 
          0.018342141377852988, 
          0.45636127196706106, 
          0.0
        ], 
        [
          0.23945778706072784, 
          0.8321233823082537, 
          -0.5002305916593376, 
          0.0
        ], 
        [
          -20.399250995199907, 
          -2.262506680696684, 
          59.913897366159375, 
          1.0
        ]
      ], 
      "projected_cuboid": [
        [
          357.7729067022526, 
          313.5971839020434
        ], 
        [
          256.65282851739676, 
          315.2255957099333
        ], 
        [
          251.5037330326025, 
          167.93609007107617
        ], 
        [
          338.02688153824505, 
          176.51717881184558
        ], 
        [
          346.21085973919276, 
          339.64891321970146
        ], 
        [
          252.03998263894331, 
          343.2232309898401
        ], 
        [
          247.91505741739965, 
          201.55491983683876
        ], 
        [
          329.2936489281307, 
          207.4690931530642
        ]
      ], 
      "projected_cuboid_centroid": [
        298.5012656557125, 
        253.14698484075404
      ], 
      "quaternion_xyzw": [
        0.92973088822893, 
        -0.05945689459239226, 
        0.22729304470961997, 
        0.2835545503210946
      ], 
      "visibility": 0.38840054372451294
    }, 
    {
      "bounding_box": {
        "bottom_right": [
          175, 
          255
        ], 
        "top_left": [
          72, 
          104
        ]
      }, 
      "class": "008_pudding_box", 
      "cuboid": [
        [
          -19.356438899969795, 
          -11.340975347429305, 
          45.728516289851946
        ], 
        [
          -30.06010650883294, 
          -9.814386103005415, 
          42.22517565833159
        ], 
        [
          -32.478580321786424, 
          -17.45173695380332, 
          46.28630445457595
        ], 
        [
          -21.77491271292328, 
          -18.97832619822721, 
          49.78964508609631
        ], 
        [
          -20.131148434953815, 
          -9.383454158218761, 
          48.94847005961155
        ], 
        [
          -30.83481604381696, 
          -7.8568649137948725, 
          45.4451294280912
        ], 
        [
          -33.253289856770444, 
          -15.494215764592777, 
          49.50625822433556
        ], 
        [
          -22.549622247907298, 
          -17.02080500901667, 
          53.00959885585591
        ]
      ], 
      "cuboid_centroid": [
        -26.30486437837012, 
        -13.417595556011042, 
        47.61738725709375
      ], 
      "location": [
        -26.30486437837012, 
        -13.417595556011042, 
        47.61738725709375
      ],