{
  "camera_data": {
    "location_worldframe": [
      -8.483581184036543, 
      -12.270784017376284, 
      68.57955254257647
    ], 
    "quaternion_xyzw_worldframe": [
      -0.8328088885712898, 
      -0.067815336986277, 
      -0.1907534262654342, 
      0.5152123766512271
    ]
  }, 
  "objects": [
    {
      "bounding_box": {
        "bottom_right": [
          405, 
          409
        ], 
        "top_left": [
          181, 
          215
        ]
      }, 
      "class": "003_cracker_box", 
      "cuboid": [
        [
          -6.512804416460538, 
          8.455883645670257, 
          52.950253936900396
        ], 
        [
          -21.573692484001867, 
          10.575881504659824, 
          46.805876394624256
        ], 
        [
          -27.157633182470768, 
          -8.797695984454819, 
          53.80856507081491
        ], 
        [
          -12.09674511492944, 
          -10.917693843444386, 
          59.95294261309103
        ], 
        [
          -8.649553914369285, 
          11.322369784640589, 
          59.17680646082728
        ], 
        [
          -23.710441981910613, 
          13.442367643630154, 
          53.032428918551155
        ], 
        [
          -29.294382680379517, 
          -5.931209845484488, 
          60.03511759474179
        ], 
        [
          -14.233494612838188, 
          -8.051207704474054, 
          66.17949513701792
        ]
      ], 
      "cuboid_centroid": [
        -17.903593548420027, 
        1.262336900092885, 
        56.49268576582109
      ], 
      "location": [
        -17.903593548420027, 
        1.262336900092885, 
        56.49268576582109
      ], 
      "pose_transform_permuted": [
        [
          0.2975974302221073, 
          -0.3992320623263309, 
          -0.8672078931466565, 
          0.0
        ], 
        [
          0.9181452505240985, 
          -0.12923978696498517, 
          0.3745749276250161, 
          0.0
        ], 
        [
          0.26162008421609895, 
          0.907695344196449, 
          -0.3280915933986295, 
          0.0
        ], 
        [
          -17.903593548420027, 
          1.262336900092885, 
          56.49268576582109, 
          1.0
        ]
      ], 
      "projected_cuboid": [
        [
          415.45287507748407, 
          358.4549367322072
        ], 
        [
          233.73170596048402, 
          393.79116582300264
        ], 
        [
          210.1830680802948, 
          186.08882978904987
        ], 
        [
          373.0920654789504, 
          176.16670239050404
        ], 
        [
          402.99500955666093, 
          375.32721734880363
        ], 
        [
          241.16639668493085, 
          408.469445020157
        ], 
        [
          219.1929036511165, 
          220.5968708461546
        ], 
        [
          365.9379629893623, 
          208.4044060146622
        ]
      ], 
      "projected_cuboid_centroid": [
        311.16954791753494, 
        285.20363804939495
      ], 
      "quaternion_xyzw": [
        0.9608652985547979, 
        -0.10169476194242887, 
        0.17488724976802497, 
        0.1892366330688862
      ], 
      "visibility": 0.5556011971128455
    }, 
    {
      "bounding_box": {
        "bottom_right": [
          380, 
          415
        ], 
        "top_left": [
          234, 
          328
        ]
      }, 
      "class": "006_mustard_bottle", 
      "cuboid": [
        [
          -5.6368960580358, 
          11.728562155402136, 
          65.62137446487296
        ], 
        [
          -13.498234797786449, 
          11.527197902578747, 
          60.11094131794283
        ], 
        [
          -18.193656029459408, 
          -5.51137769152823, 
          67.43219099033128
        ], 
        [
          -10.332317289708763, 
          -5.31001343870484, 
          72.9426241372614
        ], 
        [
          -8.660860540238636, 
          14.374054797715303, 
          69.83877459706564
        ], 
        [
          -16.52219927998928, 
          14.172690544891914, 
          64.32834145013551
        ], 
        [
          -21.217620511662243, 
          -2.865885049215064, 
          71.64959112252394
        ], 
        [
          -13.356281771911597, 
          -2.6645207963916744, 
          77.16002426945407
        ]
      ], 
      "cuboid_centroid": [
        -13.427258284849023, 
        4.4313385530935365, 
        68.63548279369846
      ], 
      "location": [
        -13.427258284849023, 
        4.4313385530935365, 
        68.63548279369846
      ], 
      "pose_transform_permuted": [
        [
          0.5191444323809691, 
          -0.4541696121910923, 
          -0.7240296010870048, 
          0.0
        ], 
        [
          0.8186847956928504, 
          0.020970200832204446, 
          0.5738599982039052, 
          0.0
        ], 
        [
          0.24544676558153622, 
          0.8906683901925463, 
          -0.3827083798107646, 
          0.0
        ], 
        [
          -13.427258284849023, 
          4.4313385530935365, 
          68.63548279369846, 
          1.0
        ]
      ], 
      "projected_cuboid": [
        [
          435.4029761472078, 
          368.60718511698514
        ], 
        [
          360.8392699539041, 
          375.55877404604576
        ], 
        [
          336.5047412156313, 
          229.6971838469087
        ], 
        [
          405.4228359350379, 
          234.46240480473205
        ], 
        [
          414.9077666553528, 
          383.05313909128375
        ], 
        [
          343.4768554024477, 
          390.78643372605757
        ], 
        [
          322.3488071613419, 
          251.95448854586894
        ], 
        [
          388.51094300755045, 
          254.86973298510748
        ]
      ], 
      "projected_cuboid_centroid": [
        376.3935203029072, 
        307.71945130601455
      ], 
      "quaternion_xyzw": [
        0.9264694796608793, 
        -0.0605731137607194, 
        0.2949380564012084, 
        0.22582449027575743
      ], 
      "visibility": 0.028627046833848622
    }, 
    {
      "bounding_box": {
        "bottom_right": [
          266, 
          378
        ], 
        "top_left": [
          170, 
          251
        ]
      }, 
      "class": "008_pudding_box", 
      "cuboid": [
        [
          -9.913097666060514, 
          -3.0848135999672923, 
          53.94243993290008
        ], 
        [
          -20.143869262647506, 
          -1.8038220896993056, 
          49.16093976331224
        ], 
        [
          -22.545360536522573, 
          -9.93678009471895, 
          52.120457367905814
        ], 
        [
          -12.314588939935579, 
          -11.217771604986936, 
          56.901957537493644
        ], 
        [
          -11.235776476577849, 
          -1.5109758502114587, 
          57.194165913182616
        ], 
        [
          -21.466548073164844, 
          -0.22998433994347173, 
          52.412665743594786
        ], 
        [
          -23.868039347039907, 
          -8.362942344963116, 
          55.37218334818835
        ], 
        [
          -13.637267750452914, 
          -9.643933855231102, 
          60.15368351777619
        ]
      ], 
      "cuboid_centroid": [
        -16.89056850655021, 
        -5.723877972465204, 
        54.657311640544215
      ], 
      "location": [
        -16.89056850655021, 
        -5.723877972465204, 
        54.657311640544215
      ],