{
  "camera_data": {
    "location_worldframe": [
      -10.912187211143515, 
      -16.17359897489777, 
      63.529716198020424
    ], 
    "quaternion_xyzw_worldframe": [
      0.845783359511697, 
      0.049331639734354844, 
      0.18131906171901482, 
      -0.4993408748738654
    ]
  }, 
  "objects": [
    {
      "bounding_box": {
        "bottom_right": [
          374, 
          374
        ], 
        "top_left": [
          134, 
          160
        ]
      }, 
      "class": "003_cracker_box", 
      "cuboid": [
        [
          -8.952911767588246, 
          3.9510223132960762, 
          47.13110942211058
        ], 
        [
          -24.170734008464727, 
          6.307613624034723, 
          41.479341616689666
        ], 
        [
          -30.02898789577737, 
          -12.647448884843374, 
          49.349539442837745
        ], 
        [
          -14.81116565490089, 
          -15.00404019558202, 
          55.001307248258655
        ], 
        [
          -10.769534716632142, 
          7.086162788937514, 
          53.32975224082054
        ], 
        [
          -25.987356957508627, 
          9.442754099676161, 
          47.677984435399615
        ], 
        [
          -31.84561084482127, 
          -9.512308409201935, 
          55.548182261547694
        ], 
        [
          -16.627788603944786, 
          -11.868899719940583, 
          61.199950066968626
        ]
      ], 
      "cuboid_centroid": [
        -20.399261306204757, 
        -2.78064304795293, 
        51.33964584182914
      ], 
      "location": [
        -20.399261306204757, 
        -2.78064304795293, 
        51.33964584182914
      ], 
      "pose_transform_permuted": [
        [
          0.2530115588406978, 
          -0.4366491017544879, 
          -0.8633207474803319, 
          0.0
        ], 
        [
          0.9277123069451029, 
          -0.14366305025824874, 
          0.34454434189678873, 
          0.0
        ], 
        [
          0.2744722693380799, 
          0.8880869833115982, 
          -0.368736333220514, 
          0.0
        ], 
        [
          -20.399261306204757, 
          -2.78064304795293, 
          51.33964584182914, 
          1.0
        ]
      ], 
      "projected_cuboid": [
        [
          379.44471448398804, 
          317.994960911926
        ], 
        [
          168.2326200084908, 
          354.38652022949736
        ], 
        [
          154.3699183572212, 
          136.60578586912808
        ], 
        [
          336.7839301115375, 
          127.80002387236837
        ], 
        [
          372.9997474226439, 
          344.1510971830868
        ], 
        [
          188.4834726294045, 
          378.9119275624557
        ], 
        [
          173.29852644652502, 
          181.9586105993232
        ], 
        [
          335.48867526567295, 
          169.85644295011156
        ]
      ], 
      "projected_cuboid_centroid": [
        267.9222659175577, 
        244.40103698185996
      ], 
      "quaternion_xyzw": [
        0.9590516197964832, 
        -0.10899708393304722, 
        0.15576739781334495, 
        0.20994319240759685
      ], 
      "visibility": 0.5238287464678365
    }, 
    {
      "bounding_box": {
        "bottom_right": [
          355, 
          393
        ], 
        "top_left": [
          201, 
          299
        ]
      }, 
      "class": "006_mustard_bottle", 
      "cuboid": [
        [
          -7.503701477478689, 
          7.618791617530747, 
          59.64036545809023
        ], 
        [
          -15.57148412565008, 
          7.4651197560907825, 
          54.435239531556675
        ], 
        [
          -20.464184804177084, 
          -9.17281349382714, 
          62.50997747318722
        ], 
        [
          -12.396402156005694, 
          -9.019141632387177, 
          67.71510339972076
        ], 
        [
          -10.289184909843122, 
          10.492077678964176, 
          63.87294926025785
        ], 
        [
          -18.356967558014514, 
          10.33840581752421, 
          58.6678233337243
        ], 
        [
          -23.249668236541517, 
          -6.299527432393713, 
          66.74256127535484
        ], 
        [
          -15.181885588370125, 
          -6.145855570953748, 
          71.94768720188839
        ]
      ], 
      "cuboid_centroid": [
        -15.376684857010103, 
        0.6596320925685171, 
        63.19146336672253
      ], 
      "location": [
        -15.376684857010103, 
        0.6596320925685171, 
        63.19146336672253
      ], 
      "pose_transform_permuted": [
        [
          0.47820277781438286, 
          -0.49327644891662265, 
          -0.7266362843919831, 
          0.0
        ], 
        [
          0.8401839950763935, 
          0.01600348498539688, 
          0.5420651108916403, 
          0.0
        ], 
        [
          0.25575928063756814, 
          0.8697253559717015, 
          -0.42209595537940214, 
          0.0
        ], 
        [
          -15.376684857010103, 
          0.6596320925685171, 
          63.19146336672253, 
          1.0
        ]
      ], 
      "projected_cuboid": [
        [
          413.93784830729015, 
          341.41574440933005
        ], 
        [
          327.76686758288804, 
          346.4247218289228
        ], 
        [
          305.5467378318469, 
          195.02637429583936
        ], 
        [
          383.15021315586364, 
          202.25238733482954
        ], 
        [
          394.9695768521377, 
          360.89217634869453
        ], 
        [
          313.33248950545976, 
          367.2677693949877
        ], 
        [
          294.2678032610455, 
          222.94892311887853
        ], 
        [
          368.12195809428334, 
          227.72975556348587
        ]
      ], 
      "projected_cuboid_centroid": [
        350.740345917042, 
        278.85366198698904
      ], 
      "quaternion_xyzw": [
        0.9268961154627953, 
        -0.06466630716551827, 
        0.275183990871676, 
        0.24689185471421013
      ], 
      "visibility": 0.06464965014289938
    }, 
    {
      "bounding_box": {
        "bottom_right": [
          219, 
          337
        ], 
        "top_left": [
          117, 
          196
        ]
      }, 
      "class": "008_pudding_box", 
      "cuboid": [
        [
          -12.637450599413697, 
          -7.444600079427105, 
          48.646888308089466
        ], 
        [
          -23.00243292571808, 
          -6.023072339356569, 
          44.20630604420943
        ], 
        [
          -25.518255804987216, 
          -13.977991413313573, 
          47.53208542185181
        ], 
        [
          -15.153273478682838, 
          -15.399519153384109, 
          51.97266768573186
        ], 
        [
          -13.790544564329327, 
          -5.724443772053824, 
          51.889048534770374
        ], 
        [
          -24.155526890633706, 
          -4.302916031983289, 
          47.448466270890336
        ], 
        [
          -26.671349769902847, 
          -12.257835105940293, 
          50.77424564853273
        ], 
        [
          -16.306367443598464, 
          -13.679362846010829, 
          55.214827912412765
        ]
      ], 
      "cuboid_centroid": [
        -19.65440018465827, 
        -9.8512175926837, 
        49.71056697831109
      ], 
      "location": [
        -19.65440018465827, 
        -9.8512175926837, 
        49.71056697831109
      ],