{
  "camera_data": {
    "location_worldframe": [
      -26.84890148006598, 
      -14.690707919967613, 
      75.05902276465746
    ], 
    "quaternion_xyzw_worldframe": [
      0.9292106256259957, 
      0.010753023609937108, 
      0.0426732966530812, 
      -0.36692478394173017
    ]
  }, 
  "objects": [
    {
      "bounding_box": {
        "bottom_right": [
          318, 
          233
        ], 
        "top_left": [
          153, 
          6
        ]
      }, 
      "class": "003_cracker_box", 
      "cuboid": [
        [
          -30.81192465998627, 
          -0.5329538910936897, 
          53.574017492906165
        ], 
        [
          -47.11921903716853, 
          0.4282847554578466, 
          52.0819430820767
        ], 
        [
          -49.35913833383206, 
          -15.086077463954492, 
          66.56782840592558
        ], 
        [
          -33.05184395664981, 
          -16.047316110506028, 
          68.05990281675506
        ], 
        [
          -31.0010909610341, 
          4.380012950028201, 
          58.80654751800181
        ], 
        [
          -47.30838533821635, 
          5.3412515965797365, 
          57.31447310717234
        ], 
        [
          -49.548304634879884, 
          -10.173110622832601, 
          71.80035843102122
        ], 
        [
          -33.24101025769763, 
          -11.134349269384138, 
          73.2924328418507
        ]
      ], 
      "cuboid_centroid": [
        -40.18011464743308, 
        -5.353032256963146, 
        62.687187961963694
      ], 
      "location": [
        -40.18011464743308, 
        -5.353032256963146, 
        62.687187961963694
      ], 
      "pose_transform_permuted": [
        [
          0.026346282112877747, 
          -0.6842572365713689, 
          -0.7287646448741474, 
          0.0
        ], 
        [
          0.9941289526994311, 
          -0.05859924687001421, 
          0.09096017629160058, 
          0.0
        ], 
        [
          0.1049452182024535, 
          0.7268824956387246, 
          -0.6786960576800624, 
          0.0
        ], 
        [
          -40.18011464743308, 
          -5.353032256963146, 
          62.687187961963694, 
          1.0
        ]
      ], 
      "projected_cuboid": [
        [
          172.3138535087059, 
          267.98107909765525
        ], 
        [
          -4.925112051962922, 
          277.6721778739289
        ], 
        [
          82.8523724042524, 
          152.42183896043466
        ], 
        [
          220.44341375764114, 
          147.53925382628114
        ], 
        [
          198.10361580234084, 
          313.009099148254
        ], 
        [
          37.7170856027489, 
          322.9876679172114
        ], 
        [
          110.4945292282175, 
          197.7225820976309
        ], 
        [
          237.69986798710443, 
          192.2663523908822
        ]
      ], 
      "projected_cuboid_centroid": [
        136.91068911731696, 
        227.74490459827072
      ], 
      "quaternion_xyzw": [
        0.9286786437207845, 
        -0.0440261187705418, 
        0.031578861858631145, 
        0.3669065998951773
      ], 
      "visibility": 0.5857637117362897
    }, 
    {
      "bounding_box": {
        "bottom_right": [
          342, 
          286
        ], 
        "top_left": [
          223, 
          193
        ]
      }, 
      "class": "006_mustard_bottle", 
      "cuboid": [
        [
          -26.132003259031862, 
          6.705163745126145, 
          63.46049975877812
        ], 
        [
          -35.312476463506826, 
          5.209858026627589, 
          61.07532882981972
        ], 
        [
          -36.71175535308732, 
          -8.062041052777435, 
          74.7815117046997
        ], 
        [
          -27.531282148612355, 
          -6.566735334278878, 
          77.16668263365811
        ], 
        [
          -27.785683137309498, 
          10.80099667363298, 
          67.2577292576516
        ], 
        [
          -36.96615634178446, 
          9.305690955134423, 
          64.87255832869319
        ], 
        [
          -38.365435231364955, 
          -3.9662081242705995, 
          78.57874120357317
        ], 
        [
          -29.184962026889995, 
          -2.470902405772043, 
          80.96391213253158
        ]
      ], 
      "cuboid_centroid": [
        -32.24871924519841, 
        1.369477810427773, 
        71.01962048117565
      ], 
      "location": [
        -32.24871924519841, 
        1.369477810427773, 
        71.01962048117565
      ], 
      "pose_transform_permuted": [
        [
          0.28389840780236064, 
          -0.7031593371255539, 
          -0.6518960670387642, 
          0.0
        ], 
        [
          0.9560602943828459, 
          0.15572208464409362, 
          0.24839321129784772, 
          0.0
        ], 
        [
          0.07314540286126503, 
          0.6937704928773515, 
          -0.71647208825814, 
          0.0
        ], 
        [
          -32.24871924519841, 
          1.369477810427773, 
          71.01962048117565, 
          1.0
        ]
      ], 
      "projected_cuboid": [
        [
          260.15457936446944, 
          329.6364745126285
        ], 
        [
          170.67317255254892, 
          318.77985524025735
        ], 
        [
          217.59784509044624, 
          215.79045003453027
        ], 
        [
          289.7353433037842, 
          227.90207370558878
        ], 
        [
          259.4346385970495, 
          358.9329478051736
        ], 
        [
          175.16443763961382, 
          349.78895054494114
        ], 
        [
          219.03813420440852, 
          246.36759742312282
        ], 
        [
          287.74993367605856, 
          257.0103896779069
        ]
      ], 
      "projected_cuboid_centroid": [
        237.4081996911248, 
        283.5705880801409
      ], 
      "quaternion_xyzw": [
        0.9085327256487465, 
        0.02272253916991926, 
        0.14647012817290664, 
        0.39063849471409867
      ], 
      "visibility": 0.8546626331711167
    }, 
    {
      "bounding_box": {
        "bottom_right": [
          200, 
          205
        ], 
        "top_left": [
          132, 
          73
        ]
      }, 
      "class": "008_pudding_box", 
      "cuboid": [
        [
          -33.218153047391105, 
          -10.828351783524736, 
          59.40058103161754
        ], 
        [
          -44.48011798439509, 
          -10.527346675216181, 
          57.90061027685491
        ], 
        [
          -45.468566016081155, 
          -17.0297617948156, 
          64.0171843835646
        ], 
        [
          -34.20660107907716, 
          -17.33076690312415, 
          65.51715513832721
        ], 
        [
          -33.51634043788155, 
          -8.17642832618716, 
          62.1716011697197
        ], 
        [
          -44.778305374885555, 
          -7.875423217878606, 
          60.67163041495709
        ], 
        [
          -45.76675340657161, 
          -14.377838337478021, 
          66.78820452166676
        ], 
        [
          -34.504788469567615, 
          -14.678843445786576, 
          68.28817527642939
        ]
      ], 
      "cuboid_centroid": [
        -39.492453226981354, 
        -12.60309506050138, 
        63.09439277664215
      ], 
      "location": [
        -39.492453226981354, 
        -12.60309506050138, 
        63.09439277664215
      ],