{
  "camera_data": {
    "location_worldframe": [
      -15.974069575858223, 
      -19.16706343308901, 
      60.71023542199681
    ], 
    "quaternion_xyzw_worldframe": [
      0.8665865268173659, 
      0.017519642736720534, 
      0.14695260917216918, 
      -0.47657797186711665
    ]
  }, 
  "objects": [
    {
      "bounding_box": {
        "bottom_right": [
          341, 
          301
        ], 
        "top_left": [
          94, 
          68
        ]
      }, 
      "class": "003_cracker_box", 
      "cuboid": [
        [
          -15.046016543036156, 
          0.04530934556402008, 
          43.16667715668125
        ], 
        [
          -30.665259750423356, 
          2.60705815280126, 
          38.85914882081815
        ], 
        [
          -36.25810547748109, 
          -15.7356397646209, 
          48.2303310797396
        ], 
        [
          -20.638862270093895, 
          -18.297388571858143, 
          52.5378594156027
        ], 
        [
          -16.17404043498774, 
          3.5410838016128556, 
          49.335917027732265
        ], 
        [
          -31.793283642374938, 
          6.102832608850097, 
          45.02838869186916
        ], 
        [
          -37.38612936943267, 
          -12.239865308572067, 
          54.39957095079061
        ], 
        [
          -21.766886162045477, 
          -14.801614115809308, 
          58.707099286653715
        ]
      ], 
      "cuboid_centroid": [
        -26.216072956234417, 
        -6.097277981504023, 
        48.78312405373593
      ], 
      "location": [
        -26.216072956234417, 
        -6.097277981504023, 
        48.78312405373593
      ], 
      "pose_transform_permuted": [
        [
          0.15710639539285276, 
          -0.486876676828239, 
          -0.8592256293240763, 
          0.0
        ], 
        [
          0.9521838223172222, 
          -0.1561699077672395, 
          0.26259651259172584, 
          0.0
        ], 
        [
          0.2620373046801336, 
          0.8593963354987397, 
          -0.4390608038612742, 
          0.0
        ], 
        [
          -26.216072956234417, 
          -6.097277981504023, 
          48.78312405373593, 
          1.0
        ]
      ], 
      "projected_cuboid": [
        [
          294.1560418687566, 
          273.84632999883456
        ], 
        [
          57.22664947260909, 
          309.0669194243253
        ], 
        [
          77.32233068842837, 
          99.28555867395043
        ], 
        [
          270.3429825959914, 
          87.547039745125
        ], 
        [
          305.2992014871434, 
          311.56553330220123
        ], 
        [
          101.89696326771329, 
          345.56894109800345
        ], 
        [
          112.01850828270624, 
          153.29000583334962
        ], 
        [
          282.20980077542634, 
          138.82255038158888
        ]
      ], 
      "projected_cuboid_centroid": [
        192.602442408806, 
        206.62828649281838
      ], 
      "quaternion_xyzw": [
        0.9579673516279194, 
        -0.10913921328756503, 
        0.10952954379691479, 
        0.24164118931507006
      ], 
      "visibility": 0.4910173364358636
    }, 
    {
      "bounding_box": {
        "bottom_right": [
          331, 
          347
        ], 
        "top_left": [
          175, 
          253
        ]
      }, 
      "class": "006_mustard_bottle", 
      "cuboid": [
        [
          -12.305276413793855, 
          4.2809287916831735, 
          55.27381609176678
        ], 
        [
          -20.835830957558674, 
          4.128832082803443, 
          50.86784587203004
        ], 
        [
          -25.385012237406123, 
          -11.921725970488168, 
          60.229751204033356
        ], 
        [
          -16.854457693641304, 
          -11.769629261608438, 
          64.6357214237701
        ], 
        [
          -14.592880221397971, 
          7.448906824536568, 
          59.59356612943905
        ], 
        [
          -23.123434765162788, 
          7.296810115656838, 
          55.18759590970232
        ], 
        [
          -27.672616045010233, 
          -8.753747937634774, 
          64.54950124170563
        ], 
        [
          -19.14206150124542, 
          -8.601651228755044, 
          68.95547146144236
        ]
      ], 
      "cuboid_centroid": [
        -19.988946229402046, 
        -2.2364095729758002, 
        59.9116586667362
      ], 
      "location": [
        -19.988946229402046, 
        -2.2364095729758002, 
        59.9116586667362
      ], 
      "pose_transform_permuted": [
        [
          0.39272841569424344, 
          -0.5438682125204733, 
          -0.7416007015073864, 
          0.0
        ], 
        [
          0.8883773534010487, 
          0.015839447600079673, 
          0.45884052940433, 
          0.0
        ], 
        [
          0.2378022707847227, 
          0.8390211155891236, 
          -0.4893808819367707, 
          0.0
        ], 
        [
          -19.988946229402046, 
          -2.2364095729758002, 
          59.9116586667362, 
          1.0
        ]
      ], 
      "projected_cuboid": [
        [
          361.8779081592769, 
          314.5918669816145
        ], 
        [
          261.3251079344704, 
          316.5749251272955
        ], 
        [
          254.94585602849722, 
          167.7225966043109
        ], 
        [
          341.3693329854007, 
          176.17346128617714
        ], 
        [
          349.9129560492888, 
          339.94890005780155
        ], 
        [
          256.27558190150205, 
          343.8011466577836
        ], 
        [
          251.05559469802566, 
          200.96149887999778
        ], 
        [
          332.3136013199106, 
          206.75912615062288
        ]
      ], 
      "projected_cuboid_centroid": [
        302.17729879902004, 
        253.37854264626975
      ], 
      "quaternion_xyzw": [
        0.9312624724664846, 
        -0.059586537025583676, 
        0.22860605099955347, 
        0.27737859223529227
      ], 
      "visibility": 0.36067202601391024
    }, 
    {
      "bounding_box": {
        "bottom_right": [
          177, 
          260
        ], 
        "top_left": [
          72, 
          109
        ]
      }, 
      "class": "008_pudding_box", 
      "cuboid": [
        [
          -18.878295533893862, 
          -11.136546050546462, 
          45.61894201162575
        ], 
        [
          -29.578340140080194, 
          -9.604326362363915, 
          42.10700254240837
        ], 
        [
          -31.980294296869133, 
          -17.29926568189752, 
          46.06799178743169
        ], 
        [
          -21.2802496906828, 
          -18.831485370080067, 
          49.57993125664907
        ], 
        [
          -19.66802288829954, 
          -9.221363448297696, 
          48.860634880319445
        ], 
        [
          -30.368067494485867, 
          -7.68914376011515, 
          45.34869541110207
        ], 
        [
          -32.7700216512748, 
          -15.384083079648756, 
          49.30968465612539
        ], 
        [
          -22.069977045088475, 
          -16.9163027678313, 
          52.82162412534277
        ]
      ], 
      "cuboid_centroid": [
        -25.824158592584332, 
        -13.260314565097609, 
        47.464313333875566
      ], 
      "location": [
        -25.824158592584332, 
        -13.260314565097609, 
        47.464313333875566
      ],