{
  "camera_data": {
    "location_worldframe": [
      -13.276283041295892, 
      -17.911849865718754, 
      61.62756560811336
    ], 
    "quaternion_xyzw_worldframe": [
      0.8558138148885621, 
      0.02904441984903009, 
      0.16445970856583575, 
      -0.48958416629990437
    ]
  }, 
  "objects": [
    {
      "bounding_box": {
        "bottom_right": [
          358, 
          339
        ], 
        "top_left": [
          111, 
          122
        ]
      }, 
      "class": "003_cracker_box", 
      "cuboid": [
        [
          -11.735311251086344, 
          1.8273048016340263, 
          44.72359049102224
        ], 
        [
          -27.17069595007121, 
          4.411285390063995, 
          39.80931951761051
        ], 
        [
          -33.020021820619604, 
          -14.243700164845219, 
          48.372639431794326
        ], 
        [
          -17.58463712163474, 
          -16.82768075327519, 
          53.28691040520606
        ], 
        [
          -13.16158021851164, 
          5.127460912740049, 
          50.938662816412496
        ], 
        [
          -28.59696491749651, 
          7.711441501170017, 
          46.024391843000764
        ], 
        [
          -34.446290788044905, 
          -10.943544053739197, 
          54.587711757184586
        ], 
        [
          -19.010906089060033, 
          -13.527524642169164, 
          59.50198273059632
        ]
      ], 
      "cuboid_centroid": [
        -23.090801019565625, 
        -4.558119626052585, 
        49.655651124103414
      ], 
      "location": [
        -23.090801019565625, 
        -4.558119626052585, 
        49.655651124103414
      ], 
      "pose_transform_permuted": [
        [
          0.19864470773327586, 
          -0.45963178133802896, 
          -0.8656089796632147, 
          0.0
        ], 
        [
          0.9409753985177084, 
          -0.1575252066195552, 
          0.2995848939180782, 
          0.0
        ], 
        [
          0.2740539718267209, 
          0.8740277082927616, 
          -0.40121064998639056, 
          0.0
        ], 
        [
          -23.090801019565625, 
          -4.558119626052585, 
          49.655651124103414, 
          1.0
        ]
      ], 
      "projected_cuboid": [
        [
          340.4897013912706, 
          295.0767704836696
        ], 
        [
          114.56184220884028, 
          332.38387785023554
        ], 
        [
          114.5098104370024, 
          116.24643589147082
        ], 
        [
          304.1353803185542, 
          104.8674718950475
        ], 
        [
          342.6490899475567, 
          326.97022666726747
        ], 
        [
          147.46079622137293, 
          362.64486738819534
        ], 
        [
          142.25374186720254, 
          166.36858584018088
        ], 
        [
          309.7812610934301, 
          152.03858165427056
        ]
      ], 
      "projected_cuboid_centroid": [
        231.5268021699574, 
        224.33069098357814
      ], 
      "quaternion_xyzw": [
        0.9592460693786664, 
        -0.11247874560638635, 
        0.1298492684922006, 
        0.22435391157818715
      ], 
      "visibility": 0.5115071507150715
    }, 
    {
      "bounding_box": {
        "bottom_right": [
          342, 
          373
        ], 
        "top_left": [
          186, 
          277
        ]
      }, 
      "class": "006_mustard_bottle", 
      "cuboid": [
        [
          -9.563419878836774, 
          5.714051123076443, 
          57.0609444710655
        ], 
        [
          -17.890754813083294, 
          5.6368397829863675, 
          52.28019148518088
        ], 
        [
          -22.71575455953463, 
          -10.719687473410529, 
          60.94876282894228
        ], 
        [
          -14.38841962528811, 
          -10.642476133320454, 
          65.72951581482688
        ], 
        [
          -12.064227730290211, 
          8.734497712101124, 
          61.36818475669319
        ], 
        [
          -20.391562664536732, 
          8.657286372011049, 
          56.587431770808585
        ], 
        [
          -25.216562410988065, 
          -7.699240884385848, 
          65.25600311456998
        ], 
        [
          -16.889227476741546, 
          -7.622029544295773, 
          70.0367561004546
        ]
      ], 
      "cuboid_centroid": [
        -17.389991144912422, 
        -0.9925948806547027, 
        61.15847379281774
      ], 
      "location": [
        -17.389991144912422, 
        -0.9925948806547027, 
        61.15847379281774
      ], 
      "pose_transform_permuted": [
        [
          0.4293305957055823, 
          -0.5185404918691351, 
          -0.7394530677760279, 
          0.0
        ], 
        [
          0.8672139345474623, 
          0.008040837862282333, 
          0.4978706440566222, 
          0.0
        ], 
        [
          0.25222030639331117, 
          0.8550152399848585, 
          -0.45313778968046764, 
          0.0
        ], 
        [
          -17.389991144912422, 
          -0.9925948806547027, 
          61.15847379281774, 
          1.0
        ]
      ], 
      "projected_cuboid": [
        [
          391.46776707841497, 
          326.6928632959948
        ], 
        [
          297.56935388247865, 
          330.7889487045665
        ], 
        [
          281.17109041142066, 
          179.48612285095047
        ], 
        [
          363.87865520867683, 
          186.93505851334828
        ], 
        [
          375.87930016777506, 
          349.1936011852077
        ], 
        [
          287.81112891817565, 
          354.87886714057487
        ], 
        [
          273.7915145049812, 
          210.36273414402095
        ], 
        [
          351.91632242795737, 
          215.2459055219375
        ]
      ], 
      "projected_cuboid_centroid": [
        328.68757139811726, 
        264.63082348793944
      ], 
      "quaternion_xyzw": [
        0.9302798291788806, 
        -0.06561989760289544, 
        0.24917267113611571, 
        0.2611252687288896
      ], 
      "visibility": 0.18119992547046768
    }, 
    {
      "bounding_box": {
        "bottom_right": [
          197, 
          300
        ], 
        "top_left": [
          92, 
          152
        ]
      }, 
      "class": "008_pudding_box", 
      "cuboid": [
        [
          -15.580350397491289, 
          -9.449385042064891, 
          46.66934450298786
        ], 
        [
          -26.127990707507426, 
          -7.8848755506182115, 
          42.7359026864137
        ], 
        [
          -28.638797223531547, 
          -15.712098964627605, 
          46.35547931470663
        ], 
        [
          -18.09115691351541, 
          -17.276608456074285, 
          50.28892113128079
        ], 
        [
          -16.527232388066512, 
          -7.638375531481984, 
          49.92876552484052
        ], 
        [
          -27.074872698082654, 
          -6.073866040035304, 
          45.99532370826637
        ], 
        [
          -29.585679214106776, 
          -13.901089454044696, 
          49.614900336559295
        ], 
        [
          -19.038038904090637, 
          -15.465598945491376, 
          53.54834215313345
        ]
      ], 
      "cuboid_centroid": [
        -22.58301480579903, 
        -11.675237248054794, 
        48.14212241977358
      ], 
      "location": [
        -22.58301480579903, 
        -11.675237248054794, 
        48.14212241977358
      ],