{
  "camera_data": {
    "location_worldframe": [
      -27.50070749630175, 
      -11.62059596136653, 
      81.7622510464746
    ], 
    "quaternion_xyzw_worldframe": [
      0.9417051162182456, 
      0.0160063941018677, 
      0.005820557983824599, 
      -0.33600840700789336
    ]
  }, 
  "objects": [
    {
      "bounding_box": {
        "bottom_right": [
          323, 
          248
        ], 
        "top_left": [
          181, 
          39
        ]
      }, 
      "class": "003_cracker_box", 
      "cuboid": [
        [
          -33.33441651801188, 
          0.8910056488835811, 
          59.69008615545997
        ], 
        [
          -49.7277206706745, 
          1.2305908939660999, 
          59.218518019584955
        ], 
        [
          -50.47784819554539, 
          -13.312182885227413, 
          74.82295926719225
        ], 
        [
          -34.08454404288277, 
          -13.651768130309932, 
          75.29452740306726
        ], 
        [
          -33.366385265954754, 
          6.144283634797743, 
          64.58441409061177
        ], 
        [
          -49.759689418617384, 
          6.483868879880261, 
          64.11284595473676
        ], 
        [
          -50.509816943488275, 
          -8.058904899313251, 
          79.71728720234404
        ], 
        [
          -34.116512790825645, 
          -8.39849014439577, 
          80.18885533821907
        ]
      ], 
      "cuboid_centroid": [
        -41.922116730750076, 
        -3.5839496252148355, 
        69.70368667890202
      ], 
      "location": [
        -41.922116730750076, 
        -3.5839496252148355, 
        69.70368667890202
      ], 
      "pose_transform_permuted": [
        [
          0.004452471964790261, 
          -0.7316543330795197, 
          -0.6816612886026062, 
          0.0
        ], 
        [
          0.9993723000041724, 
          -0.020701872195208137, 
          0.028747842910091914, 
          0.0
        ], 
        [
          0.03514514870893004, 
          0.6813614087792, 
          -0.7311028991521304, 
          0.0
        ], 
        [
          -41.922116730750076, 
          -3.5839496252148355, 
          69.70368667890202, 
          1.0
        ]
      ], 
      "projected_cuboid": [
        [
          181.27835767829887, 
          281.2475042301372
        ], 
        [
          30.01908707392881, 
          284.3691899047265
        ], 
        [
          118.80507686614406, 
          178.4005845657899
        ], 
        [
          238.1605009646378, 
          176.58953303404223
        ], 
        [
          203.77088373004406, 
          324.0242714289848
        ], 
        [
          64.22407450480452, 
          327.2222851294469
        ], 
        [
          140.86342081713585, 
          219.3713590716434
        ], 
        [
          252.80426596938005, 
          217.42990747855129
        ]
      ], 
      "projected_cuboid_centroid": [
        158.16789335044072, 
        245.86488195008366
      ], 
      "quaternion_xyzw": [
        0.916841725352034, 
        -0.01522809754396129, 
        0.009052902468562513, 
        0.39885761952806087
      ], 
      "visibility": 0.6089767100678526
    }, 
    {
      "bounding_box": {
        "bottom_right": [
          353, 
          295
        ], 
        "top_left": [
          246, 
          205
        ]
      }, 
      "class": "006_mustard_bottle", 
      "cuboid": [
        [
          -28.297358733481037, 
          8.93743976174889, 
          68.74091779714445
        ], 
        [
          -37.55139471946893, 
          6.9915676174337085, 
          67.07284484363646
        ], 
        [
          -37.59377880832678, 
          -5.342306324287742, 
          81.69592566688048
        ], 
        [
          -28.33974282233888, 
          -3.39643417997256, 
          83.36399862038847
        ], 
        [
          -29.852033653131073, 
          13.230711305452141, 
          72.35758224541928
        ], 
        [
          -39.10606963911897, 
          11.284839161136958, 
          70.6895092919113
        ], 
        [
          -39.148453727976815, 
          -1.0490347805844908, 
          85.31259011515533
        ], 
        [
          -29.89441774198892, 
          0.896837363730691, 
          86.9806630686633
        ]
      ], 
      "cuboid_centroid": [
        -33.722906230728924, 
        3.9442024905821995, 
        77.02675395614989
      ], 
      "location": [
        -33.722906230728924, 
        3.9442024905821995, 
        77.02675395614989
      ], 
      "pose_transform_permuted": [
        [
          0.26690155702844387, 
          -0.7370549593854959, 
          -0.620897243721705, 
          0.0
        ], 
        [
          0.9637211690439249, 
          0.20264435761530533, 
          0.17371417392793365, 
          0.0
        ], 
        [
          0.0022155706610741746, 
          0.6447365032268476, 
          -0.7644016827908368, 
          0.0
        ], 
        [
          -33.722906230728924, 
          3.9442024905821995, 
          77.02675395614989, 
          1.0
        ]
      ], 
      "projected_cuboid": [
        [
          260.2252600805948, 
          342.6267766791377
        ], 
        [
          180.5245717776049, 
          328.8789306425076
        ], 
        [
          234.1357499175048, 
          238.41140120093903
        ], 
        [
          298.7832140019919, 
          251.5579154212384
        ], 
        [
          259.73573737160575, 
          370.80496272023584
        ], 
        [
          184.10119819281624, 
          358.4254189534049
        ], 
        [
          234.82657789639427, 
          266.72864551611246
        ], 
        [
          296.7727457593623, 
          278.78547202174707
        ]
      ], 
      "projected_cuboid_centroid": [
        246.15983961721045, 
        300.5954964949589
      ], 
      "quaternion_xyzw": [
        0.8985202997139905, 
        0.055766349134802516, 
        0.1225948181406226, 
        0.41775813041014875
      ], 
      "visibility": 0.8807439824945296
    }, 
    {
      "bounding_box": {
        "bottom_right": [
          222, 
          224
        ], 
        "top_left": [
          161, 
          105
        ]
      }, 
      "class": "008_pudding_box", 
      "cuboid": [
        [
          -34.99112518393249, 
          -9.049537099344603, 
          66.33649694681326
        ], 
        [
          -46.32936086152007, 
          -9.2091744510321, 
          65.5675377683749
        ], 
        [
          -46.690387642785645, 
          -15.302838126111407, 
          72.15599990912054
        ], 
        [
          -35.35215196519806, 
          -15.14320077442391, 
          72.92495908755888
        ], 
        [
          -35.20735243668946, 
          -6.22380687154505, 
          68.93816195293098
        ], 
        [
          -46.545588114277045, 
          -6.383444223232548, 
          68.16920277449266
        ], 
        [
          -46.90661489554262, 
          -12.477107898311855, 
          74.75766491523828
        ], 
        [
          -35.568379217955034, 
          -12.317470546624358, 
          75.52662409367662
        ]
      ], 
      "cuboid_centroid": [
        -40.94887003973755, 
        -10.763322498828229, 
        70.54708093102576
      ], 
      "location": [
        -40.94887003973755, 
        -10.763322498828229, 
        70.54708093102576
      ],