{
  "camera_data": {
    "location_worldframe": [
      -17.888310294508628, 
      -19.504618938635307, 
      60.68040098634425
    ], 
    "quaternion_xyzw_worldframe": [
      0.8760398973359427, 
      0.0055482945244518045, 
      0.13682377635704804, 
      -0.4623894383305266
    ]
  }, 
  "objects": [
    {
      "bounding_box": {
        "bottom_right": [
          334, 
          277
        ], 
        "top_left": [
          90, 
          36
        ]
      }, 
      "class": "003_cracker_box", 
      "cuboid": [
        [
          -17.222632352931477, 
          -0.8479435902030603, 
          42.53546725700617
        ], 
        [
          -32.92921382263466, 
          1.8332035249373186, 
          38.63766475178513
        ], 
        [
          -38.5009218580577, 
          -16.12603419210423, 
          48.73595160338476
        ], 
        [
          -22.794340388354524, 
          -18.80718130724461, 
          52.6337541086058
        ], 
        [
          -18.102954661664672, 
          2.850135921542614, 
          48.6265786574401
        ], 
        [
          -33.80953613136785, 
          5.531283036682994, 
          44.72877615221906
        ], 
        [
          -39.38124416679089, 
          -12.427954680358555, 
          54.8270630038187
        ], 
        [
          -23.67466269708772, 
          -15.109101795498933, 
          58.724865509039724
        ]
      ], 
      "cuboid_centroid": [
        -28.30193825986119, 
        -6.637949135280808, 
        48.681265130412434
      ], 
      "location": [
        -28.30193825986119, 
        -6.637949135280808, 
        48.681265130412434
      ], 
      "pose_transform_permuted": [
        [
          0.12260756682175213, 
          -0.515052869103114, 
          -0.8483442264710122, 
          0.0
        ], 
        [
          0.9575081571356494, 
          -0.16344869430560705, 
          0.2376187142219332, 
          0.0
        ], 
        [
          0.2610469566509867, 
          0.8414303692869913, 
          -0.47312727681334854, 
          0.0
        ], 
        [
          -28.30193825986119, 
          -6.637949135280808, 
          48.681265130412434, 
          1.0
        ]
      ], 
      "projected_cuboid": [
        [
          263.8561444334962, 
          262.65482399678984
        ], 
        [
          23.284009982179082, 
          298.59043111442475
        ], 
        [
          56.76879043263509, 
          96.81866261241598
        ], 
        [
          248.70514872336466, 
          82.71988991929628
        ], 
        [
          281.3954941150376, 
          304.54584808767163
        ], 
        [
          75.112618701176, 
          339.238299180675
        ], 
        [
          95.33132860074574, 
          152.39602795471617
        ], 
        [
          264.7999487947626, 
          136.07072996182396
        ]
      ], 
      "projected_cuboid_centroid": [
        168.9559742076729, 
        200.56557938564887
      ], 
      "quaternion_xyzw": [
        0.9548930244919653, 
        -0.11113696510204361, 
        0.09431063789457923, 
        0.2587148823404085
      ], 
      "visibility": 0.5131227343345417
    }, 
    {
      "bounding_box": {
        "bottom_right": [
          327, 
          331
        ], 
        "top_left": [
          173, 
          238
        ]
      }, 
      "class": "006_mustard_bottle", 
      "cuboid": [
        [
          -14.038434401049745, 
          3.7066162027506997, 
          54.41618351604261
        ], 
        [
          -22.70476725963519, 
          3.5586663358777977, 
          50.28352657028723
        ], 
        [
          -27.19911657518842, 
          -12.12681149819848, 
          60.26988451154285
        ], 
        [
          -18.532783716602978, 
          -11.978861631325577, 
          64.40254145729823
        ], 
        [
          -16.14078990663522, 
          7.039893617043493, 
          58.70556801648974
        ], 
        [
          -24.80712276522066, 
          6.89194375017059, 
          54.572911070734364
        ], 
        [
          -29.301472080773895, 
          -8.793534083905687, 
          64.55926901198998
        ], 
        [
          -20.635139222188453, 
          -8.645584217032784, 
          68.69192595774535
        ]
      ], 
      "cuboid_centroid": [
        -21.66995324091182, 
        -2.5434589405774934, 
        59.487726264016295
      ], 
      "location": [
        -21.66995324091182, 
        -2.5434589405774934, 
        59.487726264016295
      ], 
      "pose_transform_permuted": [
        [
          0.3609255869351736, 
          -0.5722462751780645, 
          -0.736387644383381, 
          0.0
        ], 
        [
          0.9025173931078188, 
          0.015407592846898289, 
          0.430377511936561, 
          0.0
        ], 
        [
          0.2349360043471741, 
          0.8199370431357826, 
          -0.5220232936901714, 
          0.0
        ], 
        [
          -21.66995324091182, 
          -2.5434589405774934, 
          59.487726264016295, 
          1.0
        ]
      ], 
      "projected_cuboid": [
        [
          342.8632513364094, 
          309.61416848576175
        ], 
        [
          238.77784582317324, 
          311.0306378158533
        ], 
        [
          238.9102557865494, 
          165.9781184311105
        ], 
        [
          326.8475202895383, 
          174.0891872632298
        ], 
        [
          333.7416556499642, 
          337.2415128886918
        ], 
        [
          237.1465212500181, 
          340.63879198371563
        ], 
        [
          237.52247538763766, 
          200.64377104801707
        ], 
        [
          320.0520953401652, 
          206.16279226297567
        ]
      ], 
      "projected_cuboid_centroid": [
        285.7025232374248, 
        250.48391049519643
      ], 
      "quaternion_xyzw": [
        0.9298981235365223, 
        -0.05901947910846968, 
        0.2127391912197615, 
        0.2941907132543153
      ], 
      "visibility": 0.4689382360873865
    }, 
    {
      "bounding_box": {
        "bottom_right": [
          171, 
          235
        ], 
        "top_left": [
          67, 
          80
        ]
      }, 
      "class": "008_pudding_box", 
      "cuboid": [
        [
          -21.144383923581618, 
          -11.887689263036714, 
          45.447176141128985
        ], 
        [
          -31.92528458633368, 
          -10.290457286116004, 
          42.223296258991255
        ], 
        [
          -34.31741593685965, 
          -17.822734232063517, 
          46.491014889968326
        ], 
        [
          -23.536515274107586, 
          -19.419966208984228, 
          49.71489477210606
        ], 
        [
          -21.80264304808767, 
          -9.863082309234619, 
          48.651521309305046
        ], 
        [
          -32.583543710839734, 
          -8.265850332313907, 
          45.42764142716732
        ], 
        [
          -34.9756750613657, 
          -15.798127278261424, 
          49.69536005814439
        ], 
        [
          -24.19477439861364, 
          -17.395359255182132, 
          52.91923994028211
        ]
      ], 
      "cuboid_centroid": [
        -28.06002949247366, 
        -13.842908270649069, 
        47.57126809963669
      ], 
      "location": [
        -28.06002949247366, 
        -13.842908270649069, 
        47.57126809963669
      ],