{
  "camera_data": {
    "location_worldframe": [
      -27.55990539360309, 
      -12.781533227244049, 
      79.133555388049
    ], 
    "quaternion_xyzw_worldframe": [
      0.9371111179304852, 
      0.013452981809978757, 
      0.021926776397333536, 
      -0.348081925537634
    ]
  }, 
  "objects": [
    {
      "bounding_box": {
        "bottom_right": [
          322, 
          240
        ], 
        "top_left": [
          171, 
          24
        ]
      }, 
      "class": "003_cracker_box", 
      "cuboid": [
        [
          -32.574655013586735, 
          0.3930922376655932, 
          57.246715210354004
        ], 
        [
          -48.94095644817927, 
          1.0024581761166065, 
          56.32423692211827
        ], 
        [
          -50.35283014512644, 
          -13.929803954441045, 
          71.50935158992957
        ], 
        [
          -33.9865287105339, 
          -14.539169892892057, 
          72.43182987816532
        ], 
        [
          -32.66737814084454, 
          5.516444097865175, 
          62.27613522395434
        ], 
        [
          -49.03367957543708, 
          6.125810036316189, 
          61.353656935718604
        ], 
        [
          -50.445553272384245, 
          -8.806452094241463, 
          76.53877160352991
        ], 
        [
          -34.07925183779171, 
          -9.415818032692476, 
          77.46124989176565
        ]
      ], 
      "cuboid_centroid": [
        -41.51010414298549, 
        -4.206679928287935, 
        66.89274340694196
      ], 
      "location": [
        -41.51010414298549, 
        -4.206679928287935, 
        66.89274340694196
      ], 
      "pose_transform_permuted": [
        [
          0.012914084885049915, 
          -0.7135587719624042, 
          -0.7004763417611527, 
          0.0
        ], 
        [
          0.9977261542233847, 
          -0.03714830358680793, 
          0.0562363291764052, 
          0.0
        ], 
        [
          0.0661494337859091, 
          0.6996098073184279, 
          -0.711456513016555, 
          0.0
        ], 
        [
          -41.51010414298549, 
          -4.206679928287935, 
          66.89274340694196, 
          1.0
        ]
      ], 
      "projected_cuboid": [
        [
          175.5973747020616, 
          276.94864833255826
        ], 
        [
          14.32601822204645, 
          282.7785543113195
        ], 
        [
          102.9341439543231, 
          169.39750705803823
        ], 
        [
          229.26695039095932, 
          166.2338231739482
        ], 
        [
          199.50922826192155, 
          320.5281925298495
        ], 
        [
          51.81749515324712, 
          326.5354332930331
        ], 
        [
          127.16489255232177, 
          211.92347633672884
        ], 
        [
          245.00657490465647, 
          208.45876725184476
        ]
      ], 
      "projected_cuboid_centroid": [
        147.88911741846007, 
        239.7477014556169
      ], 
      "quaternion_xyzw": [
        0.9216577867222417, 
        -0.02801954772716732, 
        0.018757074224745533, 
        0.3865358990908231
      ], 
      "visibility": 0.5927112368432
    }, 
    {
      "bounding_box": {
        "bottom_right": [
          350, 
          290
        ], 
        "top_left": [
          238, 
          198
        ]
      }, 
      "class": "006_mustard_bottle", 
      "cuboid": [
        [
          -27.67754231800662, 
          8.119946406611085, 
          66.64609868794047
        ], 
        [
          -36.908404647712764, 
          6.364024658631553, 
          64.66771872565057
        ], 
        [
          -37.551883212105054, 
          -6.34582416656669, 
          78.95080010755711
        ], 
        [
          -28.321020882398912, 
          -4.589902418587158, 
          80.92918006984702
        ], 
        [
          -29.270155814268506, 
          12.341078085378728, 
          70.33053704231754
        ], 
        [
          -38.50101814397465, 
          10.585156337399196, 
          68.35215708002764
        ], 
        [
          -39.14449670836694, 
          -2.1246924877990474, 
          82.6352384619342
        ], 
        [
          -29.9136343786608, 
          -0.3687707398195149, 
          84.61361842422409
        ]
      ], 
      "cuboid_centroid": [
        -33.41101951318678, 
        2.997626959406019, 
        74.64066857493734
      ], 
      "location": [
        -33.41101951318678, 
        2.997626959406019, 
        74.64066857493734
      ], 
      "pose_transform_permuted": [
        [
          0.2734147290370491, 
          -0.724670220922313, 
          -0.6325324485069332, 
          0.0
        ], 
        [
          0.9613078498006572, 
          0.18286280302721739, 
          0.20602974236949267, 
          0.0
        ], 
        [
          0.03363696770925598, 
          0.664390079452722, 
          -0.7466286739257557, 
          0.0
        ], 
        [
          -33.41101951318678, 
          2.997626959406019, 
          74.64066857493734, 
          1.0
        ]
      ], 
      "projected_cuboid": [
        [
          258.2683723940574, 
          338.26448145000717
        ], 
        [
          174.6740421815256, 
          325.7711322290133
        ], 
        [
          225.81686718027967, 
          230.41993884906276
        ], 
        [
          293.4075191080916, 
          243.0392916536651
        ], 
        [
          257.7904943878014, 
          366.8694807139291
        ], 
        [
          178.68838132376453, 
          355.8775110659216
        ], 
        [
          226.8570548199125, 
          259.5739846803175
        ], 
        [
          291.48020008130857, 
          270.9621762426404
        ]
      ], 
      "projected_cuboid_centroid": [
        240.8805209204535, 
        294.7050647847953
      ], 
      "quaternion_xyzw": [
        0.9025284452249015, 
        0.04133549366435086, 
        0.13280591707197348, 
        0.4075491754948053
      ], 
      "visibility": 0.8649752114319044
    }, 
    {
      "bounding_box": {
        "bottom_right": [
          214, 
          214
        ], 
        "top_left": [
          151, 
          91
        ]
      }, 
      "class": "008_pudding_box", 
      "cuboid": [
        [
          -34.56860955439297, 
          -9.690592625225683, 
          63.57738284827733
        ], 
        [
          -45.8814627443826, 
          -9.651869205180976, 
          62.48640907170908
        ], 
        [
          -46.521169610201376, 
          -15.909309565129098, 
          68.89781499937637
        ], 
        [
          -35.208316420211744, 
          -15.948032985173805, 
          69.9887887759446
        ], 
        [
          -34.81652721471392, 
          -6.930812692151303, 
          66.2461499613641
        ], 
        [
          -46.129380404703554, 
          -6.892089272106595, 
          65.15517618479586
        ], 
        [
          -46.76908727052233, 
          -13.149529632054719, 
          71.56658211246312
        ], 
        [
          -35.45623408053269, 
          -13.188253052099425, 
          72.65755588903137
        ]
      ], 
      "cuboid_centroid": [
        -40.66884841245765, 
        -11.420061128640201, 
        67.57198248037022
      ], 
      "location": [
        -40.66884841245765, 
        -11.420061128640201, 
        67.57198248037022
      ],