{
  "camera_data": {
    "location_worldframe": [
      -7.842096659645062, 
      -9.095181627749136, 
      72.33162005443869
    ], 
    "quaternion_xyzw_worldframe": [
      -0.8286569149003636, 
      -0.08290549476964502, 
      -0.1988467354863866, 
      0.5166377997119992
    ]
  }, 
  "objects": [
    {
      "bounding_box": {
        "bottom_right": [
          425, 
          421
        ], 
        "top_left": [
          213, 
          238
        ]
      }, 
      "class": "003_cracker_box", 
      "cuboid": [
        [
          -5.769027547810447, 
          11.698729770294495, 
          56.805243175671315
        ], 
        [
          -20.671762211740756, 
          13.563195156237317, 
          50.209003030841295
        ], 
        [
          -26.117753883156684, 
          -5.922877249621496, 
          57.005156652919844
        ], 
        [
          -11.215019219226376, 
          -7.787342635564317, 
          63.60139679774988
        ], 
        [
          -8.145116098075352, 
          14.512466031196809, 
          62.96880456421336
        ], 
        [
          -23.047850762005663, 
          16.37693141713963, 
          56.37256441938332
        ], 
        [
          -28.49384243342159, 
          -3.1091409887191848, 
          63.16871804146188
        ], 
        [
          -13.591107769491279, 
          -4.9736063746620065, 
          69.7649581862919
        ]
      ], 
      "cuboid_centroid": [
        -17.131434990616018, 
        4.294794390787655, 
        59.9869806085666
      ], 
      "location": [
        -17.131434990616018, 
        4.294794390787655, 
        59.9869806085666
      ], 
      "pose_transform_permuted": [
        [
          0.3309315608736869, 
          -0.39188528247547055, 
          -0.8584347543039168, 
          0.0
        ], 
        [
          0.9085038671124108, 
          -0.11366195878975417, 
          0.4021214773745256, 
          0.0
        ], 
        [
          0.25515686441775404, 
          0.9129659821171854, 
          -0.31841496515915046, 
          0.0
        ], 
        [
          -17.131434990616018, 
          4.294794390787655, 
          59.9869806085666, 
          1.0
        ]
      ], 
      "projected_cuboid": [
        [
          426.98282472398864, 
          383.12079510151483
        ], 
        [
          260.1919578349692, 
          417.3546761747018
        ], 
        [
          235.21254725046919, 
          217.87424528001355
        ], 
        [
          386.7715762865182, 
          207.98699209855334
        ], 
        [
          412.036428899703, 
          396.2010888945073
        ], 
        [
          261.7329391689659, 
          428.22251307800485
        ], 
        [
          239.02505457330088, 
          247.03674492665664
        ], 
        [
          376.8337479358839, 
          235.26570707218258
        ]
      ], 
      "projected_cuboid_centroid": [
        328.01925574703023, 
        311.4697892646903
      ], 
      "quaternion_xyzw": [
        0.9591538723705276, 
        -0.09613129702953205, 
        0.19106763246351918, 
        0.1851371995921597
      ], 
      "visibility": 0.5730441415447882
    }, 
    {
      "bounding_box": {
        "bottom_right": [
          399, 
          420
        ], 
        "top_left": [
          258, 
          338
        ]
      }, 
      "class": "006_mustard_bottle", 
      "cuboid": [
        [
          -5.337548761384568, 
          14.957831743047784, 
          69.50275019471974
        ], 
        [
          -13.022875024652347, 
          14.628511038822445, 
          63.75528328214855
        ], 
        [
          -17.632431925147408, 
          -2.507785468449936, 
          70.90091570904637
        ], 
        [
          -9.947105661879629, 
          -2.1784647642245956, 
          76.64838262161757
        ], 
        [
          -8.535260951530905, 
          17.539307797094235, 
          73.6307127086666
        ], 
        [
          -16.22058721479868, 
          17.209987092868893, 
          67.8832457960954
        ], 
        [
          -20.83014411529374, 
          0.07369058559651698, 
          75.02887822299323
        ], 
        [
          -13.144817852025964, 
          0.40301128982185713, 
          80.77634513556443
        ]
      ], 
      "cuboid_centroid": [
        -13.083846438339156, 
        7.51576116432215, 
        72.26581420885648
      ], 
      "location": [
        -13.083846438339156, 
        7.51576116432215, 
        72.26581420885648
      ], 
      "pose_transform_permuted": [
        [
          0.5489728763817784, 
          -0.44317945156775085, 
          -0.7086752403360775, 
          0.0
        ], 
        [
          0.8003547449064445, 
          0.03429566672822197, 
          0.598544844693846, 
          0.0
        ], 
        [
          0.24095832432640973, 
          0.8957766181624522, 
          -0.37352822690025567, 
          0.0
        ], 
        [
          -13.083846438339156, 
          7.51576116432215, 
          72.26581420885648, 
          1.0
        ]
      ], 
      "projected_cuboid": [
        [
          440.2988232225405, 
          388.0633571432246
        ], 
        [
          371.75152789834027, 
          395.6555560142317
        ], 
        [
          347.85990448061654, 
          254.42287328343863
        ], 
        [
          411.8083100551934, 
          258.1287762613385
        ], 
        [
          419.2595464397729, 
          400.3266816843456
        ], 
        [
          353.0992630572833, 
          408.4954991192005
        ], 
        [
          332.2985289056871, 
          273.81034472524885
        ], 
        [
          394.08617653170114, 
          275.9473889117459
        ]
      ], 
      "projected_cuboid_centroid": [
        384.2339949281577, 
        328.7526342989239
      ], 
      "quaternion_xyzw": [
        0.9226059022417121, 
        -0.05599971154965702, 
        0.31094471601781165, 
        0.22130458857991311
      ], 
      "visibility": 0.03018438999747411
    }, 
    {
      "bounding_box": {
        "bottom_right": [
          295, 
          393
        ], 
        "top_left": [
          203, 
          274
        ]
      }, 
      "class": "008_pudding_box", 
      "cuboid": [
        [
          -8.990465806328904, 
          0.09691180902250997, 
          57.67362012911739
        ], 
        [
          -19.092483183302257, 
          1.205718000567553, 
          52.58518576011958
        ], 
        [
          -21.436622794869635, 
          -6.975537989241771, 
          55.45624316332493
        ], 
        [
          -11.334605417896285, 
          -8.084344180786815, 
          60.54467753232273
        ], 
        [
          -10.439384904018878, 
          1.6394918503139566, 
          60.88628983105549
        ], 
        [
          -20.54140228099223, 
          2.748298041859, 
          55.79785546205769
        ], 
        [
          -22.88554189255961, 
          -5.4329579479503245, 
          58.66891286526303
        ], 
        [
          -12.783524515586258, 
          -6.541764139495368, 
          63.75734723426084
        ]
      ], 
      "cuboid_centroid": [
        -15.938003849444257, 
        -2.6680230694639073, 
        58.17126649719021
      ], 
      "location": [
        -15.938003849444257, 
        -2.6680230694639073, 
        58.17126649719021
      ],