{
  "camera_data": {
    "location_worldframe": [
      -14.914833553652429, 
      -18.917026974908524, 
      61.08569349498091
    ], 
    "quaternion_xyzw_worldframe": [
      0.8628271684232381, 
      0.029013439570698633, 
      0.15471853653067838, 
      -0.4803646634504922
    ]
  }, 
  "objects": [
    {
      "bounding_box": {
        "bottom_right": [
          342, 
          314
        ], 
        "top_left": [
          98, 
          87
        ]
      }, 
      "class": "003_cracker_box", 
      "cuboid": [
        [
          -13.808777397721423, 
          0.4322916050396669, 
          43.70373481728065
        ], 
        [
          -29.347849571570638, 
          2.8112542150786584, 
          39.01802371189892
        ], 
        [
          -34.92173928680168, 
          -15.673310246397751, 
          48.11781366872541
        ], 
        [
          -19.382667112952458, 
          -18.05227285643674, 
          52.803524774107146
        ], 
        [
          -15.14106126538719, 
          3.8677287823739666, 
          49.86613602391184
        ], 
        [
          -30.680133439236407, 
          6.2466913924129575, 
          45.18042491853011
        ], 
        [
          -36.25402315446745, 
          -12.23787306906345, 
          54.280214875356606
        ], 
        [
          -20.71495098061823, 
          -14.616835679102442, 
          58.965925980738334
        ]
      ], 
      "cuboid_centroid": [
        -25.031400276094434, 
        -5.902790732011892, 
        48.99197484631863
      ], 
      "location": [
        -25.031400276094434, 
        -5.902790732011892, 
        48.99197484631863
      ], 
      "pose_transform_permuted": [
        [
          0.1855548606571548, 
          -0.47847315591499456, 
          -0.8582731690757024, 
          0.0
        ], 
        [
          0.9472964177138279, 
          -0.14502685444486454, 
          0.2856513757648942, 
          0.0
        ], 
        [
          0.26114917321916337, 
          0.8660430997118869, 
          -0.42634546880244184, 
          0.0
        ], 
        [
          -25.031400276094434, 
          -5.902790732011892, 
          48.99197484631863, 
          1.0
        ]
      ], 
      "projected_cuboid": [
        [
          311.6833615960207, 
          278.56182119400364
        ], 
        [
          77.11175695178054, 
          311.71229058347313
        ], 
        [
          91.31219543476493, 
          99.56951615103958
        ], 
        [
          284.19924409878246, 
          90.95722045436663
        ], 
        [
          318.3135546884746, 
          314.6519949128807
        ], 
        [
          116.42405765096514, 
          347.02384469353086
        ], 
        [
          122.42183003642526, 
          153.04572133983714
        ], 
        [
          292.6785524641697, 
          141.08400606145025
        ]
      ], 
      "projected_cuboid_centroid": [
        206.83806159617922, 
        209.02960809407773
      ], 
      "quaternion_xyzw": [
        0.9580726337941994, 
        -0.105987796054531, 
        0.12295681449431402, 
        0.23610386958192708
      ], 
      "visibility": 0.5156113467317406
    }, 
    {
      "bounding_box": {
        "bottom_right": [
          333, 
          356
        ], 
        "top_left": [
          176, 
          261
        ]
      }, 
      "class": "006_mustard_bottle", 
      "cuboid": [
        [
          -11.434606854708973, 
          4.61754093888505, 
          55.90543352383972
        ], 
        [
          -19.847867538721843, 
          4.38061471694942, 
          51.28299061576522
        ], 
        [
          -24.41002870998513, 
          -11.797760837271545, 
          60.41576595836475
        ], 
        [
          -15.996768025972258, 
          -11.560834615335915, 
          65.03820886643925
        ], 
        [
          -13.874582366555108, 
          7.7227005043095724, 
          60.18725089033492
        ], 
        [
          -22.28784305056798, 
          7.485774282373943, 
          55.56480798226042
        ], 
        [
          -26.850004221831263, 
          -8.692601271847021, 
          64.69758332485995
        ], 
        [
          -18.436743537818394, 
          -8.455675049911392, 
          69.32002623293445
        ]
      ], 
      "cuboid_centroid": [
        -19.14230553827012, 
        -2.0375301664809857, 
        60.301508424349834
      ], 
      "location": [
        -19.14230553827012, 
        -2.0375301664809857, 
        60.301508424349834
      ], 
      "pose_transform_permuted": [
        [
          0.4188870965832535, 
          -0.5330837414037204, 
          -0.7350885433247046, 
          0.0
        ], 
        [
          0.8761622965530984, 
          0.02467364682033816, 
          0.4813841322806133, 
          0.0
        ], 
        [
          0.23848077697371517, 
          0.8457026017944936, 
          -0.4774034230418094, 
          0.0
        ], 
        [
          -19.14230553827012, 
          -2.0375301664809857, 
          60.301508424349834, 
          1.0
        ]
      ], 
      "projected_cuboid": [
        [
          371.60561144400583, 
          317.33637095074295
        ], 
        [
          273.46823603602746, 
          318.8429220149094
        ], 
        [
          264.32207628788296, 
          169.14191956473582
        ], 
        [
          349.32887790033715, 
          178.48657953204057
        ], 
        [
          357.62976624978916, 
          341.71743244807993
        ], 
        [
          265.8921928880145, 
          345.1361522420214
        ], 
        [
          258.42078635528645, 
          201.6310873644249
        ], 
        [
          338.57033037690286, 
          208.23207481813574
        ]
      ], 
      "projected_cuboid_centroid": [
        310.8875229282451, 
        255.26618048988902
      ], 
      "quaternion_xyzw": [
        0.9296442117380573, 
        -0.057497031513175464, 
        0.24210101496268258, 
        0.27174029367545055
      ], 
      "visibility": 0.30108408490480093
    }, 
    {
      "bounding_box": {
        "bottom_right": [
          179, 
          276
        ], 
        "top_left": [
          76, 
          127
        ]
      }, 
      "class": "008_pudding_box", 
      "cuboid": [
        [
          -17.54671705898304, 
          -10.818298868713303, 
          45.98092242700234
        ], 
        [
          -28.174545595641558, 
          -9.407212647589116, 
          42.208593324893315
        ], 
        [
          -30.569273212827696, 
          -17.162649007807456, 
          46.054291857526856
        ], 
        [
          -19.94144467616918, 
          -18.573735228931646, 
          49.826620959635875
        ], 
        [
          -18.444771202811737, 
          -8.937530134771654, 
          49.21455414279376
        ], 
        [
          -29.072599739470256, 
          -7.526443913647466, 
          45.44222504068474
        ], 
        [
          -31.467327356656394, 
          -15.281880273865807, 
          49.287923573318274
        ], 
        [
          -20.839498819997875, 
          -16.692966494989996, 
          53.0602526754273
        ]
      ], 
      "cuboid_centroid": [
        -24.507022207819716, 
        -13.050089571289556, 
        47.63442300016031
      ], 
      "location": [
        -24.507022207819716, 
        -13.050089571289556, 
        47.63442300016031
      ],