{
  "camera_data": {
    "location_worldframe": [
      -9.065211693454886, 
      -13.585636186932252, 
      66.9212294763304
    ], 
    "quaternion_xyzw_worldframe": [
      -0.8349339537395426, 
      -0.06223044918844357, 
      -0.1879637266043759, 
      0.5134995794737771
    ]
  }, 
  "objects": [
    {
      "bounding_box": {
        "bottom_right": [
          396, 
          401
        ], 
        "top_left": [
          167, 
          200
        ]
      }, 
      "class": "003_cracker_box", 
      "cuboid": [
        [
          -7.114012334860048, 
          7.074980964872236, 
          51.20230333949245
        ], 
        [
          -22.225536224028563, 
          9.28621598921859, 
          45.216453266081864
        ], 
        [
          -27.874451843786275, 
          -10.022718017803458, 
          52.34445207217886
        ], 
        [
          -12.762927954617757, 
          -12.233953042149812, 
          58.33030214558944
        ], 
        [
          -9.161057633135531, 
          9.977395165104287, 
          57.44233498140279
        ], 
        [
          -24.272581522304044, 
          12.188630189450642, 
          51.456484907992206
        ], 
        [
          -29.921497142061753, 
          -7.120303817571407, 
          58.584483714089195
        ], 
        [
          -14.809973252893238, 
          -9.33153884191776, 
          64.57033378749978
        ]
      ], 
      "cuboid_centroid": [
        -18.5177547384609, 
        -0.022661426349585012, 
        54.893393526790824
      ], 
      "location": [
        -18.5177547384609, 
        -0.022661426349585012, 
        54.893393526790824
      ], 
      "pose_transform_permuted": [
        [
          0.28510380880456737, 
          -0.4042359706996871, 
          -0.869085207673914, 
          0.0
        ], 
        [
          0.9212321228867969, 
          -0.13480180758873256, 
          0.3649107403630313, 
          0.0
        ], 
        [
          0.26466430429246407, 
          0.9046666527861474, 
          -0.33396265265758973, 
          0.0
        ], 
        [
          -18.5177547384609, 
          -0.022661426349585012, 
          54.893393526790824, 
          1.0
        ]
      ], 
      "projected_cuboid": [
        [
          406.8805113241068, 
          346.97904111183936
        ], 
        [
          217.26643732870045, 
          382.8157133783545
        ], 
        [
          195.22713637582547, 
          171.16851813615918
        ], 
        [
          363.9319248546304, 
          161.4303243672898
        ], 
        [
          395.8330213540183, 
          365.9210075291993
        ], 
        [
          227.9279545873763, 
          399.6153220732418
        ], 
        [
          206.93894287697015, 
          208.46737045967996
        ], 
        [
          358.254502120111, 
          196.2125612246298
        ]
      ], 
      "projected_cuboid_centroid": [
        300.1875852004563, 
        273.0663697302426
      ], 
      "quaternion_xyzw": [
        0.9611170562614705, 
        -0.10390672740608468, 
        0.1690778831082265, 
        0.19201579520102988
      ], 
      "visibility": 0.5417595420897658
    }, 
    {
      "bounding_box": {
        "bottom_right": [
          372, 
          410
        ], 
        "top_left": [
          224, 
          321
        ]
      }, 
      "class": "006_mustard_bottle", 
      "cuboid": [
        [
          -6.074864187504381, 
          10.382277784987426, 
          63.85209084088424
        ], 
        [
          -13.99756496217868, 
          10.221087280418773, 
          58.428909314656494
        ], 
        [
          -18.73735751335721, 
          -6.758454308450529, 
          65.85792469948653
        ], 
        [
          -10.814656738682913, 
          -6.5972638038818765, 
          71.28110622571427
        ], 
        [
          -9.032760132461826, 
          13.063728945066892, 
          68.09356789965621
        ], 
        [
          -16.95546090713612, 
          12.90253844049824, 
          62.670386373428464
        ], 
        [
          -21.695253458314657, 
          -4.077003148371064, 
          70.09940175825851
        ], 
        [
          -13.772552683640358, 
          -3.9158126438024117, 
          75.52258328448625
        ]
      ], 
      "cuboid_centroid": [
        -13.885058822909519, 
        3.152637318308181, 
        66.97574629957137
      ], 
      "location": [
        -13.885058822909519, 
        3.152637318308181, 
        66.97574629957137
      ], 
      "pose_transform_permuted": [
        [
          0.5078019998000437, 
          -0.4603428541074285, 
          -0.728163049894374, 
          0.0
        ], 
        [
          0.8250750768762255, 
          0.016786481243091678, 
          0.5647735591591903, 
          0.0
        ], 
        [
          0.24776621602482413, 
          0.887582467773665, 
          -0.388341686015745, 
          0.0
        ], 
        [
          -13.885058822909519, 
          3.152637318308181, 
          66.97574629957137, 
          1.0
        ]
      ], 
      "projected_cuboid": [
        [
          430.4344003492963, 
          360.00369927932604
        ], 
        [
          352.7672336315227, 
          366.58121131844825
        ], 
        [
          328.5968537786454, 
          218.55635856701824
        ], 
        [
          400.00836254506123, 
          223.92633345802253
        ], 
        [
          410.26150055417025, 
          375.6037272629661
        ], 
        [
          336.10511813319124, 
          383.0860273596233
        ], 
        [
          315.163028655874, 
          242.26850408757915
        ], 
        [
          383.5286113703944, 
          245.63415274585245
        ]
      ], 
      "projected_cuboid_centroid": [
        370.1106664455319, 
        298.39059897941894
      ], 
      "quaternion_xyzw": [
        0.9274724516857986, 
        -0.06226053786338816, 
        0.28911251137693955, 
        0.2287627353730512
      ], 
      "visibility": 0.023634971003392055
    }, 
    {
      "bounding_box": {
        "bottom_right": [
          252, 
          368
        ], 
        "top_left": [
          154, 
          236
        ]
      }, 
      "class": "008_pudding_box", 
      "cuboid": [
        [
          -10.587954628628657, 
          -4.436988176625142, 
          52.27015886504234
        ], 
        [
          -20.860970731166038, 
          -3.095998948842845, 
          47.59690960669352
        ], 
        [
          -23.289510647045578, 
          -11.201332449860713, 
          50.609661407965525
        ], 
        [
          -13.0164945445082, 
          -12.54232167764301, 
          55.282910666314336
        ], 
        [
          -11.863206499458354, 
          -2.8428620789813177, 
          55.53093499963801
        ], 
        [
          -22.13622260199573, 
          -1.5018728511990203, 
          50.8576857412892
        ], 
        [
          -24.564762517875273, 
          -9.607206352216888, 
          53.8704375425612
        ], 
        [
          -14.291746415337894, 
          -10.948195579999185, 
          58.54368680091001
        ]
      ], 
      "cuboid_centroid": [
        -17.576358573251966, 
        -7.022097264421015, 
        53.07029820380177
      ], 
      "location": [
        -17.576358573251966, 
        -7.022097264421015, 
        53.07029820380177
      ],