{
  "camera_data": {
    "location_worldframe": [
      -24.95118927491826, 
      -17.50040716673123, 
      68.8253911324062
    ], 
    "quaternion_xyzw_worldframe": [
      0.9147184759317407, 
      -0.00029842097984697735, 
      0.0713898524579817, 
      -0.3977389282122804
    ]
  }, 
  "objects": [
    {
      "bounding_box": {
        "bottom_right": [
          315, 
          227
        ], 
        "top_left": [
          122, 
          0
        ]
      }, 
      "class": "003_cracker_box", 
      "cuboid": [
        [
          -27.370219922703896, 
          -1.7562216782895503, 
          48.233570814738854
        ], 
        [
          -43.54228150423247, 
          -0.039927982188434075, 
          46.0895382032501
        ], 
        [
          -47.03541928278207, 
          -16.407482440267202, 
          59.33546952831331
        ], 
        [
          -30.863357701253502, 
          -18.123776136368317, 
          61.479502139802065
        ], 
        [
          -27.62366682461509, 
          2.7903905764069385, 
          53.78483006001807
        ], 
        [
          -43.79572840614367, 
          4.506684272508055, 
          51.64079744852932
        ], 
        [
          -47.28886618469327, 
          -11.860870185570711, 
          64.88672877359252
        ], 
        [
          -31.116804603164695, 
          -13.577163881671828, 
          67.03076138508128
        ]
      ], 
      "cuboid_centroid": [
        -37.329543053698586, 
        -6.808545931930131, 
        56.560149794165696
      ], 
      "location": [
        -37.329543053698586, 
        -6.808545931930131, 
        56.560149794165696
      ], 
      "pose_transform_permuted": [
        [
          0.03529901225218225, 
          -0.633232919693332, 
          -0.7731559022284433, 
          0.0
        ], 
        [
          0.9858848605524275, 
          -0.10462908286104401, 
          0.13070499896016669, 
          0.0
        ], 
        [
          0.1636613010688252, 
          0.7668564562134916, 
          -0.6206014454512205, 
          0.0
        ], 
        [
          -37.329543053698586, 
          -6.808545931930131, 
          56.560149794165696, 
          1.0
        ]
      ], 
      "projected_cuboid": [
        [
          176.4419834199835, 
          253.86795881343173
        ], 
        [
          -26.44603917350024, 
          272.82451610732375
        ], 
        [
          55.309786715422334, 
          125.81266163912856
        ], 
        [
          211.63386732501573, 
          116.06723076330734
        ], 
        [
          205.40368813595998, 
          300.95549105674297
        ], 
        [
          25.528068706047097, 
          319.82925413707824
        ], 
        [
          89.67947425254492, 
          175.79920177301747
        ], 
        [
          231.9579851980648, 
          165.26199473596452
        ]
      ], 
      "projected_cuboid_centroid": [
        126.67429874666043, 
        209.08708144475668
      ], 
      "quaternion_xyzw": [
        0.9388686301866681, 
        -0.07143980938966057, 
        0.044203205292774446, 
        0.33386842547270484
      ], 
      "visibility": 0.5599022433811034
    }, 
    {
      "bounding_box": {
        "bottom_right": [
          330, 
          287
        ], 
        "top_left": [
          199, 
          192
        ]
      }, 
      "class": "006_mustard_bottle", 
      "cuboid": [
        [
          -22.89652219874818, 
          4.59355577247434, 
          58.802462162104895
        ], 
        [
          -32.00346790805315, 
          3.635615370393614, 
          55.91248675666651
        ], 
        [
          -34.53771455941487, 
          -10.476963227887948, 
          68.57635089056254
        ], 
        [
          -25.430768850109896, 
          -9.519022825807221, 
          71.46632629600093
        ], 
        [
          -24.57447742109979, 
          8.482840589831165, 
          62.80088513453249
        ], 
        [
          -33.68142313040477, 
          7.524900187750438, 
          59.91090972909411
        ], 
        [
          -36.21566978176648, 
          -6.587678410531122, 
          72.57477386299014
        ], 
        [
          -27.10872407246151, 
          -5.629738008450397, 
          75.46474926842852
        ]
      ], 
      "cuboid_centroid": [
        -29.55609599025733, 
        -0.9970613190283917, 
        65.68861801254752
      ], 
      "location": [
        -29.55609599025733, 
        -0.9970613190283917, 
        65.68861801254752
      ], 
      "pose_transform_permuted": [
        [
          0.2880659202828495, 
          -0.6676998260918058, 
          -0.6864363112254047, 
          0.0
        ], 
        [
          0.9484030944638713, 
          0.09976052022766069, 
          0.3009638692192692, 
          0.0
        ], 
        [
          0.13247430061582546, 
          0.7377158725606497, 
          -0.6619862921907276, 
          0.0
        ], 
        [
          -29.55609599025733, 
          -0.9970613190283917, 
          65.68861801254752, 
          1.0
        ]
      ], 
      "projected_cuboid": [
        [
          272.2023376704296, 
          314.9486242236031
        ], 
        [
          173.7890196789305, 
          307.9647464887281
        ], 
        [
          210.758217119873, 
          191.80699599598424
        ], 
        [
          290.23768151200096, 
          202.25054734397895
        ], 
        [
          271.16580390958217, 
          345.3247743499919
        ], 
        [
          179.27053941017746, 
          340.27227813598086
        ], 
        [
          213.24646938529276, 
          224.87663303839483
        ], 
        [
          288.41950584568076, 
          233.5004185397634
        ]
      ], 
      "projected_cuboid_centroid": [
        239.63422360329588, 
        265.19149285567664
      ], 
      "quaternion_xyzw": [
        0.9182259087841517, 
        -0.008906789733117527, 
        0.16037169716820265, 
        0.36202586573798795
      ], 
      "visibility": 0.8278605850050431
    }, 
    {
      "bounding_box": {
        "bottom_right": [
          180, 
          195
        ], 
        "top_left": [
          101, 
          50
        ]
      }, 
      "class": "008_pudding_box", 
      "cuboid": [
        [
          -30.42799662317871, 
          -12.321445410975796, 
          53.209550753814185
        ], 
        [
          -41.5878764853858, 
          -11.465677130073178, 
          51.23544014567089
        ], 
        [
          -43.103631370530984, 
          -18.32677979196786, 
          56.829961402481935
        ], 
        [
          -31.943751508323892, 
          -19.182548072870475, 
          58.804072010625234
        ], 
        [
          -30.758016125213267, 
          -9.855726537469575, 
          56.14408375146554
        ], 
        [
          -41.91789598742036, 
          -8.999958256566957, 
          54.16997314332224
        ], 
        [
          -43.43365087256554, 
          -15.86106091846164, 
          59.76449440013328
        ], 
        [
          -32.27377101035845, 
          -16.716829199364255, 
          61.73860500827657
        ]
      ], 
      "cuboid_centroid": [
        -36.930823747872125, 
        -14.091253164718717, 
        56.487022576973736
      ], 
      "location": [
        -36.930823747872125, 
        -14.091253164718717, 
        56.487022576973736
      ],