{
  "camera_data": {
    "location_worldframe": [
      -28.379883662138226, 
      -13.562606737340294, 
      77.50227806754418
    ], 
    "quaternion_xyzw_worldframe": [
      0.9344981160452356, 
      0.008707607727079814, 
      0.029629236559886325, 
      -0.3546307114037701
    ]
  }, 
  "objects": [
    {
      "bounding_box": {
        "bottom_right": [
          321, 
          230
        ], 
        "top_left": [
          164, 
          7
        ]
      }, 
      "class": "003_cracker_box", 
      "cuboid": [
        [
          -32.967418405314405, 
          -0.004680811487355052, 
          55.75618576098498
        ], 
        [
          -49.312413098791154, 
          0.846588108369889, 
          54.66320571383944
        ], 
        [
          -51.099985332756226, 
          -14.28204689116387, 
          69.61253799677552
        ], 
        [
          -34.75499063927948, 
          -15.133315811021111, 
          70.70551804392106
        ], 
        [
          -33.045540063086975, 
          5.0463601274715675, 
          60.85846760095526
        ], 
        [
          -49.390534756563724, 
          5.897629047328811, 
          59.76548755380971
        ], 
        [
          -51.178106990528796, 
          -9.231005952204944, 
          74.71481983674579
        ], 
        [
          -34.83311229705205, 
          -10.082274872062188, 
          75.80779988389133
        ]
      ], 
      "cuboid_centroid": [
        -42.072762697921604, 
        -4.61784338184615, 
        65.23550279886538
      ], 
      "location": [
        -42.072762697921604, 
        -4.61784338184615, 
        65.23550279886538
      ], 
      "pose_transform_permuted": [
        [
          0.010880453988903097, 
          -0.7034876127744533, 
          -0.7106242286848208, 
          0.0
        ], 
        [
          0.9964272478725856, 
          -0.0518952476228914, 
          0.0666304958050265, 
          0.0
        ], 
        [
          0.08375174874628138, 
          0.7088103145038593, 
          -0.7004095820553001, 
          0.0
        ], 
        [
          -42.072762697921604, 
          -4.61784338184615, 
          65.23550279886538, 
          1.0
        ]
      ], 
      "projected_cuboid": [
        [
          163.62891655691348, 
          273.24176504015054
        ], 
        [
          -3.527084361247939, 
          281.5462441435122
        ], 
        [
          86.84442518312908, 
          163.86809822882805
        ], 
        [
          217.26149921921632, 
          159.1385350586991
        ], 
        [
          189.59657851412962, 
          317.50918744677244
        ], 
        [
          37.18586288329411, 
          325.91425330606234
        ], 
        [
          113.23983420817618, 
          207.3949751370441
        ], 
        [
          234.49855877441507, 
          202.3561767201832
        ]
      ], 
      "projected_cuboid_centroid": [
        134.77337741105492, 
        235.5342987575099
      ], 
      "quaternion_xyzw": [
        0.9241025093382857, 
        -0.03669695596495685, 
        0.0209692509788314, 
        0.37980017926664605
      ], 
      "visibility": 0.613025486180436
    }, 
    {
      "bounding_box": {
        "bottom_right": [
          347, 
          282
        ], 
        "top_left": [
          232, 
          188
        ]
      }, 
      "class": "006_mustard_bottle", 
      "cuboid": [
        [
          -28.069228026765554, 
          7.516534602911337, 
          65.3204397386809
        ], 
        [
          -37.300795282925115, 
          5.918547211995392, 
          63.21552403878174
        ], 
        [
          -38.279347669399655, 
          -6.985853059516536, 
          77.30380372240239
        ], 
        [
          -29.047780413240098, 
          -5.3878656686005915, 
          79.40871942230157
        ], 
        [
          -29.6444229223768, 
          11.705908075114598, 
          69.04835703073769
        ], 
        [
          -38.875990178536355, 
          10.107920684198653, 
          66.94344133083851
        ], 
        [
          -39.8545425650109, 
          -2.7964795873132746, 
          81.03172101445918
        ], 
        [
          -30.62297530885134, 
          -1.1984921963973298, 
          83.13663671435835
        ]
      ], 
      "cuboid_centroid": [
        -33.96188529588823, 
        2.3600275077990314, 
        73.17608037657004
      ], 
      "location": [
        -33.96188529588823, 
        2.3600275077990314, 
        73.17608037657004
      ], 
      "pose_transform_permuted": [
        [
          0.27042436006913706, 
          -0.7192180748348387, 
          -0.6399967717670452, 
          0.0
        ], 
        [
          0.9613812612880129, 
          0.1664154190477318, 
          0.21920725423126583, 
          0.0
        ], 
        [
          0.05115249651982633, 
          0.6745599919868293, 
          -0.7364456798097997, 
          0.0
        ], 
        [
          -33.96188529588823, 
          2.3600275077990314, 
          73.17608037657004, 
          1.0
        ]
      ], 
      "projected_cuboid": [
        [
          250.51134920296636, 
          334.65653361149094
        ], 
        [
          164.28536687544926, 
          323.2185314288625
        ], 
        [
          215.30673393652748, 
          225.09107977118768
        ], 
        [
          284.8825115862589, 
          237.10091134667064
        ], 
        [
          250.71968602435797, 
          363.701289088123
        ], 
        [
          169.3019695342482, 
          353.81350132325696
        ], 
        [
          217.1038722351461, 
          254.88118623546404
        ], 
        [
          283.5143117183537, 
          265.5982385279393
        ]
      ], 
      "projected_cuboid_centroid": [
        232.01442138500587, 
        290.48681545263497
      ], 
      "quaternion_xyzw": [
        0.904977627491681, 
        0.031841373484386225, 
        0.13526069579684272, 
        0.40212700027714754
      ], 
      "visibility": 0.8745644599303136
    }, 
    {
      "bounding_box": {
        "bottom_right": [
          209, 
          202
        ], 
        "top_left": [
          145, 
          74
        ]
      }, 
      "class": "008_pudding_box", 
      "cuboid": [
        [
          -35.17106395757922, 
          -10.149836990685912, 
          61.91685433654961
        ], 
        [
          -46.46940894807312, 
          -9.937261747112267, 
          60.7025303170724
        ], 
        [
          -47.26709162587571, 
          -16.277010114401442, 
          67.01459841610288
        ], 
        [
          -35.96874663538181, 
          -16.489585357975088, 
          68.2289224355801
        ], 
        [
          -35.410625945345025, 
          -7.425657196491149, 
          64.62270371375286
        ], 
        [
          -46.70897093583892, 
          -7.213081952917505, 
          63.40837969427564
        ], 
        [
          -47.50665361364151, 
          -13.552830320206679, 
          69.72044779330614
        ], 
        [
          -36.208308623147616, 
          -13.765405563780325, 
          70.93477181278334
        ]
      ], 
      "cuboid_centroid": [
        -41.33885878561037, 
        -11.851333655446297, 
        65.81865106492786
      ], 
      "location": [
        -41.33885878561037, 
        -11.851333655446297, 
        65.81865106492786
      ],